product_id,review_count,avg_review_rating,total_helpful_votes,verified_purchase_rate,image_review_rate,avg_images_per_review,rating_1_pct,rating_2_pct,rating_3_pct,rating_4_pct,rating_5_pct,price
967805929,16,4.4375,72,0.625,0,0,0.125,0,0,0.0625,0.8125,48.99
1926644743,7,4.428571429,1,1,0,0,0.142857143,0,0,0,0.857142857,
B00004YWK2,25,3.96,12,0.84,0,0,0.04,0.08,0.16,0.32,0.4,
B000056J8D,5,4.2,0,0.8,0,0,0.2,0,0,0,0.8,
B000063D2P,12,3.166666667,12,0.666666667,0,0,0.333333333,0.083333333,0.083333333,0.083333333,0.416666667,14.79
B00006IUV4,2,4.5,0,1,0,0,0,0,0,0.5,0.5,13.42
B00009V3UA,6,3,12,1,0,0,0.166666667,0.166666667,0.333333333,0.166666667,0.166666667,20.79
B00009V3UW,4,4,0,0.5,0,0,0,0,0.5,0,0.5,8.29
B00009V3UY,5,3.6,1,1,0,0,0,0.2,0.4,0,0.4,
B00009W3GR,5,2,19,0.8,0.4,1.2,0.6,0,0.2,0.2,0,
B00009W3GY,3,4,5,1,0,0,0,0.333333333,0,0,0.666666667,
B00009W3I4,91,4.362637363,57,0.934065934,0.043956044,0.043956044,0.043956044,0.076923077,0.043956044,0.142857143,0.692307692,40.99
B00009W3P7,4,5,0,1,0,0,0,0,0,0,1,14.99
B0000AXQSQ,3,3.333333333,0,1,0,0,0.333333333,0,0,0.333333333,0.333333333,16.55
B0000CF3HB,59,4.305084746,82,0.898305085,0,0,0.084745763,0.06779661,0.050847458,0.050847458,0.745762712,18.99
B0000CF4DJ,69,3.115942029,56,0.956521739,0.014492754,0.014492754,0.362318841,0.072463768,0.072463768,0.072463768,0.420289855,5.3
B0000DJ27C,4,5,2,1,0,0,0,0,0,0,1,14.99
B0001WXTM8,2,4,0,1,0,0,0,0,0.5,0,0.5,136.41
B0001YJ5EW,6,4.666666667,2,0.666666667,0,0,0,0,0.166666667,0,0.833333333,8.78
B00020O43W,7,3.428571429,10,1,0,0,0.142857143,0,0.428571429,0.142857143,0.285714286,18.98
B0002APVAW,10,4.3,4,1,0,0,0.1,0,0.1,0.1,0.7,73.26
B0002GTTOU,16,3.4375,14,1,0,0,0.1875,0.125,0.0625,0.3125,0.3125,53.58
B0002I20AS,7,5,10,1,0,0,0,0,0,0,1,
B0002KXMT4,15,3.4,44,0.2,0,0,0.266666667,0,0.2,0.133333333,0.4,
B0002TSA8S,3,5,6,1,0,0,0,0,0,0,1,12.99
B0002Z1EXA,5,3.6,0,0.8,0,0,0,0.2,0.2,0.4,0.2,31.42
B00067YLL6,7,4.428571429,2,1,0,0,0,0,0.142857143,0.285714286,0.571428571,169.99
B0006J09ZQ,3,4.666666667,0,1,0,0,0,0,0,0.333333333,0.666666667,
B0006OQCBQ,8,4.375,4,1,0,0,0,0.125,0,0.25,0.625,25.91
B0006TIEXK,5,4,22,0.8,0,0,0.2,0,0,0.2,0.6,
B0007Z2Q4Q,4,4.5,16,1,0,0,0,0,0.25,0,0.75,7.99
B00080FM9G,1,2,0,1,0,0,0,1,0,0,0,
B0008GQ28A,4,5,1,0.75,0,0,0,0,0,0,1,
B0009LBFUO,17,4.647058824,1,0.823529412,0,0,0,0.058823529,0.058823529,0.058823529,0.823529412,
B0009SS0X2,31,4.612903226,32,1,0,0,0,0.032258065,0.064516129,0.161290323,0.741935484,27.39
B000AMUV5M,10,1.8,19,0.9,0,0,0.6,0.2,0.1,0,0.1,
B000B7VBSM,1,4,0,1,0,0,0,0,0,1,0,
B000BIVIGQ,5,4.4,2,0.6,0,0,0,0,0,0.6,0.4,7.55
B000BP7MMS,9,4.222222222,4,0.888888889,0.111111111,0.333333333,0.111111111,0,0.111111111,0.111111111,0.666666667,13.31
B000BQM1YQ,5,2.2,0,0.8,0,0,0.4,0.4,0,0,0.2,
B000BQQ3HM,3,5,0,1,0,0,0,0,0,0,1,23.35
B000BQQVRY,4,4.5,0,1,0,0,0,0,0.25,0,0.75,13.09
B000BQRGMS,17,4.294117647,2,0.941176471,0.058823529,0.058823529,0.058823529,0.058823529,0.058823529,0.176470588,0.647058824,9.52
B000BQRGOQ,6,4.333333333,7,1,0.166666667,0.333333333,0,0.166666667,0,0.166666667,0.666666667,
B000BQT3QK,5,4.4,4,1,0,0,0,0,0.2,0.2,0.6,9.96
B000BQWN2G,16,4.8125,11,0.8125,0,0,0,0,0.0625,0.0625,0.875,17.64
B000BWI086,10,5,8,1,0,0,0,0,0,0,1,12.99
B000CMD256,3,4,1,1,0,0,0,0,0.333333333,0.333333333,0.333333333,328.86
B000CMFKOC,22,4,4,0.909090909,0.045454545,0.045454545,0.090909091,0.090909091,0.045454545,0.272727273,0.5,11.81
B000CMHLMG,118,4.271186441,92,0.923728814,0,0,0.06779661,0.042372881,0.06779661,0.194915254,0.627118644,39.97
B000CQXZTA,18,3.5,14,0.944444444,0,0,0.277777778,0.055555556,0,0.222222222,0.444444444,38.7
B000DZFTC6,146,3.602739726,397,0.945205479,0.04109589,0.04109589,0.123287671,0.123287671,0.198630137,0.136986301,0.417808219,15.99
B000DZH7O4,7,4.285714286,2,0.857142857,0,0,0,0,0.142857143,0.428571429,0.428571429,19.39
B000EOWA7I,2,1.5,0,0.5,0,0,0.5,0.5,0,0,0,
B000FG8TNE,28,3.857142857,8,0.964285714,0,0,0.142857143,0.071428571,0.107142857,0.142857143,0.535714286,7.49
B000FIZMDC,9,2.888888889,7,0.777777778,0,0,0.333333333,0.111111111,0.222222222,0,0.333333333,
B000FKGGWQ,3,4.333333333,0,1,0,0,0,0,0.333333333,0,0.666666667,6.47
B000FKGPH2,11,4.636363636,93,0.909090909,0.090909091,0.181818182,0,0.090909091,0,0.090909091,0.818181818,
B000FNJ5N0,46,4,8,0.913043478,0.02173913,0.02173913,0.065217391,0.108695652,0.130434783,0.152173913,0.543478261,25.97
B000FNJ5QW,5,4,0,1,0,0,0.2,0,0,0.2,0.6,
B000FNKVJW,3,3.666666667,4,1,0.333333333,0.333333333,0.333333333,0,0,0,0.666666667,
B000FNKVKG,10,2.7,2,1,0,0,0.3,0.1,0.3,0.2,0.1,42.77
B000FP8LEM,4,5,1,1,0,0,0,0,0,0,1,15.79
B000FPDO4Y,13,4.384615385,1,1,0,0,0.153846154,0,0,0,0.846153846,11.42
B000GDC3QU,4,4.5,0,1,0,0,0,0,0,0.5,0.5,19.58
B000H4NBJQ,7,3.428571429,5,0.857142857,0,0,0.142857143,0.142857143,0.285714286,0,0.428571429,29.99
B000H5WXNK,8,3.75,7,0.875,0.125,0.125,0.25,0,0,0.25,0.5,7.1
B000H5XY5G,5,2.8,19,1,0,0,0.4,0,0.2,0.2,0.2,
B000HEA8J2,8,4.25,8,1,0,0,0,0.25,0,0,0.75,28.59
B000HJFN38,8,4.375,0,1,0,0,0,0.125,0,0.25,0.625,
B000HM8G3O,17,4.117647059,2,0.941176471,0,0,0,0.176470588,0.058823529,0.235294118,0.529411765,10.69
B000HM9LU6,11,4.363636364,6,1,0,0,0,0.090909091,0.090909091,0.181818182,0.636363636,
B000HM9MBY,24,4.333333333,7,0.958333333,0,0,0.125,0,0,0.166666667,0.708333333,28.41
B000HM9TKS,12,3.583333333,4,1,0,0,0.166666667,0.166666667,0.083333333,0.083333333,0.5,9.43
B000I1EJ7Q,11,3.545454545,10,1,0,0,0.181818182,0.090909091,0.181818182,0.090909091,0.454545455,21.65
B000IBEYOO,32,4.90625,4,0.96875,0.125,0.15625,0,0,0,0.09375,0.90625,
B000IBM7TS,8,4.75,3,1,0,0,0,0,0,0.25,0.75,14.99
B000IF3VVM,7,2.714285714,14,0.571428571,0,0,0.285714286,0.142857143,0.285714286,0.142857143,0.142857143,
B000IGKTWK,1,5,0,1,0,0,0,0,0,0,1,17.5
B000JNR7WW,3,4.666666667,0,1,0,0,0,0,0,0.333333333,0.666666667,29.28
B000KDO1U2,5,3.8,4,1,0,0,0.2,0,0.2,0,0.6,
B000KKIPPC,5,3.6,6,1,0,0,0.2,0.2,0,0,0.6,17.6
B000KKMBDY,9,4.555555556,5,1,0,0,0,0,0.222222222,0,0.777777778,11.35
B000KKMFRG,6,4.333333333,1,1,0,0,0,0,0.166666667,0.333333333,0.5,24.18
B000KKO4ZM,4,3.5,8,1,0,0,0.25,0,0.25,0,0.5,53.18
B000KKO574,7,2.285714286,10,1,0.142857143,0.285714286,0.428571429,0.285714286,0,0.142857143,0.142857143,7.12
B000KKO5GK,6,3.833333333,2,1,0,0,0.166666667,0.166666667,0,0,0.666666667,20.15
B000KQ2CWS,14,4,10,1,0,0,0.214285714,0,0,0.142857143,0.642857143,14.84
B000LBJ6GC,1,3,0,1,0,0,0,0,1,0,0,
B000LNKL0A,9,3.777777778,0,1,0,0,0.111111111,0,0.222222222,0.333333333,0.333333333,
B000LNMINS,6,4.666666667,1,1,0,0,0,0,0,0.333333333,0.666666667,29.95
B000LO7FNK,8,4,4,1,0,0,0,0.125,0.25,0.125,0.5,29.29
B000LRHCLW,2,3,1,1,0,0,0.5,0,0,0,0.5,12
B000ML9RK6,27,4.666666667,4,1,0,0,0,0,0.074074074,0.185185185,0.740740741,6.25
B000MYI3SU,7,3.428571429,4,1,0,0,0.285714286,0.142857143,0,0,0.571428571,
B000N4NO4C,13,3.769230769,24,0.846153846,0,0,0.076923077,0.153846154,0.076923077,0.307692308,0.384615385,
B000NCWO36,7,4.714285714,1,1,0,0,0,0,0,0.285714286,0.714285714,
B000NCWUWQ,26,4.5,5,1,0.038461538,0.038461538,0.076923077,0,0.038461538,0.115384615,0.769230769,30.12
B000NO139A,10,3.9,0,1,0,0,0.1,0.1,0.1,0.2,0.5,
B000NO40RM,6,3.666666667,2,1,0,0,0,0.166666667,0.333333333,0.166666667,0.333333333,11.99
B000NY6U7K,7,4.714285714,0,0.857142857,0,0,0,0,0,0.285714286,0.714285714,13.26
B000P0GKV8,7,3,5,1,0,0,0.285714286,0.142857143,0.142857143,0.142857143,0.285714286,5.34
B000PJ6TVK,5,4.2,0,1,0.2,0.4,0.2,0,0,0,0.8,
B000PJ6X6Q,4,5,4,0.75,0,0,0,0,0,0,1,34.51
B000QU6V2A,1,4,0,1,0,0,0,0,0,1,0,
B000SDMQQ0,2,4,19,0,0,0,0,0,0.5,0,0.5,
B000UEX256,16,4.0625,21,1,0.0625,0.0625,0.125,0,0.125,0.1875,0.5625,15.99
B000UOG7CG,4,5,1,1,0,0,0,0,0,0,1,
B000UVUY6Y,3,4.666666667,11,1,0,0,0,0,0,0.333333333,0.666666667,
B000UVYNLQ,35,3.628571429,50,0.971428571,0,0,0.2,0.114285714,0.028571429,0.171428571,0.485714286,18.75
B000VTW3KA,1,1,8,0,0,0,1,0,0,0,0,
B000VX44OO,23,3.956521739,13,0.913043478,0.086956522,0.347826087,0.173913043,0.043478261,0.043478261,0.130434783,0.608695652,28.99
B000VYMXAU,24,3.708333333,4,1,0.083333333,0.083333333,0.25,0,0.083333333,0.125,0.541666667,5.98
B000W3QQ3U,1,5,0,1,0,0,0,0,0,0,1,54.95
B000WMTBD8,46,4.260869565,136,0.956521739,0,0,0.065217391,0.043478261,0.086956522,0.173913043,0.630434783,8.99
B000XP3298,23,4.565217391,6,0.956521739,0,0,0.043478261,0.043478261,0,0.130434783,0.782608696,
B000XPT0DK,42,3.976190476,42,1,0.023809524,0.023809524,0.071428571,0.071428571,0.119047619,0.285714286,0.452380952,18.5
B000XTJRRA,26,4.153846154,53,1,0.038461538,0.038461538,0.115384615,0.038461538,0.076923077,0.115384615,0.653846154,21.86
B000XXWOGW,8,3.875,3,1,0,0,0.25,0,0,0.125,0.625,12.7
B000XXYUSM,16,4,0,0.9375,0,0,0.125,0.0625,0.0625,0.1875,0.5625,33.95
B000XYN5RS,8,2.375,96,0.75,0,0,0.375,0.125,0.375,0,0.125,24.9
B000YHA7O8,4,2.75,48,0.75,0,0,0.5,0,0,0.25,0.25,6.84
B000ZIKT94,6,4,2,1,0,0,0,0.166666667,0,0.5,0.333333333,50.32
B0011Z9WIY,14,3.714285714,4,0.928571429,0,0,0.142857143,0.071428571,0.142857143,0.214285714,0.428571429,
B00126IUZI,9,3,4,1,0,0,0.333333333,0.222222222,0,0,0.444444444,3.78
B00126NABC,69,4.014492754,47,0.985507246,0.014492754,0.014492754,0.115942029,0.101449275,0.028985507,0.15942029,0.594202899,36.99
B0012GR0Z4,10,4.8,3,0.9,0,0,0,0,0.1,0,0.9,
B0013ECT7Y,11,4.272727273,3,1,0,0,0.090909091,0,0,0.363636364,0.545454545,32.38
B00147DFP0,3,5,0,1,0,0,0,0,0,0,1,
B0014E57GS,11,4.363636364,6,1,0,0,0,0.090909091,0.090909091,0.181818182,0.636363636,2.39
B0014Y35L2,15,4.133333333,24,1,0.066666667,0.2,0.133333333,0,0.066666667,0.2,0.6,28.26
B0015MNAGS,4,4.75,0,1,0,0,0,0,0,0.25,0.75,
B0015S4JUI,5,3.6,2,1,0,0,0.2,0,0.2,0.2,0.4,15.38
B001685ULE,43,4.651162791,19,0.976744186,0,0,0.046511628,0,0.023255814,0.11627907,0.813953488,34.99
B0016CBMYY,8,4.625,3,1,0,0,0,0,0.125,0.125,0.75,29.99
B0016GTAWQ,4,1,54,0,0,0,1,0,0,0,0,
B0016LFWFK,11,2.818181818,12,1,0,0,0.272727273,0,0.454545455,0.181818182,0.090909091,
B0019MOKY0,8,1.875,22,0,0,0,0.625,0.125,0.125,0,0.125,
B001A5B346,3,1.666666667,5,0,0.333333333,0.333333333,0.333333333,0.666666667,0,0,0,
B001AAAYXC,8,4.375,17,0.75,0,0,0,0,0.25,0.125,0.625,17.25
B001AAAYZU,14,4.571428571,10,0.857142857,0,0,0,0.071428571,0.071428571,0.071428571,0.785714286,19.95
B001AAAZ04,1,5,0,1,0,0,0,0,0,0,1,34.69
B001AAAZ1I,10,3.2,3,1,0,0,0.2,0.1,0.2,0.3,0.2,34.53
B001AAEG54,17,3.647058824,82,0.882352941,0,0,0.176470588,0.176470588,0,0.117647059,0.529411765,20
B001AAEG68,25,4,7,0.92,0,0,0.04,0.08,0.16,0.28,0.44,6.82
B001AAEGB8,4,4.5,4,1,0,0,0,0,0.25,0,0.75,
B001AAHW6O,6,4,0,1,0,0,0.166666667,0,0,0.333333333,0.5,
B001AAHW7S,3,5,0,1,0,0,0,0,0,0,1,
B001AH3K72,19,3.789473684,26,1,0.052631579,0.105263158,0.157894737,0.105263158,0.052631579,0.157894737,0.526315789,
B001AH5J8A,10,4.3,4,1,0,0,0.1,0,0.1,0.1,0.7,20.09
B001AH7HAI,1,5,0,1,0,0,0,0,0,0,1,19.45
B001AHASUY,3,5,0,1,0,0,0,0,0,0,1,27.11
B001AHASV8,10,4.7,4,0.9,0,0,0,0,0.1,0.1,0.8,31.51
B001AQI7P8,5,2.6,1,1,0,0,0.4,0.2,0,0.2,0.2,
B001AQZI64,29,2.896551724,406,0.931034483,0.103448276,0.137931034,0.344827586,0.137931034,0.137931034,0.034482759,0.344827586,10.97
B001AXMGS0,5,1.4,28,0,0,0,0.8,0,0.2,0,0,
B001AZ61Y8,3,2,1,1,0,0,0.333333333,0.333333333,0.333333333,0,0,14.11
B001D07MCU,15,4.733333333,3,0.866666667,0,0,0,0,0,0.266666667,0.733333333,31.43
B001D20V4E,1,5,0,1,0,0,0,0,0,0,1,
B001DEEU1C,20,4.05,6,0.95,0,0,0.2,0,0,0.15,0.65,
B001DHIOSY,1,5,0,1,0,0,0,0,0,0,1,46.74
B001DHKBP8,4,4,1,0.5,0,0,0.25,0,0,0,0.75,
B001DHKBXU,32,4.28125,4,0.96875,0,0,0.09375,0.0625,0.0625,0.03125,0.75,35.15
B001DHKCNY,4,4.5,3,1,0,0,0,0,0.25,0,0.75,23.9
B001DHLGOS,70,4.314285714,30,0.985714286,0,0,0.1,0.028571429,0.071428571,0.057142857,0.742857143,29.03
B001DHLKT4,19,5,3,1,0,0,0,0,0,0,1,5.67
B001DHNG50,7,3.428571429,8,1,0,0,0.142857143,0.142857143,0.285714286,0,0.428571429,30.73
B001DHNKFG,2,5,0,1,0,0,0,0,0,0,1,72.2
B001DHNN1M,2,5,0,1,0,0,0,0,0,0,1,29.96
B001DHNV3W,6,4.333333333,8,1,0,0,0,0.166666667,0,0.166666667,0.666666667,14.29
B001DHPCIO,16,4.625,6,0.9375,0,0,0.0625,0,0,0.125,0.8125,29.75
B001DPFN7G,8,4.25,27,1,0,0,0,0.125,0,0.375,0.5,25.13
B001DPLRU8,7,4.142857143,0,1,0,0,0.142857143,0,0,0.285714286,0.571428571,
B001DPLZFK,2,4.5,0,1,0,0,0,0,0,0.5,0.5,50.95
B001DPOMMI,41,4.195121951,14,0.975609756,0,0,0.048780488,0.073170732,0.073170732,0.243902439,0.56097561,59.95
B001DPOZWU,13,4.384615385,7,1,0,0,0,0,0.230769231,0.153846154,0.615384615,27.5
B001DPP2G8,2,5,0,1,0,0,0,0,0,0,1,21.55
B001DPPU6A,2,5,1,1,0,0,0,0,0,0,1,
B001DPPYAC,3,4.666666667,0,1,0,0,0,0,0,0.333333333,0.666666667,
B001DPTFIE,5,5,1,1,0,0,0,0,0,0,1,
B001DPTWGY,5,5,1,1,0,0,0,0,0,0,1,
B001DPUSLM,4,4.75,2,1,0,0,0,0,0,0.25,0.75,83.93
B001DPUWJU,4,4.25,0,1,0,0,0,0.25,0,0,0.75,
B001DPV5GY,4,4.25,0,1,0,0,0,0.25,0,0,0.75,138.36
B001DPV8HK,3,2.666666667,5,1,0,0,0.333333333,0.333333333,0,0,0.333333333,
B001DPXZBM,31,4.225806452,8,0.935483871,0,0,0.129032258,0.032258065,0.032258065,0.096774194,0.709677419,
B001DXO0V8,5,4,16,0.8,0,0,0,0,0.4,0.2,0.4,962.48
B001E0KAXC,5,3.8,5,1,0,0,0,0.2,0.2,0.2,0.4,
B001E0LFYU,4,4.25,1,1,0,0,0,0,0,0.75,0.25,11.99
B001E0RCKG,4,4.5,5,1,0,0,0,0,0.25,0,0.75,23.96
B001E5E0SI,1,5,0,1,0,0,0,0,0,0,1,22.74
B001E6DMHW,3,4.666666667,3,1,0,0,0,0,0,0.333333333,0.666666667,
B001E6FNNS,4,3.25,0,1,0,0,0.25,0,0.25,0.25,0.25,38.86
B001E8G0SI,3,3.333333333,0,1,0,0,0.333333333,0,0,0.333333333,0.333333333,29.17
B001E9O2DW,1,5,0,1,0,0,0,0,0,0,1,
B001EO5O2U,1,5,0,1,0,0,0,0,0,0,1,33
B001ET5ZPQ,5,3.2,0,1,0,0,0.4,0,0,0.2,0.4,
B001EY4VUG,5,5,0,1,0,0,0,0,0,0,1,74.99
B001EY66CM,8,4.875,2,1,0,0,0,0,0,0.125,0.875,38
B001EY8GNO,3,4.666666667,0,1,0,0,0,0,0,0.333333333,0.666666667,
B001EY982C,1,5,1,1,0,0,0,0,0,0,1,
B001F1XPIM,4,5,1,1,0,0,0,0,0,0,1,31.93
B001FC31QW,4,3.25,1,1,0,0,0,0.25,0.25,0.5,0,17.72
B001FCMOCY,3,3.666666667,16,0.333333333,0,0,0.333333333,0,0,0,0.666666667,
B001FREYN6,14,4.857142857,1,1,0.071428571,0.142857143,0,0,0,0.142857143,0.857142857,34.71
B001GDGHKC,5,5,0,1,0,0,0,0,0,0,1,13.87
B001GDJZJW,11,4.727272727,6,0.909090909,0,0,0,0,0.090909091,0.090909091,0.818181818,5.1
B001H05AXY,6,4.666666667,0,1,0,0,0,0,0,0.333333333,0.666666667,
B001HK8RNO,5,4.6,0,1,0,0,0,0,0,0.4,0.6,
B001HL25MW,7,4.857142857,0,1,0,0,0,0,0,0.142857143,0.857142857,
B001HOF17U,3,3,1,1,0.333333333,0.333333333,0.333333333,0,0.333333333,0,0.333333333,
B001HP6L46,11,4.818181818,0,1,0,0,0,0,0.090909091,0,0.909090909,5.99
B001HPAH6E,4,3,4,1,0,0,0,0.5,0.25,0,0.25,70.92
B001HPAL9W,10,3.9,11,1,0,0,0.1,0,0.2,0.3,0.4,23.76
B001HPD4HI,19,4.368421053,26,1,0,0,0,0.052631579,0.105263158,0.263157895,0.578947368,349.95
B001HSZ6Q2,2,5,0,1,0,0,0,0,0,0,1,
B001HZWTT2,4,3.75,0,1,0,0,0.25,0,0,0.25,0.5,
B001ICQSH8,24,4.333333333,4,0.958333333,0.041666667,0.041666667,0.041666667,0.041666667,0.125,0.125,0.666666667,13
B001ICUSGK,19,3.894736842,6,0.894736842,0,0,0.210526316,0.052631579,0,0.105263158,0.631578947,11.59
B001ICYB2M,210,4.561904762,147,0.976190476,0.014285714,0.033333333,0.057142857,0.023809524,0.033333333,0.071428571,0.814285714,
B001ICZS9M,1,1,14,1,0,0,1,0,0,0,0,13.92
B001ID7A4M,3,3.666666667,0,1,0,0,0.333333333,0,0,0,0.666666667,12.1
B001KGX5G4,44,4.181818182,79,0.977272727,0.022727273,0.022727273,0.159090909,0.022727273,0,0.113636364,0.704545455,16.49
B001KWCGEU,4,3.75,9,1,0,0,0,0.25,0.25,0,0.5,
B001KYE1PA,13,2.076923077,15,0.615384615,0,0,0.538461538,0.153846154,0.076923077,0.153846154,0.076923077,
B001M0Y63E,1,5,0,1,0,0,0,0,0,0,1,
B001MUC9W4,3,5,0,1,0,0,0,0,0,0,1,16.69
B001ONHE8S,23,4.304347826,4,1,0,0,0.086956522,0,0.130434783,0.086956522,0.695652174,
B001PAWUWK,18,4.5,6,1,0,0,0,0.111111111,0.055555556,0.055555556,0.777777778,99.98
B001PIAPP6,18,4.611111111,2,1,0,0,0,0.111111111,0,0.055555556,0.833333333,
B001PKX4H0,39,3.897435897,39,0.897435897,0,0,0.102564103,0.051282051,0.179487179,0.179487179,0.487179487,6.49
B001PO3FMA,3,5,0,1,0,0,0,0,0,0,1,15.44
B001QOGNIC,9,4.444444444,0,1,0,0,0.111111111,0,0,0.111111111,0.777777778,10
B001R23804,2,4,2,1,0,0,0,0,0.5,0,0.5,19.25
B001R5TSB4,5,2.6,0,1,0.2,0.2,0.6,0,0,0,0.4,8.18
B001T3WJ4M,1,4,0,1,0,0,0,0,0,1,0,
B001TH7GZU,111,4.126126126,7,0.972972973,0.036036036,0.045045045,0.081081081,0.063063063,0.099099099,0.162162162,0.594594595,
B001TH7H0E,20,2.9,541,1,0.05,0.05,0.25,0.25,0.15,0.05,0.3,
B001TIWG04,9,5,2,1,0,0,0,0,0,0,1,
B001TIZE12,3,5,0,1,0,0,0,0,0,0,1,
B001TJ5380,48,4.416666667,8,1,0,0,0.0625,0.020833333,0.041666667,0.1875,0.6875,54.32
B001TJ7284,3,4.333333333,0,1,0,0,0,0,0,0.666666667,0.333333333,59.71
B001U0OJ88,12,4.5,0,1,0,0,0,0.083333333,0.083333333,0.083333333,0.75,
B001U8EC3M,3,2.333333333,71,0,0,0,0.333333333,0.333333333,0,0.333333333,0,
B001UGQ3EU,8,4.875,0,1,0,0,0,0,0,0.125,0.875,22.49
B001UIBMUI,16,4.5625,0,1,0,0,0,0.0625,0.0625,0.125,0.75,47.25
B001UIDP5I,18,4.277777778,11,1,0.055555556,0.055555556,0.055555556,0.111111111,0,0.166666667,0.666666667,36.61
B001VDLAM2,9,4.333333333,1,1,0,0,0,0,0.222222222,0.222222222,0.555555556,27.45
B001WAJYE0,64,4.3125,63,0.96875,0,0,0.03125,0.015625,0.109375,0.296875,0.546875,
B001WOBX68,2,4.5,1,1,0,0,0,0,0,0.5,0.5,
B001XWJDCA,3,4.333333333,0,1,0.333333333,0.666666667,0,0,0.333333333,0,0.666666667,
B001XZ5HZY,9,3.888888889,6,1,0,0,0.222222222,0,0,0.222222222,0.555555556,45.7
B00204JTNI,4,3,2,1,0,0,0.25,0,0.5,0,0.25,13.18
B0021UYG66,13,4,0,1,0,0,0.076923077,0.076923077,0.153846154,0.153846154,0.538461538,20.48
B0024IGZ7S,3,4.666666667,0,1,0,0,0,0,0,0.333333333,0.666666667,14.57
B0025ZI07I,2,2,58,0.5,0,0,0.5,0,0.5,0,0,
B00266BXV6,33,3.848484848,7,1,0,0,0.181818182,0.090909091,0.03030303,0.090909091,0.606060606,37.69
B002765KFK,11,4.545454545,4,1,0,0,0,0,0.181818182,0.090909091,0.727272727,28.3
B0027E8EXC,41,3.585365854,55,0.926829268,0.024390244,0.048780488,0.243902439,0.048780488,0.048780488,0.195121951,0.463414634,
B0027FF3JY,9,4.222222222,0,1,0,0,0,0.222222222,0,0.111111111,0.666666667,
B0027U9LH4,6,5,0,1,0,0,0,0,0,0,1,36.4
B0028BAAWW,59,3.966101695,191,0.983050847,0.06779661,0.152542373,0.084745763,0.050847458,0.186440678,0.169491525,0.508474576,8.98
B0029LAK58,3,5,0,1,0,0,0,0,0,0,1,7.85
B002ACBDL6,3,4.333333333,1,1,0,0,0,0,0.333333333,0,0.666666667,126.8
B002ACHJF0,8,1.125,18,0,0,0,0.875,0.125,0,0,0,
B002B8C3O0,5,4.2,3,0.8,0,0,0.2,0,0,0,0.8,46.87
B002CS0PFS,1,5,1,1,0,0,0,0,0,0,1,9.77
B002CXAUUS,4,4,2,1,0,0,0.25,0,0,0,0.75,8.15
B002DH16O2,2,5,0,1,0,0,0,0,0,0,1,
B002DI54PI,4,4.25,3,1,0,0,0,0.25,0,0,0.75,13
B002DI7FXW,5,4.2,12,1,0,0,0,0.2,0,0.2,0.6,39.18
B002DQAVY4,3,3,2,1,0,0,0.333333333,0,0.333333333,0,0.333333333,19.63
B002DUCENQ,5,3,3,1,0,0,0.2,0,0.6,0,0.2,
B002DUCEO0,16,3.8125,9,1,0,0,0.125,0.125,0.0625,0.1875,0.5,49.99
B002E0AOBY,6,4.666666667,3,1,0,0,0,0,0.166666667,0,0.833333333,44.75
B002ECYCTM,8,3.25,12,1,0.125,0.5,0.25,0.125,0.125,0.125,0.375,7.99
B002GZHH8A,1,3,1,1,0,0,0,0,1,0,0,
B002HMTKDM,3,1,14,0,0,0,1,0,0,0,0,
B002IKHETA,3,4.333333333,0,0.666666667,0,0,0,0,0.333333333,0,0.666666667,
B002JAKNRY,1,5,0,1,0,0,0,0,0,0,1,20.95
B002JI3L84,11,4.363636364,0,0.818181818,0,0,0.090909091,0,0,0.272727273,0.636363636,53.04
B002JPNEM0,6,3.166666667,2,1,0.166666667,0.166666667,0.166666667,0.333333333,0,0.166666667,0.333333333,47.99
B002LGSHMO,4,3.25,0,1,0,0,0.25,0.25,0,0,0.5,
B002LSO9WE,11,1.363636364,373,0,0,0,0.818181818,0,0.181818182,0,0,
B002M3B8CW,5,2.8,4,1,0.4,0.4,0.4,0,0.2,0.2,0.2,79.34
B002MFGGHW,5,5,0,1,0,0,0,0,0,0,1,29.69
B002N3BTCA,4,4.25,1,1,0,0,0,0,0,0.75,0.25,55
B002NDDWNY,4,5,0,1,0,0,0,0,0,0,1,48.9
B002NDHO7Y,5,4.8,4,1,0.2,0.2,0,0,0,0.2,0.8,33.64
B002NFM53A,2,3.5,16,0,0,0,0,0.5,0,0,0.5,
B002NJ99PS,5,3.8,3,1,0,0,0.2,0,0.2,0,0.6,
B002PBJ9F4,11,4.090909091,13,1,0,0,0,0,0.272727273,0.363636364,0.363636364,39.99
B002Q4U1HK,18,4.222222222,6,1,0,0,0.055555556,0.111111111,0,0.222222222,0.611111111,44.39
B002R0DXLY,8,4.125,17,1,0.25,0.5,0,0.125,0,0.5,0.375,40.93
B002R0DXPA,11,4.818181818,4,1,0,0,0,0,0,0.181818182,0.818181818,
B002R8JAWC,107,2.91588785,85,0.971962617,0.028037383,0.074766355,0.261682243,0.177570093,0.177570093,0.14953271,0.23364486,13.03
B002T07TEE,2,5,0,1,0,0,0,0,0,0,1,
B002T0ZTNC,4,4,1,1,0,0,0,0,0.5,0,0.5,42.92
B002TIQTK6,3,5,0,0.666666667,0,0,0,0,0,0,1,14.74
B002UC17XA,4,2.75,1,0.75,0,0,0.5,0,0,0.25,0.25,
B002ULA4N0,4,4.75,1,1,0,0,0,0,0,0.25,0.75,
B002UQ107O,94,3.5,76,0.957446809,0,0,0.212765957,0.159574468,0.074468085,0.021276596,0.531914894,10.45
B002VFF42G,6,4,116,0.666666667,0,0,0.166666667,0,0,0.333333333,0.5,
B002WYT2VK,7,5,6,1,0,0,0,0,0,0,1,34.95
B002YPIM40,72,4.347222222,24,0.930555556,0,0,0.069444444,0.027777778,0.055555556,0.180555556,0.666666667,
B002YTQ5HM,3,5,2,1,0,0,0,0,0,0,1,10.93
B002YTQC70,8,4.875,2,0.875,0,0,0,0,0,0.125,0.875,
B002YTXMT6,16,4.25,11,1,0,0,0.125,0,0.0625,0.125,0.6875,25.5
B002Z8ISKO,5,5,2,0.8,0,0,0,0,0,0,1,13.67
B002Z8WKLC,14,1.714285714,22,1,0,0,0.785714286,0,0.071428571,0,0.142857143,
B002ZD6OAA,4,4.25,0,1,0,0,0,0.25,0,0,0.75,16.99
B002ZHVU78,6,4.333333333,1,1,0.166666667,0.333333333,0,0,0.333333333,0,0.666666667,23.99
B002ZNC8XW,7,3.428571429,38,0.857142857,0,0,0.142857143,0.285714286,0,0.142857143,0.428571429,129.95
B002ZNCBNE,12,4,0,0.916666667,0.083333333,0.083333333,0.083333333,0.166666667,0.083333333,0,0.666666667,
B002ZNCBRA,13,4.692307692,6,1,0,0,0.076923077,0,0,0,0.923076923,17.85
B002ZNEBDC,6,4.333333333,0,1,0,0,0,0,0.333333333,0,0.666666667,
B002ZNFZV4,8,4.125,4,0.875,0,0,0.125,0,0,0.375,0.5,
B002ZNG752,4,3.75,1,1,0,0,0,0.25,0.25,0,0.5,
B002ZNGDHE,17,4.588235294,7,1,0,0,0,0.058823529,0.058823529,0.117647059,0.764705882,
B002ZNI7JQ,5,5,0,1,0,0,0,0,0,0,1,22.68
B002ZNI9AS,3,3.666666667,1,0.666666667,0,0,0.333333333,0,0,0,0.666666667,69.26
B002ZNI9RG,2,5,0,1,0,0,0,0,0,0,1,
B002ZNICAU,6,4,2,1,0,0,0,0.166666667,0,0.5,0.333333333,18.94
B002ZNLJLY,8,4.875,0,0.875,0,0,0,0,0,0.125,0.875,13.32
B002ZNLMV6,3,5,0,0.666666667,0,0,0,0,0,0,1,
B002ZNLOF0,3,4,0,0.666666667,0,0,0,0.333333333,0,0,0.666666667,
B002ZNNE12,52,4.134615385,13,0.942307692,0,0,0.076923077,0.096153846,0.096153846,0.076923077,0.653846154,
B002ZNNHFA,1,5,0,1,0,0,0,0,0,0,1,
B00307ZA7I,10,4.7,0,1,0,0,0,0.1,0,0,0.9,
B003083ZE2,3,3.333333333,10,1,0,0,0.333333333,0,0,0.333333333,0.333333333,111.95
B0030895BY,3,4.333333333,0,1,0,0,0,0,0.333333333,0,0.666666667,31.3
B00308IZ0G,2,4.5,1,1,0,0,0,0,0,0.5,0.5,32.48
B00308MFA2,8,4.625,86,1,0,0,0,0,0.125,0.125,0.75,53.75
B00308MRUU,11,5,0,0.909090909,0,0,0,0,0,0,1,19.95
B00308VHME,10,4.3,4,1,0,0,0.1,0,0.1,0.1,0.7,14.77
B003094V3K,5,4.2,0,1,0.2,0.6,0.2,0,0,0,0.8,153.19
B0030M5MBC,2,5,0,1,0,0,0,0,0,0,1,
B0031KPHWW,9,2.555555556,12,1,0,0,0.222222222,0.444444444,0,0.222222222,0.111111111,16.75
B0031NNHX0,2,4,2,1,0,0,0,0,0,1,0,11.99
B0031XHWVS,2,5,0,1,0,0,0,0,0,0,1,
B0031XI514,5,4.2,3,0.8,0,0,0.2,0,0,0,0.8,165.3
B0031XK6C0,3,4.333333333,0,1,0,0,0,0,0.333333333,0,0.666666667,9.81
B0032JTS5E,307,4.231270358,116,0.980456026,0.019543974,0.022801303,0.114006515,0.026058632,0.052117264,0.13029316,0.67752443,32.16
B0032N3L58,4,4.25,3,1,0,0,0,0,0,0.75,0.25,
B0034BAE0S,3,5,0,1,0,0,0,0,0,0,1,
B0034IQKJU,2,5,0,1,0,0,0,0,0,0,1,
B0034ISYU8,2,5,1,1,0,0,0,0,0,0,1,58
B0034IVA04,3,1.333333333,8,1,0,0,0.666666667,0.333333333,0,0,0,
B00359X4L0,11,4,22,1,0.090909091,0.181818182,0.090909091,0.181818182,0,0.090909091,0.636363636,20
B0035FQ16Y,2,5,1,1,0,0,0,0,0,0,1,13.69
B00361BP3G,3,5,0,1,0,0,0,0,0,0,1,46.24
B00361ETPM,1,3,4,1,0,0,0,0,1,0,0,
B003673GVE,5,4.4,1,1,0,0,0,0,0.2,0.2,0.6,72.86
B0036IGT6M,3,5,0,1,0,0,0,0,0,0,1,40.57
B0037X9990,7,1.571428571,42,0,0,0,0.714285714,0.142857143,0,0.142857143,0,
B0038MGNXK,4,4.75,1,1,0,0,0,0,0,0.25,0.75,
B0039V7JFG,7,3.285714286,16,0.285714286,0,0,0.285714286,0,0.142857143,0.285714286,0.285714286,
B0039ZIO4C,1,5,0,1,0,0,0,0,0,0,1,155.05
B003BIGD04,8,4.5,2,1,0,0,0,0.125,0,0.125,0.75,29.91
B003BIGD1I,6,5,0,1,0,0,0,0,0,0,1,9.21
B003BIGD2C,6,5,1,1,0,0,0,0,0,0,1,40.06
B003BIGD2M,6,5,2,1,0,0,0,0,0,0,1,17.06
B003BIGD3G,5,4.8,0,1,0,0,0,0,0,0.2,0.8,19.29
B003BIGD6I,5,5,4,1,0,0,0,0,0,0,1,73.12
B003BIGD72,30,4.5,4,0.966666667,0.033333333,0.1,0,0.066666667,0.033333333,0.233333333,0.666666667,79.95
B003BIGD7W,18,4.055555556,8,1,0.055555556,0.055555556,0.111111111,0.111111111,0,0.166666667,0.611111111,31.9
B003BIGD8Q,25,4.52,30,1,0.04,0.04,0.04,0,0.12,0.08,0.76,24.65
B003BIGDC2,3,4.333333333,1,1,0,0,0,0,0,0.666666667,0.333333333,
B003BIGDGI,9,4.555555556,0,1,0,0,0,0,0,0.444444444,0.555555556,9.54
B003BIGDHM,3,5,1,1,0,0,0,0,0,0,1,108.9
B003BIGDIG,17,4.058823529,4,1,0.058823529,0.058823529,0.117647059,0,0.235294118,0,0.647058824,97.68
B003BIGDM2,16,4.875,9,1,0,0,0,0,0.0625,0,0.9375,61.54
B003BIGDMW,3,5,0,1,0,0,0,0,0,0,1,11.95
B003BIGDN6,49,4.714285714,115,0.959183673,0,0,0,0,0.081632653,0.12244898,0.795918367,25.14
B003BIGDNQ,5,4.8,1,1,0,0,0,0,0,0.2,0.8,11.95
B003BIGDOK,6,3.166666667,3,1,0,0,0.166666667,0.166666667,0.166666667,0.333333333,0.166666667,15.99
B003BIGDRW,4,4.75,0,0.75,0,0,0,0,0,0.25,0.75,9.53
B003BNZ55I,36,4.027777778,12,1,0,0,0.055555556,0.083333333,0.194444444,0.111111111,0.555555556,52.3
B003BNZ954,32,3.3125,33,0.96875,0.0625,0.0625,0.3125,0.09375,0.03125,0.09375,0.46875,37.06
B003BNZ9H2,6,4.333333333,0,1,0,0,0,0,0.333333333,0,0.666666667,7.67
B003DA62RE,11,4.545454545,13,0.909090909,0,0,0,0.090909091,0.090909091,0,0.818181818,
B003DA62T2,10,4.4,4,1,0,0,0,0.1,0,0.3,0.6,23.97
B003E47FDY,5,4,11,1,0.2,1.4,0.2,0,0,0.2,0.6,
B003EAJSY2,5,3.8,2,1,0,0,0,0.4,0,0,0.6,
B003EFYDVA,3,3.333333333,0,1,0,0,0.333333333,0,0,0.333333333,0.333333333,
B003GCJSMA,1,5,0,1,0,0,0,0,0,0,1,41.27
B003GF51LY,4,3.75,1,0.75,0,0,0,0,0.5,0.25,0.25,
B003GF77VG,7,3.714285714,34,0.857142857,0,0,0.285714286,0,0,0.142857143,0.571428571,
B003GFAY52,11,3.363636364,83,0.909090909,0,0,0.181818182,0,0.272727273,0.363636364,0.181818182,
B003GX5EY0,3,1,9,0.333333333,0,0,1,0,0,0,0,
B003JK0RUG,1,5,0,1,0,0,0,0,0,0,1,
B003JN143C,3,1,8,0,0,0,1,0,0,0,0,
B003JN52D0,3,1.333333333,35,0,0,0,0.666666667,0.333333333,0,0,0,
B003JSUNGG,4,4.75,21,1,0,0,0,0,0,0.25,0.75,29.08
B003M5L284,8,3.375,72,0.25,0.125,0.125,0.25,0,0.25,0.125,0.375,
B003MBABVC,9,4.333333333,2,0.888888889,0,0,0.111111111,0,0,0.222222222,0.666666667,20.99
B003MBFG62,15,4.266666667,1,1,0,0,0.066666667,0.133333333,0,0.066666667,0.733333333,22.88
B003MZIBX8,9,3.666666667,0,1,0,0,0.222222222,0.111111111,0,0.111111111,0.555555556,
B003NAVSPA,10,3.8,2,1,0,0,0.1,0.2,0,0.2,0.5,12
B003NYBKWC,6,3.666666667,1,0.833333333,0,0,0.166666667,0,0.166666667,0.333333333,0.333333333,
B003O4QDWS,4,4,21,0,0,0,0.25,0,0,0,0.75,
B003P2WP30,5,4.2,0,1,0,0,0,0,0.2,0.4,0.4,21.45
B003PCOYQG,4,1.75,7,0.25,0,0,0.75,0,0,0.25,0,
B003RA3FKM,3,4.666666667,17,1,0,0,0,0,0,0.333333333,0.666666667,
B003RCBX4K,5,1.8,9,0,0,0,0.4,0.4,0.2,0,0,
B003UGP1BY,2,1.5,58,0.5,0.5,1,0.5,0.5,0,0,0,8.76
B003US9ZS2,2,3,3,0,0,0,0,0,1,0,0,
B003UV8OC2,1,3,0,1,0,0,0,0,1,0,0,8.29
B003WKNR2S,6,5,0,1,0,0,0,0,0,0,1,19
B003WZULQS,3,3.666666667,0,1,0,0,0.333333333,0,0,0,0.666666667,31.95
B003XEF7DK,31,3.774193548,63,0.935483871,0.032258065,0.032258065,0.193548387,0.064516129,0.129032258,0,0.612903226,9.75
B003YSYQAA,7,3.285714286,0,1,0,0,0.428571429,0,0,0,0.571428571,27.95
B0040YG2GS,2,5,0,1,0,0,0,0,0,0,1,26
B004138F40,6,1.333333333,23,0,0,0,0.666666667,0.333333333,0,0,0,
B0041SXMUM,64,4.65625,8,1,0,0,0.046875,0.015625,0.03125,0.046875,0.859375,13.09
B0042ACZU2,170,4.529411765,73,0.982352941,0,0,0.070588235,0.011764706,0.011764706,0.129411765,0.776470588,46.74
B0042FT5U0,1,5,14,1,0,0,0,0,0,0,1,
B0042NQRI0,12,3.916666667,21,0.916666667,0.25,0.25,0,0.166666667,0,0.583333333,0.25,
B00438NXKY,4,3.75,0,1,0,0,0.25,0,0,0.25,0.5,7.08
B00439HLY2,11,4.909090909,3,0.909090909,0,0,0,0,0,0.090909091,0.909090909,27.1
B0043S989E,7,4.428571429,1,1,0,0,0,0,0.285714286,0,0.714285714,87.9
B004443WFI,1,5,0,1,0,0,0,0,0,0,1,71.98
B0044UT6M0,13,4.846153846,2,1,0,0,0,0,0.076923077,0,0.923076923,47.44
B0044UWMV2,7,4.285714286,7,1,0,0,0.142857143,0,0,0.142857143,0.714285714,8.99
B0044XYFEQ,5,4.6,6,1,0.2,0.2,0,0,0.2,0,0.8,115.99
B0045LLC7K,460,4.123913043,135,0.986956522,0.013043478,0.017391304,0.123913043,0.052173913,0.065217391,0.093478261,0.665217391,47
B0045LQGIU,2,3.5,1,1,0,0,0,0.5,0,0,0.5,13.25
B0046C3Q5E,4,4.5,0,1,0,0,0,0,0,0.5,0.5,16.65
B0046U5SOS,11,3.818181818,19,1,0.181818182,0.181818182,0.181818182,0.090909091,0,0.181818182,0.545454545,15
B0046U9LQ4,6,2.833333333,5,1,0,0,0.5,0,0,0.166666667,0.333333333,65.95
B00472MN7A,1,3,0,1,0,0,0,0,1,0,0,
B00487AAWO,3,4.666666667,0,1,0,0,0,0,0,0.333333333,0.666666667,29.75
B00487AUXI,5,3.6,0,0.8,0,0,0.2,0,0,0.6,0.2,
B0048UIEHY,4,5,0,1,0,0,0,0,0,0,1,19.19
B0049H3ZRA,8,4,12,0.875,0,0,0.125,0,0.25,0,0.625,
B0049I2NPY,14,3.357142857,41,0.928571429,0.071428571,0.142857143,0.214285714,0.214285714,0.071428571,0,0.5,14
B0049I6LL6,7,4,3,1,0,0,0.142857143,0,0,0.428571429,0.428571429,11
B0049I7Y12,3,4.666666667,1,1,0,0,0,0,0,0.333333333,0.666666667,
B0049I9OYC,17,3.647058824,25,1,0.058823529,0.058823529,0.176470588,0.058823529,0.117647059,0.235294118,0.411764706,45
B0049PNB3U,1,1,1,1,0,0,1,0,0,0,0,32.84
B004B7E022,3,3.333333333,5,1,0,0,0,0.333333333,0,0.666666667,0,7.99
B004BVRAHK,9,4.777777778,0,1,0,0,0,0,0.111111111,0,0.888888889,32.18
B004CR4NIW,3,4.333333333,2,1,0,0,0,0,0.333333333,0,0.666666667,18.45
B004CR4OBS,14,4.857142857,13,1,0,0,0,0,0,0.142857143,0.857142857,14.99
B004D9910Y,7,2.142857143,144,0.142857143,0,0,0.571428571,0.142857143,0,0.142857143,0.142857143,
B004EBT7WS,11,2.727272727,4,1,0,0,0.181818182,0.363636364,0.181818182,0.090909091,0.181818182,19.69
B004EJTMZM,7,4.714285714,2,1,0,0,0,0,0.142857143,0,0.857142857,23
B004ET8DKC,2,3,3,0,0,0,0.5,0,0,0,0.5,
B004EVQB2C,4,4,2,0.75,0,0,0.25,0,0,0,0.75,
B004EZT38M,13,4.384615385,16,1,0,0,0.076923077,0,0.076923077,0.153846154,0.692307692,18.49
B004F8A008,7,4.428571429,6,1,0,0,0,0.142857143,0,0.142857143,0.714285714,15.48
B004FGFC9O,11,4.272727273,53,0.818181818,0,0,0.090909091,0,0,0.363636364,0.545454545,
B004FO8JZ0,38,4.763157895,3,1,0,0,0,0.026315789,0.052631579,0.052631579,0.868421053,25.05
B004G7ROMK,3,3.666666667,8,1,0,0,0.333333333,0,0,0,0.666666667,18.01
B004H3XPQW,48,4.791666667,33,0.979166667,0,0,0,0,0.0625,0.083333333,0.854166667,27.13
B004H3XPRG,6,3.333333333,0,0.833333333,0,0,0.166666667,0.333333333,0,0,0.5,87.28
B004H3XPWG,2,5,0,1,0,0,0,0,0,0,1,41.79
B004H3XQ0C,2,5,0,1,0,0,0,0,0,0,1,53
B004H3XQ0W,5,5,0,1,0,0,0,0,0,0,1,17.94
B004H3XRAG,13,4.769230769,10,1,0,0,0,0,0,0.230769231,0.769230769,73.99
B004H3XROM,1,5,0,1,0,0,0,0,0,0,1,39.09
B004H3XRTC,12,4.583333333,2,1,0,0,0,0.083333333,0,0.166666667,0.75,50
B004H3XRY2,16,4.8125,9,1,0,0,0,0,0,0.1875,0.8125,49.12
B004H3XS6O,5,4.8,3,1,0,0,0,0,0,0.2,0.8,19.95
B004H3XS78,5,2.8,3,1,0,0,0.4,0.2,0,0,0.4,28.7
B004H3XSR8,8,4.875,0,1,0,0,0,0,0,0.125,0.875,
B004H3XSSW,7,4.571428571,0,1,0,0,0,0.142857143,0,0,0.857142857,54.41
B004H3XSVE,6,3.333333333,1,1,0.166666667,0.166666667,0.166666667,0,0.333333333,0.333333333,0.166666667,176.42
B004H3XSVO,3,4.333333333,1,1,0,0,0,0,0,0.666666667,0.333333333,31.99
B004H3XT0E,16,4.5,3,0.9375,0,0,0,0.0625,0,0.3125,0.625,53.13
B004H3XT0Y,5,4.4,6,1,0,0,0,0.2,0,0,0.8,
B004H3XT9U,5,3.4,1,1,0.2,0.2,0.4,0,0,0,0.6,19.38
B004H3XTH2,7,4.428571429,2,1,0,0,0.142857143,0,0,0,0.857142857,68.25
B004H3XTZO,1,5,0,1,0,0,0,0,0,0,1,32.24
B004H3XU3K,9,5,0,0.888888889,0,0,0,0,0,0,1,13
B004H3XU9O,1,2,6,1,0,0,0,1,0,0,0,14.95
B004H3XU9Y,5,4.8,0,1,0,0,0,0,0,0.2,0.8,39.91
B004H3XUE4,6,3.833333333,0,1,0,0,0.166666667,0,0.166666667,0.166666667,0.5,29.15
B004H3XUSU,5,4.8,1,1,0,0,0,0,0,0.2,0.8,
B004H3XUUS,3,5,1,1,0,0,0,0,0,0,1,74.25
B004H3XV34,3,5,0,1,0,0,0,0,0,0,1,
B004H3XVAC,6,4.166666667,7,1,0,0,0,0.166666667,0.166666667,0,0.666666667,14
B004H3XVCU,11,3.181818182,3,1,0.090909091,0.090909091,0.272727273,0.181818182,0,0.181818182,0.363636364,49.01
B004H3XVKM,15,4.4,6,0.933333333,0,0,0,0.066666667,0.133333333,0.133333333,0.666666667,13.6
B004H3XVUC,2,5,1,1,0.5,0.5,0,0,0,0,1,35.7
B004H3XVUW,5,4.2,2,1,0,0,0.2,0,0,0,0.8,
B004H3XVWK,17,4.352941176,2,0.941176471,0,0,0.117647059,0,0.058823529,0.058823529,0.764705882,247.15
B004H3XVXE,2,5,0,1,0,0,0,0,0,0,1,60
B004H3XVZ2,3,4.666666667,0,1,0,0,0,0,0,0.333333333,0.666666667,260.99
B004H3XWB0,13,4.384615385,1,1,0.076923077,0.076923077,0,0.076923077,0.076923077,0.230769231,0.615384615,138.69
B004H3XWDI,3,3.333333333,0,1,0,0,0.333333333,0,0,0.333333333,0.333333333,52.3
B004H3XWQU,8,4.125,0,1,0,0,0,0.125,0.125,0.25,0.5,24.95
B004H3XX00,1,5,1,1,0,0,0,0,0,0,1,69.92
B004HIIFW6,8,3.375,0,0.875,0,0,0.25,0.125,0,0.25,0.375,
B004IA1HO6,4,4.75,1,1,0,0,0,0,0,0.25,0.75,
B004JNU22A,26,4.153846154,9,1,0,0,0.038461538,0.076923077,0.115384615,0.230769231,0.538461538,13.25
B004KAZS0I,1,3,0,1,0,0,0,0,1,0,0,15.99
B004L0TVXW,2,3,20,1,0,0,0,0,1,0,0,
B004L44EVC,9,2.777777778,14,0.777777778,0,0,0.333333333,0.222222222,0,0.222222222,0.222222222,
B004MDLZKU,53,4.811320755,32,0.943396226,0,0,0,0.018867925,0.018867925,0.094339623,0.867924528,20.98
B004MSKNSU,11,4.636363636,32,0.909090909,0.090909091,0.090909091,0,0,0.090909091,0.181818182,0.727272727,91.49
B004NEWA2A,6,4.333333333,2,1,0.166666667,0.333333333,0,0,0.166666667,0.333333333,0.5,
B004NEWA3Y,5,4,18,1,0,0,0.2,0,0,0.2,0.6,29.99
B004NRTVWE,5,3.4,8,0.8,0,0,0.4,0,0,0,0.6,24.95
B004P1111W,1,5,3,1,0,0,0,0,0,0,1,238
B004P3V4V2,8,4,1,1,0,0,0,0,0.375,0.25,0.375,18.98
B004PDGMCS,3,5,1,1,0,0,0,0,0,0,1,399.99
B004PH3QMI,2,5,0,1,0,0,0,0,0,0,1,
B004Q0HJ86,3,3.333333333,2,1,0,0,0,0.333333333,0.333333333,0,0.333333333,42.99
B004Q3WUI2,14,4.642857143,4,1,0.071428571,0.142857143,0,0.071428571,0,0.142857143,0.785714286,23.34
B004Q3XD1U,9,4.555555556,2,1,0,0,0,0,0.111111111,0.222222222,0.666666667,
B004Q40WN6,2,1.5,0,1,0,0,0.5,0.5,0,0,0,171.18
B004QAVBVM,3,4.666666667,5,1,0,0,0,0,0,0.333333333,0.666666667,
B004QEBB36,2,5,2,1,0,0,0,0,0,0,1,93
B004QMYYF0,3,5,0,1,0,0,0,0,0,0,1,34.55
B004QOKAI8,10,4.4,2,1,0,0,0,0.1,0.1,0.1,0.7,12.99
B004RP73YK,23,4.739130435,9,1,0.043478261,0.086956522,0,0,0.086956522,0.086956522,0.826086957,21.9
B004TSZBO4,17,4.470588235,1,0.882352941,0,0,0,0.117647059,0,0.176470588,0.705882353,
B004USFHII,8,4.375,0,1,0,0,0.125,0,0,0.125,0.75,
B004V721PK,1,5,0,1,0,0,0,0,0,0,1,23.45
B004V7FP9Y,2,5,0,1,0,0,0,0,0,0,1,134.95
B004V9191U,5,5,0,1,0,0,0,0,0,0,1,22.99
B004VJSU58,4,3.75,19,1,0,0,0,0.25,0.25,0,0.5,
B004VZ2XT6,7,4.714285714,5,1,0,0,0,0,0,0.285714286,0.714285714,
B004W5WAMU,65,3.953846154,11,1,0,0,0.107692308,0.107692308,0.076923077,0.138461538,0.569230769,20.66
B004W6IKGE,11,3.909090909,13,1,0.090909091,0.181818182,0.181818182,0,0,0.363636364,0.454545455,
B004W6IKJQ,12,4,16,1,0,0,0.083333333,0.083333333,0.083333333,0.25,0.5,
B004W6IL04,8,4.5,1,1,0,0,0.125,0,0,0,0.875,195.97
B004WRE9YU,10,4.8,0,0.9,0,0,0,0,0,0.2,0.8,
B004WSAH18,1,1,0,1,0,0,1,0,0,0,0,22.09
B004WSAH8G,6,3,0,1,0,0,0.333333333,0.166666667,0,0.166666667,0.333333333,19.15
B004WSAHCM,5,4.2,0,1,0,0,0,0,0.4,0,0.6,42.56
B004WSAHE0,11,3.909090909,1,0.909090909,0,0,0.090909091,0.181818182,0,0.181818182,0.545454545,22.11
B004WSAHFE,18,3.388888889,4,0.944444444,0,0,0.277777778,0.055555556,0.111111111,0.111111111,0.444444444,
B004XG4XAU,16,4.5625,1,0.9375,0,0,0.0625,0.0625,0,0,0.875,60.53
B004XJ4IH0,4,4.5,0,1,0,0,0,0,0.25,0,0.75,
B004XL2226,5,4.4,0,1,0,0,0,0.2,0,0,0.8,20.49
B004XL2YB0,2,5,0,1,0,0,0,0,0,0,1,27.56
B004XL3QFS,3,5,3,1,0,0,0,0,0,0,1,37.06
B004XLDD60,1,5,0,1,0,0,0,0,0,0,1,16.02
B004XLDDNI,11,3.727272727,8,1,0.090909091,0.181818182,0.181818182,0.090909091,0,0.272727273,0.454545455,9.75
B004XLDEAU,62,4.887096774,6,0.919354839,0,0,0,0,0.016129032,0.080645161,0.903225806,13.36
B004XLDELE,15,3.666666667,4,0.933333333,0,0,0.266666667,0.066666667,0,0.066666667,0.6,26.14
B004XLDFDQ,10,4.3,6,1,0.1,0.2,0,0,0.2,0.3,0.5,26.3
B004XLDHSE,57,4.701754386,10,0.98245614,0,0,0,0.035087719,0.035087719,0.122807018,0.807017544,14.29
B004XLDIZQ,2,4.5,0,1,0,0,0,0,0,0.5,0.5,
B004XLDJQE,1,5,0,1,0,0,0,0,0,0,1,22.87
B004XLDKHM,16,4.75,0,1,0,0,0,0.0625,0,0.0625,0.875,19.9
B004XLDKO0,8,4.375,0,1,0,0,0,0.125,0,0.25,0.625,28.41
B004XLDN7E,7,4.714285714,4,1,0,0,0,0,0,0.285714286,0.714285714,28
B004XLDNZQ,4,3,5,1,0,0,0,0.5,0.25,0,0.25,
B004XLDV26,2,3,0,1,0,0,0.5,0,0,0,0.5,64
B004XLDVCQ,5,5,1,1,0,0,0,0,0,0,1,29.88
B004XLDVO4,22,4.409090909,0,1,0,0,0.045454545,0.136363636,0,0,0.818181818,18.35
B004XLDWG6,9,4.888888889,3,1,0,0,0,0,0,0.111111111,0.888888889,26.08
B004XLDWSO,5,4.2,0,1,0,0,0.2,0,0,0,0.8,
B004XLDXKG,3,4.666666667,4,1,0.333333333,0.333333333,0,0,0,0.333333333,0.666666667,30.47
B004XLDYLO,1,5,0,1,0,0,0,0,0,0,1,34.2
B004XLDYR8,9,4.111111111,0,0.888888889,0,0,0,0.111111111,0.222222222,0.111111111,0.555555556,13.48
B004XLDZBI,15,4.733333333,5,1,0.066666667,0.066666667,0.066666667,0,0,0,0.933333333,
B004XLE2GA,17,4.764705882,4,1,0,0,0,0.058823529,0,0.058823529,0.882352941,30.92
B004XLE48G,11,4.636363636,0,1,0,0,0,0,0.090909091,0.181818182,0.727272727,72.04
B004XLE5DU,7,3,3,1,0,0,0.285714286,0.285714286,0,0,0.428571429,41.95
B004XLE5SK,3,3.666666667,0,1,0,0,0.333333333,0,0,0,0.666666667,
B004XLE7O2,17,4.352941176,1,0.941176471,0.058823529,0.058823529,0.117647059,0,0.058823529,0.058823529,0.764705882,17.94
B004XLECEM,7,4.857142857,3,1,0,0,0,0,0,0.142857143,0.857142857,
B004XLEEKO,11,4.545454545,0,1,0,0,0.090909091,0,0,0.090909091,0.818181818,42.96
B004XLEIZK,4,4,1,1,0,0,0.25,0,0,0,0.75,32.08
B004XQHBHC,4,2.25,49,0,0,0,0.5,0,0.25,0.25,0,
B004XS13B0,14,4.142857143,0,1,0,0,0.142857143,0,0.071428571,0.142857143,0.642857143,37.95
B004XTKIWE,8,4,2,1,0,0,0.25,0,0,0,0.75,3.25
B004XVEQ3O,5,3,28,0.8,0,0,0.2,0.2,0,0.6,0,
B004YTH04W,2,5,0,1,0,0,0,0,0,0,1,19.43
B004Z4T436,7,4.857142857,0,1,0,0,0,0,0,0.142857143,0.857142857,31.94
B004ZO42G0,1,5,7,0,0,0,0,0,0,0,1,
B0050EH4EG,3,4.333333333,4,0.666666667,0,0,0,0,0.333333333,0,0.666666667,
B0050KJDQM,2,5,0,1,0,0,0,0,0,0,1,10.99
B0050KJOQ6,14,3.857142857,1,1,0,0,0.142857143,0.071428571,0.071428571,0.214285714,0.5,
B0050KJV3C,6,4.666666667,0,1,0,0,0,0,0.166666667,0,0.833333333,
B0050KK1UY,10,5,4,0.9,0,0,0,0,0,0,1,
B0050KKPXM,8,4.625,2,1,0,0,0,0,0,0.375,0.625,17
B0050KKYTM,3,3.666666667,1,1,0,0,0.333333333,0,0,0,0.666666667,25
B0050O1JG0,14,4.857142857,4,1,0,0,0,0,0.071428571,0,0.928571429,
B0050O1K3M,4,4,0,1,0,0,0.25,0,0,0,0.75,
B0050O1MQC,30,4.733333333,6,1,0,0,0,0.033333333,0,0.166666667,0.8,13.94
B0050O1UR8,27,4.777777778,7,1,0,0,0.037037037,0,0,0.074074074,0.888888889,25.55
B0050O1Z8M,4,4.25,1,1,0,0,0,0,0.25,0.25,0.5,
B0050O2126,2,5,0,1,0,0,0,0,0,0,1,
B0050O230G,12,3.416666667,11,0.916666667,0,0,0.25,0.166666667,0,0.083333333,0.5,45.99
B0050O2676,3,5,0,1,0,0,0,0,0,0,1,28.99
B0050O281A,9,4.888888889,1,1,0,0,0,0,0,0.111111111,0.888888889,41.42
B0050O2C0M,4,5,0,1,0,0,0,0,0,0,1,260.34
B0050O2V58,2,5,0,1,0,0,0,0,0,0,1,76.17
B0051HEFAS,59,4.677966102,22,0.949152542,0.016949153,0.033898305,0,0.016949153,0.050847458,0.169491525,0.762711864,9.99
B0051OKX2U,9,2.777777778,94,0.333333333,0,0,0.333333333,0.222222222,0,0.222222222,0.222222222,
B0051S4ZZM,80,4.0625,40,0.9625,0.0125,0.025,0.075,0.125,0.05,0.1625,0.5875,
B0051W8EZ0,8,4,1,1,0,0,0.125,0.125,0,0.125,0.625,108.95
B0052WEFR0,10,2.7,1,1,0,0,0.2,0.3,0.2,0.2,0.1,
B0053F7MP8,6,4.166666667,0,1,0,0,0.166666667,0,0,0.166666667,0.666666667,65.29
B0053F7UIM,109,4.321100917,38,0.981651376,0.036697248,0.073394495,0.100917431,0.036697248,0.036697248,0.091743119,0.733944954,
B0053F83Z6,2,5,1,1,0,0,0,0,0,0,1,108.85
B0053F86BC,9,4.666666667,2,1,0.111111111,0.111111111,0,0,0.111111111,0.111111111,0.777777778,53.62
B0053F8B62,5,3.8,0,1,0,0,0,0.4,0,0,0.6,40.9
B0053F8CU2,3,3.333333333,0,1,0,0,0,0.333333333,0.333333333,0,0.333333333,19.67
B0053F8DIS,29,4.793103448,0,1,0,0,0.034482759,0,0.034482759,0,0.931034483,34.24
B0053F8DVA,10,4.5,4,1,0.1,0.1,0,0.1,0,0.2,0.7,73.65
B0053F8WRA,5,5,0,1,0,0,0,0,0,0,1,22.55
B0053F91I4,20,4.2,1,1,0,0,0.1,0.05,0.05,0.15,0.65,112.62
B0053F92JC,9,4.666666667,0,1,0,0,0,0.111111111,0,0,0.888888889,43.35
B0053F9EKE,5,4.6,0,0.8,0,0,0,0,0.2,0,0.8,27.64
B0053F9IGO,15,4.8,1,1,0,0,0,0,0.066666667,0.066666667,0.866666667,
B0053F9LCK,22,4.409090909,10,1,0.090909091,0.090909091,0.090909091,0.045454545,0.045454545,0,0.818181818,85.02
B0053F9NY6,4,4.5,0,1,0,0,0,0,0.25,0,0.75,88.62
B0053FA098,6,4.333333333,1,1,0,0,0.166666667,0,0,0,0.833333333,
B0053Y27S6,12,4.666666667,1,1,0,0,0.083333333,0,0,0,0.916666667,52.1
B0053Y2I8U,12,4.166666667,11,1,0.083333333,0.083333333,0.083333333,0.083333333,0.083333333,0.083333333,0.666666667,49.73
B0053Y2NBM,8,4.75,1,1,0,0,0,0,0.125,0,0.875,
B0053Y2NNK,4,2.5,5,1,0,0,0,0.75,0,0.25,0,
B0053Y2ORU,16,4.25,2,1,0,0,0.125,0.0625,0,0.0625,0.75,32.97
B0053Y2Q4Q,2,5,0,1,0,0,0,0,0,0,1,
B0053Y2QGY,6,4.333333333,3,1,0.166666667,0.166666667,0.166666667,0,0,0,0.833333333,105.95
B0053Y2T5C,6,4.166666667,0,1,0,0,0.166666667,0,0,0.166666667,0.666666667,70.93
B0053Y2VJG,5,4.2,2,0.8,0,0,0.2,0,0,0,0.8,
B0053Y2Z7O,3,2.333333333,1,1,0,0,0.666666667,0,0,0,0.333333333,82.26
B0053Y334I,9,5,4,0.888888889,0,0,0,0,0,0,1,
B0053Y34GK,19,4.894736842,1,1,0,0,0,0,0.052631579,0,0.947368421,34.45
B0053Y36O0,3,4.666666667,1,1,0,0,0,0,0,0.333333333,0.666666667,70.16
B0053Y37CG,18,4.666666667,3,1,0,0,0,0,0.055555556,0.222222222,0.722222222,
B0053Y3A8M,9,3.555555556,10,1,0.111111111,0.222222222,0.222222222,0.111111111,0,0.222222222,0.444444444,141.31
B0053Y3B4U,4,3.5,0,1,0,0,0.25,0,0.25,0,0.5,20.26
B0053Y3B72,2,5,0,1,0,0,0,0,0,0,1,62.29
B005459K7A,18,4.611111111,4,1,0,0,0.055555556,0,0,0.166666667,0.777777778,15.9
B005459TQW,11,3.636363636,24,0.818181818,0,0,0.181818182,0,0.272727273,0.090909091,0.454545455,62.31
B005459Y6W,12,4.583333333,11,1,0,0,0.083333333,0,0,0.083333333,0.833333333,112.1
B00545AC8Q,25,4.52,4,1,0,0,0.08,0,0.04,0.08,0.8,26.88
B00545AU92,39,4.512820513,29,1,0.025641026,0.025641026,0.051282051,0.025641026,0.076923077,0.051282051,0.794871795,36.95
B00545AX1C,3,4.666666667,0,1,0,0,0,0,0,0.333333333,0.666666667,92.93
B00545AZ0Q,12,4.416666667,31,1,0,0,0.083333333,0,0.083333333,0.083333333,0.75,69.07
B00545AZ9W,5,4.6,0,1,0,0,0,0,0.2,0,0.8,83.67
B00545AZRY,7,3.714285714,1,1,0,0,0.142857143,0.142857143,0.142857143,0,0.571428571,
B00545B18Q,9,4.777777778,0,0.888888889,0,0,0,0,0,0.222222222,0.777777778,47.65
B00545B2UI,3,5,0,1,0,0,0,0,0,0,1,
B00545B3IO,6,4.166666667,0,1,0,0,0.166666667,0,0,0.166666667,0.666666667,
B00545B67M,5,4.4,1,1,0,0,0,0,0.2,0.2,0.6,132.32
B0054TT64I,9,4.555555556,0,1,0,0,0,0.111111111,0,0.111111111,0.777777778,20.58
B00563KHD6,10,5,13,1,0,0,0,0,0,0,1,97.9
B0056CEB1Q,3,4.333333333,0,1,0,0,0,0,0,0.666666667,0.333333333,18.07
B0056CG4SE,10,3.4,49,0.7,0,0,0.2,0.1,0.2,0.1,0.4,
B0056I99WG,84,4.25,24,0.988095238,0.011904762,0.011904762,0.119047619,0.047619048,0.035714286,0.05952381,0.738095238,24.95
B0056NS2JM,12,4.5,0,1,0,0,0.083333333,0,0.083333333,0,0.833333333,
B00570QEZI,32,4.28125,13,1,0.03125,0.03125,0.09375,0.03125,0.0625,0.125,0.6875,21.44
B00570QTQC,14,4.571428571,0,1,0,0,0.071428571,0,0,0.142857143,0.785714286,
B00570RL0K,5,3.6,4,1,0.2,0.2,0,0.4,0,0.2,0.4,
B0057APR3I,2,3,4,1,0,0,0.5,0,0,0,0.5,
B0057PAFVM,6,3.166666667,18,0.5,0,0,0.166666667,0.166666667,0.333333333,0,0.333333333,5599
B0057YO0IM,3,1,43,0,0,0,1,0,0,0,0,
B0059707R0,3,4,8,0.666666667,0,0,0,0,0,1,0,
B005AR6Q6K,8,4.875,7,1,0,0,0,0,0,0.125,0.875,59.67
B005AR6RK0,11,4.727272727,0,1,0,0,0,0.090909091,0,0,0.909090909,
B005AR6RNC,3,5,2,1,0,0,0,0,0,0,1,
B005AR6S18,1,5,1,1,0,0,0,0,0,0,1,
B005AR70O2,26,4.769230769,2,1,0,0,0,0,0.038461538,0.153846154,0.807692308,30.83
B005AR70YW,25,4.92,8,1,0,0,0,0,0.04,0,0.96,54.03
B005AR74L6,16,4.5625,2,1,0.0625,0.0625,0,0.0625,0,0.25,0.6875,
B005AR76M8,61,4.672131148,17,0.983606557,0.016393443,0.016393443,0,0.016393443,0.081967213,0.114754098,0.786885246,118.24
B005AR78OO,2,5,1,1,0,0,0,0,0,0,1,73
B005AR7B0U,1,5,0,1,0,0,0,0,0,0,1,
B005AR7JUM,7,4.571428571,0,1,0,0,0,0,0,0.428571429,0.571428571,114.19
B005AR93E2,4,4.5,2,1,0,0,0,0,0.25,0,0.75,52.98
B005AR9K0E,2,5,0,1,0,0,0,0,0,0,1,54.01
B005ARBB1K,16,3.6875,7,1,0,0,0.25,0.0625,0,0.125,0.5625,23.81
B005ARC7YK,12,4.333333333,1,0.916666667,0,0,0.083333333,0,0.166666667,0,0.75,59.66
B005ARC9BG,11,4.363636364,1,1,0,0,0.090909091,0,0,0.272727273,0.636363636,53.53
B005ARCI8U,3,5,0,1,0,0,0,0,0,0,1,
B005ARCKC4,2,4.5,1,1,0,0,0,0,0,0.5,0.5,62.54
B005B45YVK,2,4.5,0,1,0,0,0,0,0,0.5,0.5,89.95
B005B46ZRM,4,5,0,1,0,0,0,0,0,0,1,33.68
B005B48FPM,6,4.333333333,0,1,0,0,0,0.166666667,0,0.166666667,0.666666667,32.95
B005B48JX0,1,5,0,1,0,0,0,0,0,0,1,
B005B48LBU,5,4.6,2,1,0,0,0,0,0.2,0,0.8,35.92
B005B48RUU,16,4.3125,7,0.9375,0.0625,0.0625,0.0625,0,0.125,0.1875,0.625,
B005B4D98A,1,2,0,1,0,0,0,1,0,0,0,105
B005B4DULQ,1,1,11,1,0,0,1,0,0,0,0,113.06
B005B4DY4Y,5,4,0,1,0,0,0.2,0,0,0.2,0.6,
B005B5RJBW,4,5,2,1,0,0,0,0,0,0,1,
B005B5RM8W,3,5,4,1,0,0,0,0,0,0,1,
B005B9CGT8,5,4,9,1,0.2,0.2,0,0.2,0.2,0,0.6,99.98
B005B9CI3C,9,3.888888889,2,1,0,0,0.222222222,0,0.111111111,0,0.666666667,9.76
B005B9CI7I,4,4,1,1,0,0,0.25,0,0,0,0.75,
B005B9CN50,2,5,0,1,0,0,0,0,0,0,1,94.95
B005B9CTFY,15,4.933333333,0,1,0,0,0,0,0,0.066666667,0.933333333,25.49
B005B9CTQS,24,4.416666667,0,1,0,0,0,0,0.166666667,0.25,0.583333333,17.23
B005B9DOAI,8,4.75,1,1,0,0,0,0,0,0.25,0.75,48.33
B005B9EABU,16,4.4375,14,1,0,0,0.0625,0.0625,0,0.125,0.75,26.48
B005B9EE8Y,9,4,0,1,0,0,0.111111111,0,0,0.555555556,0.333333333,42.1
B005B9EG1Y,12,4.75,0,1,0,0,0,0.083333333,0,0,0.916666667,
B005B9EOEI,7,4.857142857,11,1,0,0,0,0,0,0.142857143,0.857142857,16
B005B9GGSK,2,4.5,2,1,0,0,0,0,0,0.5,0.5,
B005BA24S0,14,4.928571429,0,1,0,0,0,0,0,0.071428571,0.928571429,64.7
B005BA3ATW,5,5,0,1,0,0,0,0,0,0,1,7.98
B005BA3O6Q,5,4.4,0,1,0,0,0,0.2,0,0,0.8,
B005BA46EU,2,4.5,0,1,0,0,0,0,0,0.5,0.5,63.99
B005BA4RNK,17,4.294117647,1,1,0.117647059,0.117647059,0.058823529,0.117647059,0.058823529,0,0.764705882,90.85
B005BNL7UI,4,5,6,1,0,0,0,0,0,0,1,33.52
B005BNM838,2,5,0,1,0,0,0,0,0,0,1,
B005BNMDDI,8,5,3,1,0,0,0,0,0,0,1,64.77
B005BNMW3Y,6,5,0,1,0,0,0,0,0,0,1,
B005BNMWCA,12,4.75,19,0.916666667,0.083333333,0.083333333,0,0,0.083333333,0.083333333,0.833333333,
B005BNN1AC,7,4.428571429,0,1,0,0,0.142857143,0,0,0,0.857142857,52.68
B005BNN3L4,6,3.666666667,4,1,0,0,0.166666667,0,0.166666667,0.333333333,0.333333333,219.83
B005BWZNUY,3,4.666666667,9,1,0,0,0,0,0,0.333333333,0.666666667,
B005D9IR4Y,42,4.214285714,22,1,0.023809524,0.047619048,0.119047619,0.071428571,0,0.095238095,0.714285714,19.25
B005E0L4EW,8,4.5,0,1,0,0,0.125,0,0,0,0.875,12.5
B005E0LSCU,3,3.666666667,0,1,0.333333333,0.666666667,0.333333333,0,0,0,0.666666667,
B005EH0CFC,3,4,2,1,0,0,0,0,0.333333333,0.333333333,0.333333333,
B005FHUT86,6,5,2,0.833333333,0.166666667,0.166666667,0,0,0,0,1,
B005GM942C,46,3.565217391,112,0.97826087,0,0,0.130434783,0.108695652,0.173913043,0.239130435,0.347826087,
B005GXRXLA,5,4.4,1,1,0,0,0,0.2,0,0,0.8,69.48
B005GXRXQA,6,5,9,1,0,0,0,0,0,0,1,75.22
B005HF61ZQ,18,2.611111111,119,0.666666667,0.055555556,0.111111111,0.388888889,0.111111111,0.222222222,0.055555556,0.222222222,
B005HKEJO6,3,4.333333333,0,1,0,0,0,0,0.333333333,0,0.666666667,
B005IYFRUQ,8,4,9,0.875,0,0,0.125,0,0,0.5,0.375,9.9
B005J2HTQC,5,2.6,22,0.4,0,0,0.6,0,0,0,0.4,
B005KEE2VE,1,1,0,1,0,0,1,0,0,0,0,35.88
B005KPJXHQ,6,4.166666667,1,1,0,0,0,0,0.333333333,0.166666667,0.5,13.99
B005M2F07E,4,1.5,1,0.75,0,0,0.75,0,0.25,0,0,449.08
B005M393OO,17,3.352941176,2,1,0,0,0.294117647,0.058823529,0.117647059,0.058823529,0.470588235,8.99
B005MLBAQK,1,1,0,0,0,0,1,0,0,0,0,
B005NK21MM,27,4.222222222,28,0.888888889,0.037037037,0.074074074,0.111111111,0,0.074074074,0.185185185,0.62962963,
B005NTO93C,2,2.5,5,1,0,0,0.5,0,0,0.5,0,188
B005OW0TTG,3,4,50,0,0,0,0,0.333333333,0,0,0.666666667,
B005T5JW2S,6,4,8,0.5,0,0,0.166666667,0,0,0.333333333,0.5,300
B005VE8JEY,2,5,0,1,0,0,0,0,0,0,1,31.44
B005X9E6IK,1,5,3,1,0,0,0,0,0,0,1,
B005XCYQY6,4,4.25,5,1,0,0,0,0.25,0,0,0.75,
B005Y0RFKO,13,2.692307692,9,0.769230769,0,0,0.307692308,0.230769231,0.076923077,0.230769231,0.153846154,
B005Z48Y0Y,4,2.75,11,1,0,0,0.25,0.25,0.25,0,0.25,39.95
B006054VH2,2,1.5,1,1,0.5,0.5,0.5,0.5,0,0,0,10.7
B0061JQAKS,3,4,4,1,0,0,0,0.333333333,0,0,0.666666667,36.01
B0066EL9R2,13,4.384615385,8,0.923076923,0,0,0.076923077,0.076923077,0,0.076923077,0.769230769,43.68
B006H7EFZ6,7,5,0,0.857142857,0,0,0,0,0,0,1,13.84
B006H7HB7K,47,4.914893617,0,0.978723404,0,0,0,0,0,0.085106383,0.914893617,5.93
B006IW80HY,3,4.666666667,3,0.666666667,0,0,0,0,0,0.333333333,0.666666667,
B006NYWC1M,6,4.166666667,2,1,0,0,0.166666667,0,0,0.166666667,0.666666667,44.99
B006O8OBB6,4,4.25,4,1,0,0,0,0,0.25,0.25,0.5,9.99
B006R8A28E,14,4.642857143,14,1,0,0,0,0.071428571,0,0.142857143,0.785714286,
B006RWCZC6,50,3.96,4,0.92,0.02,0.02,0.1,0.1,0.14,0.06,0.6,6.95
B006WNGDBE,6,3.833333333,1,1,0,0,0.166666667,0.166666667,0,0,0.666666667,6.36
B006WNOGEU,6,4.333333333,2,1,0,0,0.166666667,0,0,0,0.833333333,
B006WOBNX6,7,4.571428571,0,1,0,0,0,0,0.142857143,0.142857143,0.714285714,7.51
B006WONMRQ,9,4.777777778,0,1,0,0,0,0,0.111111111,0,0.888888889,
B006ZBPEWM,15,4.733333333,0,1,0,0,0,0,0,0.266666667,0.733333333,29.17
B0071GKC5O,2,5,0,1,0,0,0,0,0,0,1,13.4
B0071NVGEI,7,4.714285714,0,1,0,0,0,0,0.142857143,0,0.857142857,
B0076COWCM,11,4.818181818,1,1,0,0,0,0,0,0.181818182,0.818181818,
B0076OTWXE,3,4.666666667,0,1,0,0,0,0,0,0.333333333,0.666666667,9.95
B0076OWE8E,6,3.333333333,4,1,0.166666667,0.666666667,0.333333333,0,0.166666667,0,0.5,27.14
B0076OXP78,6,4.833333333,3,1,0,0,0,0,0,0.166666667,0.833333333,28.5
B0076PNQ7G,3,2.333333333,3,1,0,0,0.333333333,0,0.666666667,0,0,
B007BJUMWY,2,2.5,0,1,0,0,0.5,0,0,0.5,0,
B007EEG3AG,4,2.5,10,1,0.25,0.25,0.25,0.5,0,0,0.25,15.98
B007FGGLAK,10,4.2,7,0.9,0,0,0,0.1,0.1,0.3,0.5,60.48
B007FTZNHO,13,4.230769231,77,1,0,0,0.076923077,0.153846154,0,0,0.769230769,
B007FUCNQ2,5,4.8,5,1,0,0,0,0,0,0.2,0.8,
B007KDYC3Q,3,5,1,1,0,0,0,0,0,0,1,45.72
B007KDZ6WC,13,4.769230769,2,1,0.076923077,0.076923077,0,0,0.076923077,0.076923077,0.846153846,72.86
B007NXPTBM,9,4.666666667,1,1,0,0,0,0.111111111,0,0,0.888888889,48.48
B007OWOK7Q,38,3.657894737,69,0.973684211,0,0,0.105263158,0.157894737,0.157894737,0.131578947,0.447368421,9.99
B007P55HOW,6,4.166666667,9,1,0,0,0.166666667,0,0,0.166666667,0.666666667,18.99
B007PNX0SE,3,3,40,1,0,0,0.333333333,0,0.333333333,0,0.333333333,
B007PNX1AG,9,3.222222222,3,0.666666667,0,0,0.222222222,0.222222222,0,0.222222222,0.333333333,949
B007Q12FLS,9,4.444444444,1,0.888888889,0,0,0,0,0.111111111,0.333333333,0.555555556,45.43
B007QAK8RC,6,3.833333333,6,1,0,0,0,0.166666667,0.333333333,0,0.5,
B007QFQZZG,5,4.8,0,1,0,0,0,0,0,0.2,0.8,16
B007RWOTI8,3,1,7,0,0,0,1,0,0,0,0,
B007SJEGVK,16,2.6875,14,1,0.0625,0.0625,0.1875,0.25,0.375,0.0625,0.125,8.99
B007T338RS,1,5,1,1,0,0,0,0,0,0,1,24.46
B007V5OBA2,3,5,1,1,0,0,0,0,0,0,1,11.76
B007X77HTK,14,4.5,5,1,0.071428571,0.071428571,0,0.071428571,0.071428571,0.142857143,0.714285714,
B007Z1KJT4,34,4.088235294,9,0.970588235,0.029411765,0.029411765,0.058823529,0.058823529,0.088235294,0.323529412,0.470588235,13.5
B0080050RU,6,4,5,0.833333333,0,0,0.166666667,0,0.166666667,0,0.666666667,
B0081E9HW4,3,5,0,1,0,0,0,0,0,0,1,
B0081EA05M,3,4.666666667,0,1,0,0,0,0,0,0.333333333,0.666666667,
B0081LUWTY,3,1,9,0,0,0,1,0,0,0,0,
B0081N3YW4,81,3.172839506,62,0.962962963,0.049382716,0.086419753,0.234567901,0.135802469,0.172839506,0.135802469,0.320987654,14.99
B0083GIKVY,5,2.2,12,1,0,0,0.4,0.2,0.2,0.2,0,
B0084ATWBG,11,4.909090909,1,1,0,0,0,0,0,0.090909091,0.909090909,18.99
B0085V07G8,3,4,10,1,0,0,0,0.333333333,0,0,0.666666667,
B0085ZIRFM,11,3.636363636,3,0.909090909,0,0,0.272727273,0,0,0.272727273,0.454545455,39
B0086A5DTE,4,2,53,0,0,0,0.5,0.25,0,0.25,0,
B0086TZ048,3,5,0,1,0,0,0,0,0,0,1,42.56
B0086TZ0L6,10,4.2,2,0.9,0,0,0.1,0,0,0.4,0.5,60.42
B0087PJE20,19,4.947368421,2,0.947368421,0,0,0,0,0,0.052631579,0.947368421,
B0089VAAF2,47,3.531914894,7,0.936170213,0,0,0.14893617,0.106382979,0.191489362,0.170212766,0.382978723,25.03
B0089VAAFM,12,4.583333333,2,1,0,0,0,0.083333333,0.083333333,0,0.833333333,39.28
B0089VAAIY,39,4.051282051,7,0.948717949,0,0,0.076923077,0.128205128,0.051282051,0.153846154,0.58974359,49.12
B008A9PGUM,6,2.333333333,5,0.833333333,0,0,0.666666667,0,0,0,0.333333333,22.54
B008B7VEWM,3,4.333333333,0,1,0,0,0,0,0.333333333,0,0.666666667,13.99
B008B7W3SQ,16,3.9375,2,1,0.0625,0.0625,0.125,0.125,0,0.1875,0.5625,23.99
B008B7W40S,36,4.5,25,1,0.055555556,0.055555556,0.055555556,0.027777778,0.055555556,0.083333333,0.777777778,20.99
B008B7ZQ4Y,9,4.888888889,4,1,0,0,0,0,0,0.111111111,0.888888889,26.44
B008B80E6I,12,4.333333333,1,1,0,0,0.083333333,0,0.083333333,0.166666667,0.666666667,14.99
B008B80EUY,4,3,1,1,0,0,0,0.5,0.25,0,0.25,19.99
B008B80FTE,6,4.5,6,1,0.166666667,0.166666667,0,0,0.166666667,0.166666667,0.666666667,13.69
B008B80FYY,4,3.75,1,1,0.25,1,0.25,0,0,0.25,0.5,10.25
B008BKE23M,10,3.2,1,1,0,0,0.4,0,0.1,0,0.5,12.99
B008DCMRH6,19,4.473684211,16,0.947368421,0,0,0.052631579,0,0.105263158,0.105263158,0.736842105,120.95
B008DJK000,9,4.777777778,0,0.888888889,0,0,0,0,0.111111111,0,0.888888889,
B008DJK1A4,3,4.333333333,0,1,0,0,0,0,0.333333333,0,0.666666667,
B008DJOL6O,4,3.75,2,1,0,0,0,0.25,0,0.5,0.25,142.17
B008DJRFDA,4,4.25,3,0.75,0,0,0,0.25,0,0,0.75,
B008DJSFDO,1,5,0,1,0,0,0,0,0,0,1,52.7
B008DK0JV4,5,3,4,1,0,0,0,0.4,0.4,0,0.2,
B008E18Z0E,11,3.909090909,0,0.909090909,0,0,0.090909091,0.181818182,0,0.181818182,0.545454545,9.74
B008I43NX6,10,4.4,2,1,0,0,0,0.1,0.1,0.1,0.7,37.99
B008JGDV1C,5,3.4,3,0.8,0,0,0.2,0.2,0,0.2,0.4,
B008KFDKM2,3,2.666666667,3,1,0,0,0.333333333,0,0.333333333,0.333333333,0,62.95
B008KFDKZE,3,5,0,1,0,0,0,0,0,0,1,
B008KFI1HQ,25,4.6,3,0.96,0,0,0.04,0,0.08,0.08,0.8,
B008KFIVQM,1,5,0,1,0,0,0,0,0,0,1,54.95
B008KWM3QY,1,3,0,1,0,0,0,0,1,0,0,
B008KWOHEU,7,3.857142857,4,1,0,0,0.285714286,0,0,0,0.714285714,
B008L3SRJO,8,3.5,2,1,0,0,0.125,0.125,0.125,0.375,0.25,18.18
B008LEXRCK,3,3.666666667,2,0.333333333,0,0,0.333333333,0,0,0,0.666666667,39.28
B008M2IBTA,1,5,0,1,0,0,0,0,0,0,1,
B008M2IDVG,4,3.25,0,1,0.25,0.75,0.25,0.25,0,0,0.5,
B008M2IQFO,16,4.5,12,1,0,0,0,0,0.125,0.25,0.625,47.26
B008OCHYO6,23,4.52173913,22,1,0,0,0.043478261,0.043478261,0.043478261,0.086956522,0.782608696,19.99
B008Q9BMI6,6,4.333333333,15,0.833333333,0,0,0.166666667,0,0,0,0.833333333,
B008RS3D1A,11,3.636363636,13,0.909090909,0,0,0.272727273,0.090909091,0,0,0.636363636,
B008TRUVAK,3,3.333333333,31,1,0,0,0.333333333,0,0,0.333333333,0.333333333,
B008UF4526,3,3.333333333,0,0.333333333,0,0,0.333333333,0,0,0.333333333,0.333333333,
B008VGQ2PM,12,4.75,0,1,0,0,0,0,0,0.25,0.75,
B008VZ91WO,20,4.3,59,1,0,0,0,0.05,0.15,0.25,0.55,19.99
B008XM677W,19,4.105263158,4,1,0,0,0.157894737,0,0.105263158,0.052631579,0.684210526,
B008YDS7WS,20,4.45,0,1,0,0,0,0.15,0,0.1,0.75,18.12
B008YDSETE,18,4.722222222,3,1,0,0,0,0,0.111111111,0.055555556,0.833333333,13.55
B008YDSH6E,42,4.523809524,55,1,0.047619048,0.047619048,0.071428571,0.023809524,0.023809524,0.071428571,0.80952381,13.95
B008YDSKL6,1,4,3,1,0,0,0,0,0,1,0,32.95
B008YDSLTW,19,4.526315789,5,0.947368421,0,0,0.052631579,0,0.052631579,0.157894737,0.736842105,
B008YDSP20,23,4.391304348,17,1,0,0,0.043478261,0.043478261,0.086956522,0.130434783,0.695652174,85.25
B008YDSRZK,7,4,1,0.857142857,0,0,0.142857143,0,0.142857143,0.142857143,0.571428571,134.9
B008YDT2MC,6,5,0,1,0,0,0,0,0,0,1,14.45
B008YSIC14,2,4.5,1,1,0,0,0,0,0,0.5,0.5,
B00901ZTS8,25,4.56,31,1,0,0,0.08,0,0.04,0.04,0.84,100.9
B00911474E,20,4,10,0.95,0,0,0.1,0,0.2,0.2,0.5,6.95
B0091IPE9Y,1,5,0,1,0,0,0,0,0,0,1,12.24
B0093Q43IW,5,4.8,0,1,0,0,0,0,0,0.2,0.8,
B0093Q74EW,3,5,1,1,0,0,0,0,0,0,1,114.95
B0093QTYRC,5,4.8,4,1,0,0,0,0,0,0.2,0.8,14.83
B0093QW3MK,1,5,2,1,0,0,0,0,0,0,1,12.95
B0093QXM2K,5,3,1,1,0,0,0.2,0.2,0.2,0.2,0.2,21.1
B0093R0QM8,3,3.666666667,0,1,0,0,0.333333333,0,0,0,0.666666667,18.85
B0094D0UF4,1,5,0,1,0,0,0,0,0,0,1,84.95
B0097C43BO,12,3.416666667,32,0.916666667,0,0,0.333333333,0,0,0.25,0.416666667,
B0099YA2YW,1,3,3,1,0,0,0,0,1,0,0,
B009ABWQP2,3,5,1,1,0.333333333,0.333333333,0,0,0,0,1,59
B009AK62U8,7,3.714285714,96,0.857142857,0.285714286,0.285714286,0.142857143,0,0.285714286,0.142857143,0.428571429,
B009AX2PJM,4,5,0,1,0.25,0.25,0,0,0,0,1,29.95
B009AXE36K,2,5,0,1,0,0,0,0,0,0,1,20.41
B009CEUJCE,5,5,0,0.8,0,0,0,0,0,0,1,15.99
B009CZS98Y,10,4,35,0.9,0.1,0.2,0.1,0,0.1,0.4,0.4,19.99
B009E489E2,2,4.5,0,1,0,0,0,0,0,0.5,0.5,17.99
B009FH2G60,4,4.75,1,1,0,0,0,0,0,0.25,0.75,9.24
B009H2JQIO,9,4.888888889,1,1,0,0,0,0,0,0.111111111,0.888888889,7.83
B009HQGFVG,5,3.6,0,1,0,0,0,0.2,0.4,0,0.4,13.97
B009IESWKO,5,1.2,28,0,0,0,0.8,0.2,0,0,0,
B009K2BBQG,78,3.782051282,70,1,0.051282051,0.076923077,0.141025641,0.051282051,0.179487179,0.141025641,0.487179487,
B009LJ9V8I,4,5,0,1,0,0,0,0,0,0,1,
B009SANIDO,22,4.454545455,21,1,0.045454545,0.045454545,0.045454545,0.045454545,0.045454545,0.136363636,0.727272727,10
B009TC98JE,3,4.333333333,9,0.666666667,0.333333333,0.333333333,0,0,0,0.666666667,0.333333333,
B009UW4LS6,13,4.384615385,2,1,0,0,0.076923077,0,0.076923077,0.153846154,0.692307692,60.1
B009Y3H1RO,2,4,0,1,0,0,0,0,0.5,0,0.5,15.99
B009YG19YM,5,3.8,5,0.8,0,0,0,0,0.4,0.4,0.2,
B00A16SU8M,3,5,1,1,0,0,0,0,0,0,1,
B00A16SX4S,8,4.75,0,1,0,0,0,0,0,0.25,0.75,102.31
B00A89FSTQ,4,3.25,6,1,0,0,0.25,0,0,0.75,0,
B00A8O047W,8,5,10,1,0,0,0,0,0,0,1,13.8
B00A8O0486,2,4.5,0,0.5,0,0,0,0,0,0.5,0.5,34.85
B00A8O048Q,12,4.25,3,1,0,0,0.166666667,0,0,0.083333333,0.75,14.27
B00A8O06YS,5,3.8,2,0.8,0,0,0.2,0,0.2,0,0.6,22.07
B00A8O06ZM,5,4.2,0,1,0,0,0.2,0,0,0,0.8,
B00A8O07I8,8,5,1,1,0,0,0,0,0,0,1,19.4
B00A8O07JC,27,4.555555556,6,0.962962963,0,0,0.037037037,0.037037037,0.037037037,0.111111111,0.777777778,42.57
B00A8O09HW,3,5,1,1,0,0,0,0,0,0,1,
B00A8O0D6E,2,2.5,0,0.5,0,0,0,0.5,0.5,0,0,260
B00A8O0D7S,3,5,0,1,0,0,0,0,0,0,1,29.73
B00A8O0DQ4,1,5,0,1,0,0,0,0,0,0,1,54.2
B00A9X8PSW,6,4.333333333,0,1,0,0,0.166666667,0,0,0,0.833333333,18.63
B00ACLUZ4I,3,5,0,1,0,0,0,0,0,0,1,
B00AF7RY4S,12,4.5,18,0.833333333,0,0,0.083333333,0,0.083333333,0,0.833333333,27.99
B00AF7RY8E,5,3.6,0,1,0.2,0.2,0.2,0.2,0,0,0.6,28
B00AF7SLFE,2,5,1,1,0,0,0,0,0,0,1,14.74
B00AF7U1CU,13,4.538461538,0,1,0,0,0.076923077,0,0,0.153846154,0.769230769,18.96
B00AF7U2TW,8,3.375,14,1,0.125,0.125,0.375,0,0,0.125,0.5,
B00AF7U4C2,20,4.35,3,0.95,0,0,0.1,0,0.1,0.05,0.75,47.86
B00AF7UQWK,5,4.8,2,1,0,0,0,0,0,0.2,0.8,16.1
B00AF7UY6I,30,4.433333333,55,1,0.033333333,0.066666667,0.066666667,0.066666667,0,0.1,0.766666667,54.95
B00AF7V5RU,3,4.666666667,1,1,0,0,0,0,0,0.333333333,0.666666667,101.88
B00AF7V7HI,3,3.666666667,2,1,0,0,0.333333333,0,0,0,0.666666667,45
B00AF7W48E,6,4.166666667,3,1,0,0,0,0.166666667,0.166666667,0,0.666666667,100.98
B00AF7WT8E,2,5,0,1,0,0,0,0,0,0,1,152.98
B00AF7WZTM,5,5,0,1,0,0,0,0,0,0,1,46.27
B00AF7X2ZS,5,5,1,1,0,0,0,0,0,0,1,38.88
B00AFCGXZO,1,5,0,1,0,0,0,0,0,0,1,14.99
B00AFCH78G,8,2.625,0,1,0.125,0.125,0.25,0.375,0.125,0,0.25,21.67
B00AFSMMEO,4,5,1,1,0,0,0,0,0,0,1,13.99
B00AFSMMTO,10,4.4,13,1,0,0,0.1,0,0.1,0,0.8,
B00AFSMOXS,11,4.272727273,13,1,0,0,0.090909091,0,0.181818182,0,0.727272727,14.95
B00AFSMXZW,6,4.333333333,3,0.833333333,0.166666667,0.333333333,0,0,0.166666667,0.333333333,0.5,23.85
B00AFSN6GM,7,4,1,1,0,0,0.142857143,0.142857143,0,0,0.714285714,60.99
B00AFSN798,10,4.7,0,1,0,0,0,0,0.1,0.1,0.8,14.98
B00AH5ZKEY,5,4,0,1,0,0,0.2,0,0,0.2,0.6,145.85
B00AH5ZKFS,8,4.75,2,0.875,0,0,0,0,0.125,0,0.875,122.8
B00AH5ZU2G,7,3.285714286,7,0.857142857,0,0,0.142857143,0.285714286,0,0.285714286,0.285714286,
B00AH608JU,2,4.5,0,1,0,0,0,0,0,0.5,0.5,
B00AH60IOA,2,1.5,1,1,0,0,0.5,0.5,0,0,0,
B00AJ0VXPC,3,3.666666667,1,1,0,0,0.333333333,0,0,0,0.666666667,98.89
B00AMF7V5K,6,4.5,0,1,0,0,0,0,0.166666667,0.166666667,0.666666667,9.99
B00AMF7W2C,20,4.95,8,1,0,0,0,0,0,0.05,0.95,14.84
B00AMF7X2G,30,2.933333333,28,0.833333333,0.066666667,0.066666667,0.266666667,0.166666667,0.2,0.1,0.266666667,65.95
B00AMF877G,4,4.25,0,1,0,0,0,0.25,0,0,0.75,
B00AMF8GL8,3,5,0,1,0,0,0,0,0,0,1,
B00AMF8HF8,20,3.95,422,0.8,0.25,0.55,0.1,0,0.2,0.25,0.45,66.6
B00AO6TMXQ,4,3,134,0.5,0,0,0.5,0,0,0,0.5,
B00AUDA192,1,5,0,1,0,0,0,0,0,0,1,
B00AUDA44Y,3,5,2,1,0,0,0,0,0,0,1,24.4
B00AUDABBU,1,4,0,1,0,0,0,0,0,1,0,
B00AUDAF5M,13,4.692307692,1,1,0,0,0.076923077,0,0,0,0.923076923,42.39
B00AUDAFKM,8,4.375,1,0.75,0,0,0.125,0,0,0.125,0.75,27.8
B00AUDAG2O,15,4.866666667,2,1,0,0,0,0,0,0.133333333,0.866666667,37
B00AUDAI0O,3,5,0,1,0,0,0,0,0,0,1,44.95
B00AUNNAVS,7,4,2,1,0,0,0.142857143,0.142857143,0,0,0.714285714,10.79
B00AUWTYN2,15,4.2,111,0.8,0.066666667,0.133333333,0.133333333,0,0,0.266666667,0.6,297
B00AV9P4AG,4,5,0,1,0,0,0,0,0,0,1,
B00AW04ZMM,65,3.692307692,570,0.907692308,0.030769231,0.123076923,0.215384615,0.046153846,0.061538462,0.184615385,0.492307692,
B00AYBKJ74,6,5,6,1,0,0,0,0,0,0,1,
B00AYBKSHU,3,5,0,1,0,0,0,0,0,0,1,4.05
B00AYBKUAA,11,4.454545455,17,1,0.090909091,0.090909091,0,0.181818182,0,0,0.818181818,
B00AYBL0IG,8,3.75,1,1,0,0,0.25,0,0,0.25,0.5,4.26
B00AYBL3H4,19,4.315789474,3,1,0,0,0.157894737,0,0,0.052631579,0.789473684,15.98
B00AYBLIOW,6,3.833333333,24,0.833333333,0.166666667,0.166666667,0.166666667,0.166666667,0,0,0.666666667,11.99
B00AYBLK68,11,3.818181818,1,1,0,0,0.090909091,0.181818182,0.090909091,0.090909091,0.545454545,8.98
B00AYBLS9C,4,4.75,0,1,0,0,0,0,0,0.25,0.75,
B00AYBLXCO,23,4.782608696,2,1,0,0,0.043478261,0,0,0.043478261,0.913043478,
B00AYBM09O,4,4,0,1,0,0,0.25,0,0,0,0.75,33.22
B00AYBM0F8,7,4.857142857,0,1,0,0,0,0,0,0.142857143,0.857142857,24.68
B00B0ZMNOU,72,3.930555556,18,0.902777778,0,0,0.125,0.083333333,0.097222222,0.125,0.569444444,15.22
B00B1WC6QM,4,4.75,0,1,0,0,0,0,0,0.25,0.75,
B00B2BPWFY,1,5,0,1,1,1,0,0,0,0,1,
B00B4VX510,2,5,2,1,0,0,0,0,0,0,1,
B00B4YASX0,3,1,4,0.666666667,0.666666667,0.666666667,1,0,0,0,0,
B00B5CS6PI,8,4.5,4,1,0,0,0,0,0.125,0.25,0.625,19.63
B00B8YSQOE,23,4,65,0.956521739,0,0,0.173913043,0.043478261,0.043478261,0.086956522,0.652173913,
B00BA052SO,10,2.9,2,0.9,0,0,0.3,0.2,0.1,0.1,0.3,9.88
B00BBKURGA,3,4,0,0.666666667,0,0,0,0.333333333,0,0,0.666666667,
B00BCKIGQ2,10,4.5,1,1,0,0,0,0.1,0.1,0,0.8,
B00BCNLMW4,5,3.8,1,1,0,0,0,0.2,0.2,0.2,0.4,
B00BEDW80W,1,5,0,1,0,0,0,0,0,0,1,
B00BF6ZDDW,3,3.333333333,1,1,0,0,0.333333333,0,0,0.333333333,0.333333333,
B00BFIH0PE,28,4.357142857,11,1,0.035714286,0.107142857,0,0.071428571,0.142857143,0.142857143,0.642857143,
B00BGARHZO,4,3.5,0,1,0,0,0,0.25,0.25,0.25,0.25,
B00BIZDI0A,31,4.35483871,5,0.967741935,0,0,0.096774194,0.032258065,0.032258065,0.096774194,0.741935484,13
B00BJ9T214,4,4.75,0,0.75,0,0,0,0,0,0.25,0.75,19.99
B00BJJY80E,6,4.833333333,2,1,0,0,0,0,0,0.166666667,0.833333333,31.49
B00BL4R872,6,3.333333333,3,1,0,0,0.333333333,0,0.166666667,0,0.5,
B00BLDGJBO,5,3.4,78,0.2,0,0,0.2,0,0.4,0,0.4,
B00BRX554A,10,3.8,2,1,0,0,0.1,0.1,0.2,0.1,0.5,35.49
B00BUFGMDI,17,4.529411765,7,1,0,0,0,0.058823529,0.058823529,0.176470588,0.705882353,8.99
B00BY8JSC8,7,3.285714286,1,0.857142857,0,0,0.285714286,0.142857143,0,0.142857143,0.428571429,
B00BZUCF3O,83,3.795180723,99,0.939759036,0,0,0.156626506,0.060240964,0.096385542,0.204819277,0.481927711,73.95
B00C6EDG4U,1,1,0,1,0,0,1,0,0,0,0,
B00C7KWCZ2,6,3.666666667,4,1,0,0,0.166666667,0,0.166666667,0.333333333,0.333333333,17.61
B00C7KWPS6,5,4.8,1,1,0,0,0,0,0,0.2,0.8,53.18
B00C7Z8G4S,11,4.727272727,14,0.636363636,0,0,0,0,0,0.272727273,0.727272727,
B00CBMF1IG,2,5,0,1,0,0,0,0,0,0,1,13.47
B00CBZ41XY,3,3.666666667,4,1,0,0,0.333333333,0,0,0,0.666666667,
B00CD4MW6Q,8,4.375,4,1,0,0,0.125,0,0,0.125,0.75,10.99
B00CD6KGQM,4,3.75,1,1,0,0,0.25,0,0,0.25,0.5,49.56
B00CD6KQUS,16,3.5625,19,1,0.0625,0.125,0.3125,0,0,0.1875,0.5,93.02
B00CDQZR3O,11,4.090909091,6,1,0.090909091,0.818181818,0.090909091,0.090909091,0.090909091,0.090909091,0.636363636,43.94
B00CDWXCDA,1,3,3,1,0,0,0,0,1,0,0,133
B00CKFI8HU,9,2,14,0.777777778,0.111111111,0.222222222,0.555555556,0.222222222,0,0.111111111,0.111111111,
B00CLVTE4Y,2,3,2,0.5,0,0,0,0.5,0,0.5,0,
B00CM3RLX2,1,2,0,1,0,0,0,1,0,0,0,37.24
B00CMCRCY6,3,4.333333333,2,1,0,0,0,0,0.333333333,0,0.666666667,21.95
B00CMHZQNU,2,3,0,1,0,0,0.5,0,0,0,0.5,13.99
B00COKDPUQ,6,1.833333333,15,0.166666667,0.166666667,0.333333333,0.5,0.333333333,0,0.166666667,0,
B00CX10OJ6,8,4.625,1,1,0,0,0,0,0.125,0.125,0.75,46.99
B00CX2IYE2,10,4.9,6,0.9,0,0,0,0,0,0.1,0.9,
B00CX9DU1C,10,3.9,1,1,0,0,0.2,0,0,0.3,0.5,69.48
B00CXNC6XG,3,3.333333333,6,0.666666667,0,0,0.333333333,0,0,0.333333333,0.333333333,
B00CXNCRVC,7,3.857142857,23,1,0.142857143,0.285714286,0.285714286,0,0,0,0.714285714,47.41
B00CXNI720,25,4.56,1,1,0.04,0.04,0.08,0,0.04,0.04,0.84,18.44
B00CZCCRSO,3,4.333333333,5,1,0,0,0,0,0.333333333,0,0.666666667,14.95
B00D09SEVA,6,4,24,0.666666667,0.166666667,0.333333333,0,0.166666667,0,0.5,0.333333333,
B00D18S5VO,3,3.666666667,29,1,0,0,0.333333333,0,0,0,0.666666667,
B00D1X37KI,9,4.111111111,6,0.888888889,0.111111111,0.111111111,0,0.111111111,0.111111111,0.333333333,0.444444444,
B00D2ZNAIY,2,3.5,0,1,0,0,0,0.5,0,0,0.5,
B00D36PQ9I,11,3.727272727,1,1,0,0,0.181818182,0.090909091,0.090909091,0.090909091,0.545454545,
B00D7JUXMQ,3,4.666666667,5,1,0,0,0,0,0,0.333333333,0.666666667,490
B00D8G49D2,10,5,0,1,0,0,0,0,0,0,1,
B00D8LHL7I,3,4.666666667,0,1,0,0,0,0,0,0.333333333,0.666666667,134.15
B00D8MF91M,4,4,0,1,0,0,0.25,0,0,0,0.75,122.95
B00D8W9I50,1,1,3,0,0,0,1,0,0,0,0,
B00DBOPOU8,7,4.428571429,2,1,0,0,0.142857143,0,0,0,0.857142857,17.99
B00DEAL854,4,3.75,0,1,0,0,0,0,0.5,0.25,0.25,9.99
B00DG281DC,3,4.333333333,2,1,0.333333333,1,0,0,0.333333333,0,0.666666667,
B00DM8J11G,2,4,1,1,0,0,0,0,0.5,0,0.5,8.5
B00DM8J15C,37,4.756756757,0,0.945945946,0,0,0,0,0.054054054,0.135135135,0.810810811,
B00DM8J2HE,11,4,11,1,0.181818182,0.181818182,0.090909091,0.090909091,0.090909091,0.181818182,0.545454545,10.61
B00DM8J2JM,5,5,0,1,0,0,0,0,0,0,1,30.44
B00DM8J3MI,25,4.48,6,0.96,0.04,0.04,0.04,0,0.12,0.12,0.72,4.85
B00DM8J3VY,4,5,0,1,0,0,0,0,0,0,1,18.23
B00DM8J5B2,3,4.666666667,0,1,0,0,0,0,0,0.333333333,0.666666667,12.58
B00DM8J5MQ,5,5,0,1,0,0,0,0,0,0,1,11.84
B00DM8J6RK,10,4.6,2,0.9,0,0,0,0.1,0,0.1,0.8,14.6
B00DM8JA80,38,4.394736842,5,0.973684211,0,0,0.078947368,0.026315789,0.026315789,0.157894737,0.710526316,
B00DM8JC0G,5,4.8,0,0.8,0,0,0,0,0,0.2,0.8,12.58
B00DM8JD0U,4,3.75,0,1,0,0,0.25,0,0,0.25,0.5,8.03
B00DM8JD1O,8,4.375,2,1,0.125,0.125,0.125,0,0,0.125,0.75,
B00DM8JFIK,31,4.806451613,23,1,0,0,0,0.032258065,0.032258065,0.032258065,0.903225806,125.53
B00DM8JGP2,3,5,0,1,0,0,0,0,0,0,1,
B00DM8JGQQ,5,4.8,1,1,0,0,0,0,0,0.2,0.8,10.58
B00DM8JIOQ,7,5,0,1,0,0,0,0,0,0,1,49.88
B00DM8JLAW,7,4.857142857,1,1,0,0,0,0,0,0.142857143,0.857142857,
B00DM8JMME,4,5,0,1,0,0,0,0,0,0,1,9.7
B00DM8JNWS,4,3,0,0.75,0,0,0.5,0,0,0,0.5,19.93
B00DM8JR7E,1,5,0,1,0,0,0,0,0,0,1,4.99
B00DM8JS8W,4,4.5,0,1,0,0,0,0,0,0.5,0.5,13.8
B00DM8JTKE,5,5,0,1,0,0,0,0,0,0,1,22.73
B00DM8JUK8,23,3.782608696,3,1,0,0,0.130434783,0.173913043,0.043478261,0.086956522,0.565217391,
B00DM8JULW,10,4.7,1,1,0,0,0,0,0.1,0.1,0.8,10.79
B00DM8JXNM,3,5,1,1,0,0,0,0,0,0,1,10.95
B00DM8JYUO,4,4.5,8,1,0,0,0,0,0,0.5,0.5,
B00DM8K1NS,63,4.349206349,12,1,0.015873016,0.047619048,0.063492063,0.031746032,0.111111111,0.079365079,0.714285714,
B00DM8K1R4,2,5,0,1,0,0,0,0,0,0,1,41.83
B00DM8K1UG,27,4.407407407,17,1,0.074074074,0.111111111,0.111111111,0,0.037037037,0.074074074,0.777777778,15
B00DM8K30Y,4,3.75,8,1,0.25,0.5,0.25,0,0,0.25,0.5,97.38
B00DM8KA7U,1,5,0,1,0,0,0,0,0,0,1,13.1
B00DM8KBVK,6,4.5,2,1,0,0,0,0.166666667,0,0,0.833333333,
B00DM8KBZ6,11,4.181818182,1,1,0,0,0.090909091,0,0.181818182,0.090909091,0.636363636,36.43
B00DM8KD90,1,5,0,1,0,0,0,0,0,0,1,26.94
B00DM8KEN0,4,5,0,1,0,0,0,0,0,0,1,12.54
B00DM8KGZG,5,4.8,0,1,0,0,0,0,0,0.2,0.8,42.06
B00DM8KIKY,9,4.333333333,1,1,0,0,0,0,0.111111111,0.444444444,0.444444444,
B00DM8KJSA,18,3.944444444,5,1,0,0,0.222222222,0,0,0.166666667,0.611111111,41.48
B00DM8KM82,23,4.739130435,9,1,0.043478261,0.086956522,0,0.043478261,0.043478261,0.043478261,0.869565217,27.89
B00DM8KOLW,33,4.424242424,0,0.96969697,0.03030303,0.060606061,0.060606061,0.03030303,0.121212121,0,0.787878788,46.09
B00DM8KORQ,12,4.416666667,6,1,0,0,0,0,0.083333333,0.416666667,0.5,65.65
B00DM8KSEA,2,5,0,1,0,0,0,0,0,0,1,15.92
B00DM8KTB2,3,5,0,1,0,0,0,0,0,0,1,23.79
B00DM8KTHG,10,4.6,1,1,0,0,0,0.1,0,0.1,0.8,74.49
B00DM8KTHQ,2,5,0,1,0,0,0,0,0,0,1,
B00DM8KXUO,33,4.393939394,4,0.96969697,0,0,0.060606061,0.03030303,0.060606061,0.151515152,0.696969697,13.82
B00DM8KY3U,5,2.6,2,1,0,0,0.4,0.2,0,0.2,0.2,29.24
B00DM8L056,25,3.84,8,0.96,0.08,0.24,0.24,0.04,0,0.08,0.64,
B00DM8L0A6,3,3.666666667,0,1,0,0,0.333333333,0,0,0,0.666666667,19.38
B00DM8L178,16,3.9375,11,1,0.0625,0.0625,0.125,0,0.125,0.3125,0.4375,18.35
B00DM8L2AO,8,3.75,0,1,0,0,0.25,0,0,0.25,0.5,11.29
B00DM8L6A0,2,4.5,0,1,0,0,0,0,0,0.5,0.5,23.97
B00DM8L8DK,51,4.431372549,4,0.980392157,0.019607843,0.019607843,0.039215686,0.078431373,0.019607843,0.137254902,0.725490196,
B00DM8LAI8,19,4.789473684,4,1,0,0,0,0.052631579,0,0.052631579,0.894736842,11.24
B00DM8LCA4,5,5,0,1,0,0,0,0,0,0,1,31.12
B00DM8LE8E,20,4.05,47,1,0,0,0.1,0.1,0.05,0.15,0.6,220.07
B00DM8LEAC,13,4.153846154,1,0.923076923,0,0,0.153846154,0.076923077,0,0,0.769230769,23.85
B00DM8LECK,17,4.882352941,8,0.882352941,0,0,0,0,0,0.117647059,0.882352941,8.57
B00DM8LIIA,12,4.416666667,2,1,0,0,0,0.083333333,0,0.333333333,0.583333333,43.6
B00DM8LOWU,11,4.636363636,1,0.909090909,0,0,0,0,0.090909091,0.181818182,0.727272727,30.15
B00DM8LQAU,2,5,0,1,0,0,0,0,0,0,1,31.6
B00DM8LQGO,12,4.583333333,1,1,0,0,0,0,0.083333333,0.25,0.666666667,56.76
B00DM8LVB4,4,4.25,0,1,0,0,0,0,0.25,0.25,0.5,39.16
B00DM8M1OK,3,5,0,1,0,0,0,0,0,0,1,9.93
B00DM8M33E,3,5,2,1,0,0,0,0,0,0,1,6.83
B00DM8M500,10,5,0,1,0,0,0,0,0,0,1,23.3
B00DM8M6GI,3,4.666666667,1,1,0,0,0,0,0,0.333333333,0.666666667,44.37
B00DM8MCX0,4,4.75,1,1,0,0,0,0,0,0.25,0.75,18
B00DM8MDN4,12,4.75,1,0.916666667,0,0,0,0,0.083333333,0.083333333,0.833333333,120.99
B00DNCJRX8,10,3.2,19,1,0,0,0.3,0.1,0.1,0.1,0.4,
B00DNGQWLE,8,4.25,0,1,0,0,0.125,0,0,0.25,0.625,
B00DNGRIKI,4,5,3,1,0,0,0,0,0,0,1,26.45
B00DNGS1E0,1,5,0,1,0,0,0,0,0,0,1,26.7
B00DNGS2X0,8,4.25,7,0.875,0,0,0.125,0,0,0.25,0.625,26.2
B00DQCK0EU,18,4.388888889,0,1,0,0,0.111111111,0,0.055555556,0.055555556,0.777777778,
B00DQK60LO,3,4.666666667,0,1,0,0,0,0,0,0.333333333,0.666666667,6.98
B00DQVE4ZW,5,5,1,1,0,0,0,0,0,0,1,8.43
B00DR8L8XU,2,4,0,1,0,0,0,0,0.5,0,0.5,
B00DRI9L3O,17,4.235294118,2,1,0,0,0.117647059,0.058823529,0,0.117647059,0.705882353,44.1
B00DRIFXL8,9,4,11,1,0,0,0.111111111,0,0.222222222,0.111111111,0.555555556,94.95
B00DSO4YU2,8,4.875,2,1,0,0,0,0,0,0.125,0.875,
B00DUGIO36,6,3.666666667,2,0.833333333,0,0,0.333333333,0,0,0,0.666666667,43.84
B00DUX54J6,7,4.285714286,6,1,0,0,0,0.142857143,0.142857143,0,0.714285714,14.99
B00DV1GC84,7,3.428571429,1,1,0,0,0.142857143,0,0.285714286,0.428571429,0.142857143,
B00DVPRPWM,8,4.25,3,1,0,0,0.125,0,0.125,0,0.75,15.95
B00DWFYU9C,2,4.5,0,1,0,0,0,0,0,0.5,0.5,69.9
B00DYZ1P4I,6,4,11,1,0,0,0,0.166666667,0.166666667,0.166666667,0.5,
B00DZFD10I,2,5,0,1,0,0,0,0,0,0,1,
B00DZU7DWK,4,4.5,0,1,0,0,0,0,0.25,0,0.75,16.25
B00DZU7LGS,6,4.666666667,0,1,0,0,0,0,0.166666667,0,0.833333333,10.73
B00DZU7LJU,8,5,0,1,0,0,0,0,0,0,1,34.08
B00DZU7RTO,11,4.909090909,1,1,0,0,0,0,0,0.090909091,0.909090909,74.03
B00DZU7V0O,4,5,0,1,0.25,0.75,0,0,0,0,1,11.9
B00DZU7V6S,2,4,1,1,0,0,0,0,0.5,0,0.5,53.9
B00DZU7X6Q,5,4.6,0,1,0,0,0,0,0.2,0,0.8,35.3
B00DZU8GMQ,2,5,0,1,0,0,0,0,0,0,1,
B00DZU8S1A,9,4.222222222,21,1,0.111111111,0.111111111,0.111111111,0,0.111111111,0.111111111,0.666666667,
B00DZU8XGA,4,4,1,1,0,0,0,0,0.5,0,0.5,21.05
B00DZU8ZYU,3,5,0,1,0,0,0,0,0,0,1,
B00DZU94OA,6,5,2,1,0,0,0,0,0,0,1,15.8
B00DZU94S6,7,4.428571429,0,1,0,0,0,0.142857143,0,0.142857143,0.714285714,25.97
B00DZU953K,1,5,0,1,0,0,0,0,0,0,1,
B00DZU99TK,11,4.454545455,0,1,0,0,0.090909091,0,0,0.181818182,0.727272727,14.14
B00DZU9D1E,7,4.857142857,0,1,0,0,0,0,0,0.142857143,0.857142857,26.11
B00DZU9HII,4,5,0,1,0,0,0,0,0,0,1,134.43
B00DZU9MR4,2,5,0,1,0,0,0,0,0,0,1,
B00DZU9MTM,3,4.666666667,0,1,0,0,0,0,0,0.333333333,0.666666667,29
B00DZU9PIA,2,3.5,0,1,0,0,0,0.5,0,0,0.5,79.86
B00DZU9S3C,2,5,0,1,0,0,0,0,0,0,1,
B00DZUA58O,2,5,0,1,0,0,0,0,0,0,1,125.22
B00DZUACV4,2,4.5,0,1,0,0,0,0,0,0.5,0.5,9.87
B00DZUAEIA,2,4.5,2,1,0,0,0,0,0,0.5,0.5,34.92
B00DZUAPBG,13,4.615384615,2,1,0,0,0,0.076923077,0,0.153846154,0.769230769,
B00DZUARB4,3,5,1,1,0,0,0,0,0,0,1,10
B00DZUARI2,3,2.333333333,0,1,0.333333333,0.333333333,0.666666667,0,0,0,0.333333333,
B00DZUB1U0,2,4,0,1,0.5,0.5,0,0,0.5,0,0.5,23.76
B00DZUB24A,10,4.1,5,0.9,0,0,0,0.2,0,0.3,0.5,27.86
B00DZUB78Q,5,4.8,0,1,0,0,0,0,0,0.2,0.8,
B00DZUB7EA,3,5,0,1,0,0,0,0,0,0,1,22.31
B00DZUBDQC,1,5,0,1,0,0,0,0,0,0,1,
B00DZUBKOM,4,4.5,1,1,0,0,0,0,0.25,0,0.75,147.66
B00DZUBP3S,3,5,7,1,0,0,0,0,0,0,1,38.58
B00DZUBQKA,4,4.25,2,1,0,0,0,0.25,0,0,0.75,19.31
B00E0CVL16,3,3.666666667,1,1,0,0,0.333333333,0,0,0,0.666666667,73.5
B00E0CVL48,7,3.714285714,0,1,0,0,0.285714286,0,0,0.142857143,0.571428571,111.55
B00E0CVTHM,2,4.5,1,1,0,0,0,0,0,0.5,0.5,
B00E0CVX32,15,3.866666667,7,1,0,0,0.2,0.066666667,0.066666667,0,0.666666667,
B00E0CVYBI,6,4.666666667,0,1,0,0,0,0,0,0.333333333,0.666666667,147.51
B00E0CW2KU,9,4,2,1,0,0,0.111111111,0.111111111,0,0.222222222,0.555555556,35.66
B00E0CW9MG,3,5,2,1,0.333333333,1,0,0,0,0,1,137.95
B00E0CWAI4,2,5,0,1,0,0,0,0,0,0,1,99.99
B00E0CWC5K,5,3.2,5,0.6,0,0,0.2,0.2,0,0.4,0.2,93.57
B00E0CWGNS,9,4.444444444,6,1,0,0,0.111111111,0,0,0.111111111,0.777777778,23.79
B00E0CWHUU,8,3.875,1,1,0,0,0.125,0,0.125,0.375,0.375,26.95
B00E0CWLYW,3,3.666666667,0,1,0,0,0.333333333,0,0,0,0.666666667,238.37
B00E0CWNB8,6,4.166666667,7,1,0,0,0,0,0.166666667,0.5,0.333333333,35.31
B00E1AGSQ0,6,4.666666667,0,1,0,0,0,0,0,0.333333333,0.666666667,
B00E58P6WU,8,4.125,13,1,0.25,0.5,0.125,0,0.125,0.125,0.625,39.5
B00E58P7ME,32,4.5,25,0.9375,0,0,0.03125,0.03125,0.0625,0.15625,0.71875,15
B00E58P81E,13,4.461538462,1,1,0,0,0.076923077,0,0.076923077,0.076923077,0.769230769,15
B00E62ZLZM,7,3.571428571,0,1,0,0,0.285714286,0,0.142857143,0,0.571428571,18.12
B00E634HKG,4,5,0,1,0,0,0,0,0,0,1,
B00E84Q15C,75,4.173333333,2,0.973333333,0.013333333,0.013333333,0.093333333,0.053333333,0.08,0.133333333,0.64,9.55
B00E8KC36M,32,4.28125,30,1,0.25,0.28125,0.03125,0.0625,0.09375,0.21875,0.59375,
B00EAMDNZI,2,5,0,1,0,0,0,0,0,0,1,10.99
B00EBIL8IA,7,4.428571429,2,1,0,0,0,0,0,0.571428571,0.428571429,41.99
B00EBIM09G,8,5,1,1,0,0,0,0,0,0,1,35.95
B00EBIZ2O6,2,5,1,1,0.5,1.5,0,0,0,0,1,31.68
B00ECECVSO,11,3.090909091,12,1,0,0,0.454545455,0,0,0.090909091,0.454545455,
B00ECV2MRC,7,4.285714286,2,1,0,0,0,0,0.285714286,0.142857143,0.571428571,22
B00ECV2V2S,8,4.75,0,1,0,0,0,0,0.125,0,0.875,39.09
B00ECV30FU,5,4.8,4,1,0,0,0,0,0,0.2,0.8,145.03
B00ECV33DY,1,4,0,1,0,0,0,0,0,1,0,135.72
B00ECV3780,3,4.666666667,0,1,0,0,0,0,0,0.333333333,0.666666667,112.26
B00ECV3G54,4,4.25,0,1,0,0,0,0,0.25,0.25,0.5,76
B00ECV3JHY,2,3,0,1,0,0,0.5,0,0,0,0.5,
B00ECV4AB8,2,5,0,1,0,0,0,0,0,0,1,11.54
B00ECV4AD6,17,4.352941176,8,0.941176471,0,0,0.058823529,0.117647059,0,0.058823529,0.764705882,9.42
B00ECV4BXU,7,4.285714286,1,1,0.142857143,0.142857143,0.142857143,0,0,0.142857143,0.714285714,16.95
B00ECV5DPK,8,5,5,1,0,0,0,0,0,0,1,15.32
B00ECV5FXA,7,4.857142857,10,1,0,0,0,0,0,0.142857143,0.857142857,13.52
B00ECV5HYC,6,5,1,1,0,0,0,0,0,0,1,63.76
B00ECV5J22,10,4.6,2,1,0,0,0,0,0.1,0.2,0.7,
B00ECV5LHK,10,4.7,3,1,0,0,0,0,0.1,0.1,0.8,19.25
B00ECV5LKM,3,4.666666667,4,1,0,0,0,0,0,0.333333333,0.666666667,81.29
B00ECV5MQ0,4,4.75,0,1,0,0,0,0,0,0.25,0.75,120.63
B00ECV5TMC,5,4.4,0,1,0,0,0,0,0.2,0.2,0.6,10.93
B00ECV5Y36,1,5,0,1,0,0,0,0,0,0,1,43.7
B00ECV5YWM,4,5,1,0.75,0,0,0,0,0,0,1,14.8
B00ECV65W0,5,4.2,0,0.8,0,0,0,0,0.2,0.4,0.4,16.37
B00ECV6EEO,7,3.714285714,3,1,0,0,0.142857143,0.142857143,0,0.285714286,0.428571429,8.75
B00ECV6IBI,3,5,0,1,0,0,0,0,0,0,1,20.47
B00ECX038A,56,4.160714286,7,0.982142857,0.035714286,0.071428571,0.089285714,0.107142857,0.053571429,0.053571429,0.696428571,13.99
B00ECX06WS,11,3.909090909,21,1,0.181818182,0.181818182,0.272727273,0,0,0,0.727272727,
B00ECX099I,3,4.666666667,2,1,0,0,0,0,0,0.333333333,0.666666667,76.71
B00ECX09KC,7,3.714285714,1,1,0.142857143,0.142857143,0.285714286,0,0,0.142857143,0.571428571,18.4
B00ECX0ADS,5,5,1,1,0,0,0,0,0,0,1,16.92
B00ECX0AFQ,9,4.777777778,2,1,0,0,0,0,0,0.222222222,0.777777778,17.95
B00ECX0BQ4,2,3,5,1,0.5,0.5,0.5,0,0,0,0.5,70.5
B00ECX0CSQ,5,4.8,0,1,0,0,0,0,0,0.2,0.8,9.33
B00ECX0EPM,7,2.714285714,33,0.857142857,0,0,0.428571429,0,0.285714286,0,0.285714286,13.96
B00ECX0FD8,4,2.75,0,1,0,0,0.5,0,0,0.25,0.25,24.63
B00ECX0FVA,11,3.545454545,11,1,0.090909091,0.090909091,0.272727273,0.090909091,0,0.090909091,0.545454545,13.16
B00EFPY1VA,10,4.1,2,1,0,0,0.2,0,0,0.1,0.7,
B00EJQ97AA,2,1.5,0,1,0,0,0.5,0.5,0,0,0,
B00EJQJ19C,2,5,0,1,0,0,0,0,0,0,1,
B00EKZD4MM,5,4.8,2,1,0.2,0.2,0,0,0,0.2,0.8,
B00ELIWHH6,1,5,0,1,0,0,0,0,0,0,1,91.74
B00EM2JO9U,4,2,54,0,0,0,0.5,0.25,0,0.25,0,
B00EN1T4EA,7,4.142857143,1,1,0,0,0.142857143,0,0.142857143,0,0.714285714,27.99
B00EN8PJN8,6,4,0,1,0,0,0.166666667,0,0.166666667,0,0.666666667,63.59
B00EORXEUS,14,4.357142857,8,1,0,0,0.142857143,0,0,0.071428571,0.785714286,5.99
B00ERVN8AC,126,4.674603175,25,0.976190476,0.007936508,0.007936508,0.015873016,0.031746032,0.047619048,0.071428571,0.833333333,18.99
B00ES4XO98,6,4.666666667,1,1,0,0,0,0,0,0.333333333,0.666666667,8.5
B00ET2D51Q,1,5,0,1,0,0,0,0,0,0,1,
B00EWDALK0,6,4.166666667,32,0.666666667,0,0,0,0,0.333333333,0.166666667,0.5,
B00EXRILE8,14,4.142857143,3,0.928571429,0,0,0.142857143,0.071428571,0,0.071428571,0.714285714,36.52
B00EXT6RI8,2,4.5,0,1,0,0,0,0,0,0.5,0.5,12
B00EZACO8M,5,4,2,0.8,0,0,0.2,0,0,0.2,0.6,55.5
B00EZAD3QO,11,4.636363636,2,0.909090909,0,0,0.090909091,0,0,0,0.909090909,96.68
B00EZAD4A4,6,5,0,1,0,0,0,0,0,0,1,9.5
B00EZT5AQ6,5,4.2,5,1,0.2,0.4,0,0,0.4,0,0.6,14.07
B00F23OLDC,1,1,0,1,0,0,1,0,0,0,0,
B00F396J80,2,3,8,0,0,0,0.5,0,0,0,0.5,
B00F4MANCO,2,4,0,1,0,0,0,0,0.5,0,0.5,48.2
B00F4MHN86,2,4,0,1,0,0,0,0,0,1,0,
B00F6JBVYO,4,5,1,0.75,0,0,0,0,0,0,1,
B00F6UMCP0,2,5,0,1,0,0,0,0,0,0,1,46.68
B00FAV2EUI,3,3.666666667,0,1,0,0,0.333333333,0,0,0,0.666666667,11.99
B00FCIWQNE,2,4,0,1,0,0,0,0,0,1,0,
B00FE6LQRG,18,4.166666667,7,1,0,0,0.111111111,0.055555556,0.055555556,0.111111111,0.666666667,
B00FER7GN8,1,1,0,1,0,0,1,0,0,0,0,
B00FH42IFO,3,5,0,1,0,0,0,0,0,0,1,
B00FH46AGM,5,4.6,2,1,0,0,0,0,0.2,0,0.8,
B00FH470M0,1,5,0,1,0,0,0,0,0,0,1,18
B00FI6U0GU,3,4.666666667,1,1,0,0,0,0,0,0.333333333,0.666666667,19.95
B00FIS5X5G,1,5,2,1,0,0,0,0,0,0,1,12.99
B00FIYQCSC,13,3.923076923,3,1,0,0,0.076923077,0.153846154,0,0.307692308,0.461538462,169.95
B00FKIC6U4,1,5,0,1,0,0,0,0,0,0,1,
B00FKID7UC,4,5,0,1,0,0,0,0,0,0,1,
B00FKIR1B8,4,5,1,1,0,0,0,0,0,0,1,46.95
B00FMXXI72,2,5,0,1,0,0,0,0,0,0,1,
B00FPYFS9Y,15,4.533333333,1,1,0,0,0.066666667,0,0,0.2,0.733333333,24
B00FQRWJGK,2,5,0,1,0,0,0,0,0,0,1,13.94
B00FX73ZCA,2,4.5,0,1,0,0,0,0,0,0.5,0.5,38.99
B00FX740EW,1,5,0,1,0,0,0,0,0,0,1,
B00FZXGZTC,26,3.923076923,1,1,0,0,0.192307692,0,0.115384615,0.076923077,0.615384615,11.99
B00G2THQLE,4,4,0,1,0,0,0.25,0,0,0,0.75,
B00G3OYGXY,4,3.5,10,1,0,0,0.25,0,0,0.5,0.25,
B00G4KM6HU,5,3.6,2,1,0,0,0.2,0,0.2,0.2,0.4,
B00G5N1A3M,11,3.454545455,8,1,0.363636364,0.636363636,0.272727273,0.090909091,0.090909091,0,0.545454545,73.71
B00G8U8VWK,2,5,1,1,0,0,0,0,0,0,1,
B00GDLUDE8,5,4,0,1,0,0,0,0.2,0,0.4,0.4,
B00GDPSOI6,3,3.666666667,17,1,0,0,0,0,0.333333333,0.666666667,0,254.24
B00GHSJPVY,4,4.75,0,1,0,0,0,0,0,0.25,0.75,
B00GI3NA5A,6,3,6,1,0,0,0.333333333,0,0.166666667,0.333333333,0.166666667,
B00GIR1Z4Y,4,3.75,0,1,0,0,0,0,0.5,0.25,0.25,
B00GJRYGPI,7,4.571428571,3,1,0,0,0,0,0.142857143,0.142857143,0.714285714,29.39
B00GMIU0RM,3,5,0,1,0,0,0,0,0,0,1,10.2
B00GN92KQ4,64,2.625,1252,0.671875,0.015625,0.015625,0.375,0.15625,0.171875,0.0625,0.234375,9.99
B00GNIWC40,3,2.666666667,3,0.666666667,0.333333333,0.666666667,0.333333333,0,0.333333333,0.333333333,0,
B00GNLMGS4,2,4,0,1,0,0,0,0,0,1,0,
B00GNM8V0A,8,4,1,1,0,0,0.125,0,0.25,0,0.625,
B00GOFSTGM,11,3.181818182,0,1,0,0,0.181818182,0.181818182,0.181818182,0.181818182,0.272727273,
B00GPXASXK,77,3.61038961,55,0.987012987,0.051948052,0.090909091,0.168831169,0.116883117,0.142857143,0.077922078,0.493506494,7.13
B00GQBJ96I,14,4.571428571,2,1,0,0,0,0,0,0.428571429,0.571428571,13.8
B00GTV8F2E,9,3.888888889,20,1,0,0,0,0.222222222,0.222222222,0,0.555555556,17.27
B00H0K6NVI,5,5,0,1,0,0,0,0,0,0,1,
B00H3G7FR0,9,4.555555556,1,1,0,0,0,0.111111111,0,0.111111111,0.777777778,22.68
B00H3UREOK,1,1,1,0,0,0,1,0,0,0,0,
B00H3VTZ1O,6,3.833333333,0,0.833333333,0,0,0.166666667,0,0.166666667,0.166666667,0.5,
B00H4G2UCY,23,3.913043478,33,0.956521739,0,0,0.086956522,0.130434783,0.130434783,0.086956522,0.565217391,8.99
B00H561XGM,2,5,0,1,0,0,0,0,0,0,1,36
B00H7O9II2,13,4.923076923,1,1,0,0,0,0,0,0.076923077,0.923076923,88.99
B00H9HS3BK,5,4.2,0,1,0,0,0,0,0.2,0.4,0.4,125.53
B00HG055A2,11,3.636363636,5,1,0,0,0.272727273,0.090909091,0,0,0.636363636,18.5
B00HL0RBEU,31,4.322580645,12,1,0.032258065,0.064516129,0,0.096774194,0.161290323,0.064516129,0.677419355,8.79
B00HN8WRX0,2,5,0,1,0,0,0,0,0,0,1,
B00HNEJ06Q,9,3.444444444,4,1,0,0,0.333333333,0,0,0.222222222,0.444444444,
B00HNEJHE6,8,4.5,5,1,0,0,0,0,0,0.5,0.5,111.62
B00HNEJHGO,14,4.285714286,2,1,0.071428571,0.071428571,0.142857143,0,0,0.142857143,0.714285714,15.99
B00HOK51BW,6,4.666666667,2,1,0,0,0,0,0,0.333333333,0.666666667,44.65
B00HQ0A66K,19,4.368421053,37,1,0,0,0.052631579,0.105263158,0.052631579,0,0.789473684,6.55
B00HQI5M3E,4,3.25,2,1,0,0,0.25,0,0.25,0.25,0.25,16.72
B00HRIBV2E,5,3.6,2,1,0,0,0.2,0,0.2,0.2,0.4,
B00HSBRSKY,13,2.692307692,2,1,0,0,0.384615385,0.076923077,0.153846154,0.230769231,0.153846154,
B00HSO0LY6,3,3.666666667,4,0.666666667,0,0,0.333333333,0,0,0,0.666666667,81.99
B00HUIK0L4,1,5,14,1,0,0,0,0,0,0,1,
B00HUL1S2G,2,5,0,1,0,0,0,0,0,0,1,
B00HUM8SEG,1,4,1,1,0,0,0,0,0,1,0,
B00HUUR8WG,2,3.5,2,1,0,0,0,0.5,0,0,0.5,99.99
B00HYAOYZ6,6,4,4,0.833333333,0,0,0,0,0.333333333,0.333333333,0.333333333,
B00HYHJLZC,3,1.333333333,1,1,0,0,0.666666667,0.333333333,0,0,0,
B00HYWB4FW,6,3.666666667,2,1,0,0,0.333333333,0,0,0,0.666666667,
B00HYWFHD2,9,3.555555556,0,1,0,0,0.222222222,0,0.222222222,0.111111111,0.444444444,12.62
B00I0WOAI8,49,4.816326531,1,1,0,0,0,0.020408163,0,0.12244898,0.857142857,
B00I38DBCA,2,3,1,1,0.5,0.5,0.5,0,0,0,0.5,
B00I3QLGO2,8,3.125,26,1,0,0,0.375,0,0.125,0.125,0.375,
B00I4WE6FQ,3,5,0,1,0,0,0,0,0,0,1,48
B00I591KWK,16,4.5,0,1,0,0,0,0.0625,0.0625,0.1875,0.6875,
B00IB4BMDQ,154,4.409090909,35,0.987012987,0.071428571,0.090909091,0.064935065,0.032467532,0.064935065,0.103896104,0.733766234,26.4
B00ICS2QT0,2,5,0,0.5,0,0,0,0,0,0,1,9
B00ICS7PF0,2,4.5,0,1,0,0,0,0,0,0.5,0.5,7.65
B00IDW3K2M,6,5,3,1,0,0,0,0,0,0,1,220
B00IF93276,5,4.6,3,1,0,0,0,0,0.2,0,0.8,12.3
B00IK9TX4W,10,2.9,8,0.9,0,0,0.2,0.3,0.2,0,0.3,9.99
B00IKMWQMK,20,3.35,12,0.8,0.1,0.1,0.1,0.25,0.15,0.2,0.3,230
B00IMHFW9M,8,5,0,1,0,0,0,0,0,0,1,
B00IMO1SF2,10,4.5,18,1,0,0,0,0,0.2,0.1,0.7,62.01
B00IMOBPF0,2,5,0,1,0,0,0,0,0,0,1,43.99
B00INXG9MY,149,3.838926174,169,0.879194631,0.020134228,0.026845638,0.140939597,0.100671141,0.093959732,0.10738255,0.55704698,119.99
B00IO32PAI,5,5,4,1,0,0,0,0,0,0,1,25.71
B00IOSN6WO,8,4,2,1,0,0,0.125,0.125,0,0.125,0.625,13.19
B00IPPSBOY,5,4.8,0,1,0,0,0,0,0,0.2,0.8,
B00IPPUPG6,3,5,0,1,0,0,0,0,0,0,1,
B00IPPZFB6,2,4.5,0,1,0,0,0,0,0,0.5,0.5,29.95
B00IPPZG2E,10,5,1,1,0,0,0,0,0,0,1,29.95
B00IPPZKLQ,11,4.909090909,0,1,0,0,0,0,0,0.090909091,0.909090909,29.95
B00IPUA5ZW,6,3.666666667,2,1,0,0,0,0.166666667,0.333333333,0.166666667,0.333333333,14.99
B00IPZMAQE,11,4.545454545,10,1,0,0,0,0,0.181818182,0.090909091,0.727272727,
B00IQAC1AI,2,1,6,0,0,0,1,0,0,0,0,
B00IQIEBOE,2,5,0,1,0,0,0,0,0,0,1,10.99
B00IRH3CP8,1,1,0,1,0,0,1,0,0,0,0,34.95
B00IRVLGMK,11,4.636363636,3,1,0,0,0.090909091,0,0,0,0.909090909,81.99
B00IS93X22,5,2.4,0,1,0,0,0.6,0,0,0.2,0.2,
B00ISI5POC,5,4.2,0,1,0,0,0,0,0.2,0.4,0.4,12.95
B00ITPJK40,9,3.222222222,7,1,0,0,0.333333333,0.111111111,0,0.111111111,0.444444444,
B00IVO7RZS,5,5,0,1,0,0,0,0,0,0,1,
B00IVO8GAI,3,5,0,1,0,0,0,0,0,0,1,
B00IWW9KZY,4,4.75,0,1,0,0,0,0,0,0.25,0.75,33.8
B00IXRKS9A,2,5,0,1,0,0,0,0,0,0,1,12.93
B00IYUHBZU,3,3.666666667,0,1,0,0,0.333333333,0,0,0,0.666666667,8.47
B00IYUL8CC,4,4.75,1,1,0.25,0.25,0,0,0,0.25,0.75,29.99
B00IZMYRHW,5,3.8,2,1,0,0,0.2,0,0,0.4,0.4,8.49
B00J13WNAC,5,4.8,4,1,0,0,0,0,0,0.2,0.8,99.15
B00J1T304E,5,5,0,1,0.2,0.2,0,0,0,0,1,7.45
B00J3K2XB2,1,5,0,1,0,0,0,0,0,0,1,
B00J3YHZLG,21,4.80952381,7,1,0,0,0,0,0.047619048,0.095238095,0.857142857,
B00J635QBA,9,5,1,0.888888889,0,0,0,0,0,0,1,118.95
B00J7COW6K,12,3.916666667,7,1,0.083333333,0.083333333,0.166666667,0.083333333,0.083333333,0,0.666666667,145
B00J87JQG0,12,4.666666667,3,0.833333333,0.166666667,0.416666667,0,0.083333333,0,0.083333333,0.833333333,194.55
B00J87K5S8,3,4,0,1,0,0,0,0,0.333333333,0.333333333,0.333333333,21.29
B00J8HTRS2,1,4,0,1,0,0,0,0,0,1,0,110
B00JAOFKNY,2,4.5,2,0.5,0,0,0,0,0,0.5,0.5,
B00JDB5TO4,7,3,140,0.285714286,0,0,0.428571429,0,0.142857143,0,0.428571429,
B00JDS9Q3C,8,4,25,0.875,0,0,0.125,0,0.25,0,0.625,
B00JFG6YOG,17,4.588235294,3,1,0,0,0.058823529,0.058823529,0,0,0.882352941,61.14
B00JFHKAUE,3,3,3,1,0,0,0.333333333,0,0,0.666666667,0,
B00JI9YBMW,9,3.222222222,5,0.777777778,0,0,0.333333333,0.111111111,0,0.111111111,0.444444444,14.99
B00JQYGL2W,8,4.125,0,0.875,0,0,0.125,0,0.125,0.125,0.625,
B00JRKI3QM,4,4.5,26,1,0.25,0.5,0,0,0.25,0,0.75,
B00JV4DQSE,8,4,15,1,0,0,0.125,0,0.125,0.25,0.5,
B00JV8GLAK,6,2,74,0,0.5,2.166666667,0.666666667,0,0.166666667,0,0.166666667,
B00JVTQHVC,89,3.685393258,352,0.988764045,0.02247191,0.02247191,0.168539326,0.112359551,0.101123596,0.101123596,0.516853933,13.95
B00JVYNGTI,6,4.833333333,0,1,0,0,0,0,0,0.166666667,0.833333333,29.87
B00JVZD868,8,4,4,1,0.125,0.375,0.25,0,0,0,0.75,18.9
B00JX20PS8,12,4.583333333,6,0.833333333,0,0,0.083333333,0,0,0.083333333,0.833333333,59.99
B00K52T518,3,1.333333333,0,1,0,0,0.666666667,0.333333333,0,0,0,
B00K5RF7IS,12,3.75,17,1,0,0,0.166666667,0.166666667,0,0.083333333,0.583333333,
B00K5U2DGE,2,3,0,1,0,0,0.5,0,0,0,0.5,
B00K6PO8Y8,2,3.5,0,1,0,0,0,0.5,0,0,0.5,
B00K8HZI5W,23,4.47826087,2,1,0,0,0,0.043478261,0.086956522,0.217391304,0.652173913,74.09
B00KB94FTM,5,5,0,1,0,0,0,0,0,0,1,
B00KBM3JPK,10,3.8,1,1,0,0,0.1,0.1,0.2,0.1,0.5,8.5
B00KC7VZ2I,6,4.333333333,6,1,0,0,0.166666667,0,0,0,0.833333333,
B00KDPI8Z6,4,4.75,36,0.75,0,0,0,0,0,0.25,0.75,295.23
B00KGHWL0Y,2,3.5,0,1,0,0,0,0.5,0,0,0.5,30.48
B00KGHWNX4,13,4.461538462,7,1,0.076923077,0.076923077,0.076923077,0.076923077,0,0,0.846153846,35.22
B00KGHWQXQ,10,4.8,0,0.9,0,0,0,0,0.1,0,0.9,29.44
B00KGHWR44,5,3.6,1,1,0,0,0.2,0.2,0,0,0.6,
B00KGHWWYE,8,4.375,0,1,0,0,0.125,0,0,0.125,0.75,43.59
B00KGHWWYO,7,4.714285714,1,1,0,0,0,0,0,0.285714286,0.714285714,
B00KHJ5HOS,11,4,2,1,0,0,0.181818182,0,0.090909091,0.090909091,0.636363636,
B00KJ07SEM,282,4.304964539,147,0.964539007,0.014184397,0.021276596,0.09929078,0.046099291,0.028368794,0.102836879,0.723404255,24.99
B00KNL855I,6,3,2,0.833333333,0,0,0,0.5,0.166666667,0.166666667,0.166666667,
B00KOWLOA4,4,5,2,1,0,0,0,0,0,0,1,22.55
B00KOWSLQ4,10,4.7,7,1,0,0,0,0.1,0,0,0.9,18.14
B00KRLKXA4,10,3.9,5,0.8,0,0,0.1,0.1,0.1,0.2,0.5,
B00KXKFGU6,2,5,0,1,0,0,0,0,0,0,1,
B00L0IGSP2,6,3.333333333,0,1,0,0,0.333333333,0,0.166666667,0,0.5,53.05
B00L0KXIWG,5,3.4,4,0.6,0,0,0.2,0.2,0,0.2,0.4,359.99
B00L1G78ZM,4,4,2,1,0,0,0.25,0,0,0,0.75,
B00L1JT4YM,124,3.725806452,123,0.975806452,0.048387097,0.072580645,0.217741935,0.056451613,0.056451613,0.120967742,0.548387097,24.99
B00L2F0BX8,8,3.5,2,1,0,0,0.125,0.25,0.125,0,0.5,34.64
B00L497CM0,3,3.666666667,3,0.666666667,0,0,0.333333333,0,0,0,0.666666667,
B00L4G729G,3,5,0,1,0,0,0,0,0,0,1,40.48
B00L4G7EW6,3,4.333333333,0,1,0,0,0,0,0.333333333,0,0.666666667,11.46
B00L4G7ZWK,9,4.888888889,6,1,0,0,0,0,0,0.111111111,0.888888889,18.5
B00L4G9GAY,1,5,0,1,0,0,0,0,0,0,1,26.12
B00L4G9Y60,4,4.5,0,1,0,0,0,0,0.25,0,0.75,33.36
B00L4GFQPI,4,4,0,1,0,0,0.25,0,0,0,0.75,78.93
B00L4GFZPO,2,5,0,1,0,0,0,0,0,0,1,57.11
B00L4GG7O2,2,5,0,1,0,0,0,0,0,0,1,42.86
B00L4JGYPQ,2,1.5,7,0.5,0.5,1.5,0.5,0.5,0,0,0,16.99
B00L5G7OHA,5,5,0,1,0,0,0,0,0,0,1,38.44
B00L7478JE,11,4.545454545,10,1,0.090909091,0.272727273,0,0.090909091,0.090909091,0,0.818181818,
B00L8XU8XW,11,4,0,0.909090909,0,0,0.181818182,0.090909091,0,0,0.727272727,20.66
B00L9G9O38,5,4.2,3,1,0,0,0.2,0,0,0,0.8,120
B00LC6AEXO,4,3.5,7,0.75,0,0,0.25,0,0.25,0,0.5,
B00LEO3XNM,9,4.111111111,8,0.888888889,0.222222222,0.555555556,0.111111111,0,0.111111111,0.222222222,0.555555556,12.99
B00LG5IIEI,5,3.4,14,1,0,0,0.4,0,0,0,0.6,312
B00LGBHHTY,23,4.260869565,21,0.913043478,0,0,0,0.130434783,0.043478261,0.260869565,0.565217391,
B00LGU91RG,7,5,1,1,0.142857143,0.142857143,0,0,0,0,1,
B00LGU9Q3U,14,4.142857143,5,1,0,0,0.071428571,0.071428571,0.142857143,0.071428571,0.642857143,96.53
B00LGUB7QY,2,5,0,1,0,0,0,0,0,0,1,16.88
B00LGUB7UU,5,4.4,0,1,0.2,0.2,0,0.2,0,0,0.8,31.94
B00LGUBHJG,21,4.476190476,3,1,0.047619048,0.047619048,0,0.047619048,0.095238095,0.19047619,0.666666667,37.5
B00LGUCKL0,4,4.75,1,1,0,0,0,0,0,0.25,0.75,
B00LGUEDIS,4,4.75,1,1,0,0,0,0,0,0.25,0.75,85.14
B00LGUFI64,7,3.857142857,1,1,0,0,0.285714286,0,0,0,0.714285714,16.34
B00LGUG36I,5,4.4,0,1,0.2,0.2,0,0.2,0,0,0.8,31.12
B00LGUGGM4,5,4.6,3,1,0,0,0,0,0,0.4,0.6,30.49
B00LGUGJYO,1,5,0,1,0,0,0,0,0,0,1,195
B00LGV4PBC,3,5,0,1,0,0,0,0,0,0,1,21.4
B00LHQYDJ0,5,3.8,1,0.8,0,0,0,0,0.4,0.4,0.2,11.82
B00LHR2X6O,4,5,1,1,0,0,0,0,0,0,1,16.51
B00LHR470E,3,5,4,1,0,0,0,0,0,0,1,21.63
B00LHR52RG,2,5,0,1,0,0,0,0,0,0,1,10.83
B00LHR5A6Y,3,4,0,1,0,0,0,0.333333333,0,0,0.666666667,56.16
B00LHR5UOG,2,5,0,1,0,0,0,0,0,0,1,
B00LHR5UPU,2,5,8,1,0,0,0,0,0,0,1,
B00LHR6C5M,4,5,2,1,0,0,0,0,0,0,1,75.98
B00LHR6NOM,4,5,2,1,0,0,0,0,0,0,1,22.72
B00LHR7G3Y,2,5,2,1,0,0,0,0,0,0,1,39.08
B00LHR9Q2S,2,3,0,1,0,0,0,0.5,0,0.5,0,22.84
B00LHRA1IQ,9,3.555555556,21,1,0,0,0.222222222,0.111111111,0,0.222222222,0.444444444,38.19
B00LHRAGNG,4,5,0,1,0,0,0,0,0,0,1,37.95
B00LHRALBI,5,4.8,4,1,0.2,0.8,0,0,0,0.2,0.8,178.5
B00LHRAX84,1,1,1,1,0,0,1,0,0,0,0,137.04
B00LHRBG3A,3,3.666666667,1,1,0,0,0.333333333,0,0,0,0.666666667,238.29
B00LJ5KAAK,1,5,0,1,0,0,0,0,0,0,1,
B00LJ5KG1S,11,4.090909091,2,1,0,0,0.090909091,0.090909091,0.090909091,0.090909091,0.636363636,
B00LLGH75I,7,4,2,1,0,0,0.142857143,0,0.142857143,0.142857143,0.571428571,
B00LLM6ZFK,102,4.156862745,41,0.970588235,0.009803922,0.019607843,0.137254902,0.039215686,0.019607843,0.137254902,0.666666667,
B00LMVFL6E,4,3.5,221,0,0.25,0.25,0.25,0,0.25,0,0.5,
B00LNG9YO8,39,4.666666667,20,0.897435897,0,0,0.025641026,0,0.076923077,0.076923077,0.820512821,29.99
B00LOTQQ90,7,4.428571429,4,1,0,0,0.142857143,0,0,0,0.857142857,
B00LOWMT5C,3,3.666666667,8,1,0,0,0.333333333,0,0,0,0.666666667,345.99
B00LOWZO36,10,4,1,1,0,0,0,0.1,0.2,0.3,0.4,
B00LOX044O,5,4.2,0,1,0.2,0.2,0.2,0,0,0,0.8,29.63
B00LOX0EXU,9,4.555555556,2,1,0,0,0.111111111,0,0,0,0.888888889,
B00LOX0J4E,5,3.2,0,1,0,0,0.2,0.2,0.2,0,0.4,39.94
B00LOX2GTA,3,3.333333333,0,1,0,0,0,0.333333333,0.333333333,0,0.333333333,108.85
B00LPDLI34,6,4.833333333,0,1,0,0,0,0,0,0.166666667,0.833333333,52.68
B00LPDMKSG,1,5,0,1,0,0,0,0,0,0,1,52.15
B00LPS1KX2,3,5,1,1,0,0,0,0,0,0,1,
B00LQDA384,4,5,1,1,0,0,0,0,0,0,1,23.68
B00LQDAGAY,14,4.785714286,0,1,0,0,0,0,0,0.214285714,0.785714286,35.41
B00LQDAIVG,3,4.666666667,0,1,0,0,0,0,0,0.333333333,0.666666667,46.93
B00LQDAVUE,2,4.5,3,1,0,0,0,0,0,0.5,0.5,10.81
B00LQDAVUY,3,5,0,1,0,0,0,0,0,0,1,12.99
B00LQDBBZ8,4,4.5,3,1,0,0,0,0,0,0.5,0.5,97.41
B00LQDBLLC,8,4.5,6,1,0,0,0.125,0,0,0,0.875,23
B00LQDCWEM,2,5,0,1,0,0,0,0,0,0,1,
B00LQDCWJM,5,4.4,2,1,0.2,0.4,0,0,0.2,0.2,0.6,57.1
B00LQDD21Y,2,3,0,1,0,0,0.5,0,0,0,0.5,27.85
B00LQDDMUK,20,4.7,1,1,0,0,0,0.05,0.05,0.05,0.85,43.38
B00LQDDQLU,11,4.727272727,1,1,0.090909091,0.090909091,0,0,0.090909091,0.090909091,0.818181818,28.92
B00LQDE1JQ,4,4.5,0,1,0,0,0,0,0,0.5,0.5,10.4
B00LQDEUD8,1,5,0,1,0,0,0,0,0,0,1,
B00LQDFW26,6,5,1,1,0,0,0,0,0,0,1,20.5
B00LQDGMKC,4,3.75,27,1,0,0,0.25,0,0,0.25,0.5,15.99
B00LQDGRP2,4,5,1,1,0,0,0,0,0,0,1,
B00LQDI048,8,4.125,6,1,0,0,0,0.25,0,0.125,0.625,146.05
B00LQDIQ88,5,5,0,1,0,0,0,0,0,0,1,41.01
B00LQDJ4NY,3,4.333333333,0,1,0,0,0,0,0.333333333,0,0.666666667,43.84
B00LQDJ8R6,4,4.75,0,1,0,0,0,0,0,0.25,0.75,21.94
B00LQDJCU4,8,5,1,1,0,0,0,0,0,0,1,45.59
B00LQDJF9W,1,5,0,1,0,0,0,0,0,0,1,99.96
B00LQDJQGE,11,4.909090909,0,1,0,0,0,0,0,0.090909091,0.909090909,10.99
B00LQKZPVW,3,5,0,1,0,0,0,0,0,0,1,20.5
B00LQL043A,7,5,0,1,0,0,0,0,0,0,1,
B00LQL0GCO,8,4.125,6,1,0,0,0.125,0,0.125,0.125,0.625,105.81
B00LTXYPCG,9,2.888888889,1,1,0,0,0.333333333,0.111111111,0.222222222,0,0.333333333,40.6
B00LU1B78M,4,4.5,0,1,0,0,0,0,0,0.5,0.5,30.47
B00LWB1VRC,24,3.458333333,15,1,0.041666667,0.041666667,0.25,0.125,0,0.166666667,0.458333333,
B00LWZMC7G,5,2,45,0.6,0,0,0.6,0.2,0,0,0.2,
B00LXAQ9OW,2,3,0,1,0,0,0.5,0,0,0,0.5,
B00LXAU3DK,4,3.75,0,0.75,0.25,0.75,0,0.25,0.25,0,0.5,
B00LXAV168,12,4,2,1,0,0,0.166666667,0.083333333,0,0.083333333,0.666666667,64.24
B00LXKJJX0,1,5,0,1,0,0,0,0,0,0,1,
B00M0YLP0I,4,3.25,0,1,0,0,0.25,0,0.25,0.25,0.25,
B00M0YNECU,11,4.909090909,7,1,0,0,0,0,0,0.090909091,0.909090909,25.95
B00M0YNLWI,5,4.4,0,1,0,0,0,0,0.2,0.2,0.6,
B00M0YO7EO,8,5,1,1,0,0,0,0,0,0,1,49.92
B00M0YP1PS,9,4.888888889,0,1,0,0,0,0,0,0.111111111,0.888888889,14
B00M0YYBTU,5,4.2,3,1,0.2,0.2,0.2,0,0,0,0.8,17.39
B00M0YYQZO,9,4.555555556,3,1,0,0,0.111111111,0,0,0,0.888888889,18.95
B00M1075W8,3,3.666666667,1,1,0,0,0.333333333,0,0,0,0.666666667,
B00M108C3Y,8,5,0,1,0,0,0,0,0,0,1,102.73
B00M10974C,5,5,1,1,0,0,0,0,0,0,1,19.9
B00M1X3XNU,4,4,2,1,0,0,0,0.25,0,0.25,0.5,17.45
B00M258BJS,2,5,2,1,0,0,0,0,0,0,1,52.75
B00M258NAU,4,4,0,1,0,0,0,0.25,0,0.25,0.5,46.95
B00M25A10K,10,4.4,0,1,0.1,0.1,0.1,0,0.1,0,0.8,46.53
B00M25BZ50,2,5,1,1,0,0,0,0,0,0,1,29.37
B00M25C8D8,3,3.666666667,6,1,0,0,0.333333333,0,0,0,0.666666667,37.88
B00M25D13O,2,3,2,1,0,0,0,0,1,0,0,
B00M25D5MQ,3,5,0,1,0,0,0,0,0,0,1,50.23
B00M25DGLG,3,5,1,0.666666667,0,0,0,0,0,0,1,71
B00M25DR4C,3,3.666666667,3,1,0,0,0.333333333,0,0,0,0.666666667,43.71
B00M25EHBY,3,5,0,1,0,0,0,0,0,0,1,123.57
B00M25EMBE,3,5,1,1,0,0,0,0,0,0,1,125.26
B00M25EXMW,5,4.2,2,1,0.2,0.2,0.2,0,0,0,0.8,97.99
B00M25GKQY,5,4,1,1,0,0,0.2,0,0,0.2,0.6,
B00M25I0Q2,5,4.8,1,1,0,0,0,0,0,0.2,0.8,43.83
B00M25IXOQ,4,5,0,1,0,0,0,0,0,0,1,60.74
B00M25JWOQ,3,3.666666667,0,1,0,0,0.333333333,0,0,0,0.666666667,121.06
B00M25K7TA,6,4.333333333,2,1,0,0,0,0.166666667,0,0.166666667,0.666666667,88.99
B00M25Q6IQ,6,4.833333333,0,1,0,0,0,0,0,0.166666667,0.833333333,60.5
B00M25QBBI,4,4,1,1,0.25,0.5,0.25,0,0,0,0.75,24.03
B00M2A8WK6,1,5,0,1,0,0,0,0,0,0,1,
B00M36HWBE,4,2.5,42,0.25,0,0,0.5,0,0.25,0,0.25,
B00M63HEJ4,8,4.875,1,1,0,0,0,0,0,0.125,0.875,85.49
B00M6K3ZQI,7,4.142857143,4,1,0,0,0,0,0.285714286,0.285714286,0.428571429,
B00M6KISBK,4,4,0,1,0,0,0.25,0,0,0,0.75,57.94
B00M9IB1XQ,3,4.666666667,0,1,0,0,0,0,0,0.333333333,0.666666667,
B00M9IC2L6,4,4.75,0,1,0,0,0,0,0,0.25,0.75,
B00MAGCJEC,20,4.75,4,1,0,0,0.05,0,0,0.05,0.9,
B00MANUBS6,3,2.666666667,18,0.333333333,0,0,0.333333333,0.333333333,0,0,0.333333333,
B00MEOVWRK,4,4,3,0.75,0,0,0,0,0.25,0.5,0.25,13.99
B00MFBUBW4,11,3,8,1,0,0,0.181818182,0.272727273,0.181818182,0.090909091,0.272727273,
B00MG1M1N0,6,4,0,1,0,0,0.166666667,0,0.166666667,0,0.666666667,
B00MGMWOW2,1,5,0,1,0,0,0,0,0,0,1,
B00MGMWOXG,2,5,0,1,0,0,0,0,0,0,1,
B00MGMX4AI,9,3.555555556,0,1,0,0,0.222222222,0.111111111,0.111111111,0,0.555555556,
B00MGMXLTM,5,4.2,0,1,0.2,0.2,0.2,0,0,0,0.8,26.93
B00MGMXWR8,30,4.2,23,1,0.033333333,0.033333333,0.066666667,0.033333333,0.166666667,0.1,0.633333333,33.9
B00MGMY95M,20,4.95,1,1,0,0,0,0,0,0.05,0.95,
B00MHI6RPK,1,5,0,1,1,4,0,0,0,0,1,
B00MHILA6Q,5,5,0,1,0,0,0,0,0,0,1,61.46
B00MI3ZDV8,3,4,0,1,0,0,0,0,0.333333333,0.333333333,0.333333333,38.67
B00MI8EITG,8,3.5,8,1,0.125,0.125,0.375,0,0,0,0.625,13.75
B00MMRFNNS,24,3.833333333,11,0.791666667,0.041666667,0.041666667,0.166666667,0.083333333,0.041666667,0.166666667,0.541666667,
B00MN65EV4,15,3.733333333,2,1,0.066666667,0.066666667,0.133333333,0.066666667,0.133333333,0.266666667,0.4,6.09
B00MNMPZ0S,4,4.5,6,1,0,0,0,0,0.25,0,0.75,26.09
B00MNMT5DG,7,4.857142857,0,1,0,0,0,0,0,0.142857143,0.857142857,
B00MNOQMLM,4,5,0,1,0,0,0,0,0,0,1,15.99
B00MNOQSRK,1,5,0,1,0,0,0,0,0,0,1,70.32
B00MNORVPS,5,3.4,4,0.8,0,0,0.4,0,0,0,0.6,9.49
B00MOCBY3O,5,5,0,1,0,0,0,0,0,0,1,14.34
B00MOCC4UG,21,4.857142857,10,1,0.095238095,0.19047619,0,0.047619048,0,0,0.952380952,8.25
B00MOCCSFW,45,4.177777778,25,1,0.066666667,0.111111111,0.133333333,0.044444444,0.044444444,0.066666667,0.711111111,23.43
B00MOCD37O,5,3.8,1,1,0,0,0,0.4,0,0,0.6,30.24
B00MOCEWR4,2,5,0,1,0,0,0,0,0,0,1,55.96
B00MOCKG10,10,4.2,16,1,0.3,0.3,0.1,0,0.2,0,0.7,6.75
B00MOCKLRY,4,3.5,8,1,0,0,0,0.5,0,0,0.5,8.38
B00MOCKZBG,2,5,0,1,0,0,0,0,0,0,1,18.28
B00MOCL222,5,3.4,2,1,0,0,0.4,0,0,0,0.6,15.25
B00MOCLCGI,3,3.666666667,2,1,0,0,0.333333333,0,0,0,0.666666667,22.65
B00MOCLKRE,3,4.333333333,2,1,0,0,0,0,0,0.666666667,0.333333333,27.22
B00MOCLWCC,5,4.6,11,1,0,0,0,0,0,0.4,0.6,14.4
B00MOCM66I,2,5,1,1,0,0,0,0,0,0,1,35.55
B00MOCMGMW,6,3.833333333,5,1,0.166666667,0.166666667,0.166666667,0,0.166666667,0.166666667,0.5,48.55
B00MOCOQR0,2,5,0,1,0,0,0,0,0,0,1,74
B00MOCPA2U,5,4.2,0,1,0,0,0.2,0,0,0,0.8,91.27
B00MOCPSJA,8,3.875,8,1,0,0,0.125,0,0.25,0.125,0.5,115.46
B00MOCRNLG,2,5,0,1,0,0,0,0,0,0,1,15.2
B00MOCT3C8,4,4,1,1,0,0,0.25,0,0,0,0.75,26.69
B00MOCUXWC,6,3,1,1,0,0,0.333333333,0.166666667,0,0.166666667,0.333333333,104.49
B00MOCW62M,3,4.666666667,2,1,0.333333333,0.666666667,0,0,0,0.333333333,0.666666667,51.48
B00MOCYNPK,4,4.25,0,1,0.25,0.5,0,0,0.25,0.25,0.5,234.06
B00MOCZSU4,4,4.25,0,1,0,0,0,0.25,0,0,0.75,7.7
B00MQ1V5NC,4,5,0,1,0,0,0,0,0,0,1,82.99
B00MTR7KNW,10,4.1,3,1,0,0,0.1,0.1,0.1,0,0.7,152.45
B00MU2JPES,2,4.5,0,1,0,0,0,0,0,0.5,0.5,49.95
B00MYA0VU8,5,3.2,2,1,0,0,0.2,0.2,0.2,0,0.4,14.99
B00MZH0QP0,4,5,0,1,0,0,0,0,0,0,1,10.13
B00N470GPU,3,3.666666667,0,1,0,0,0.333333333,0,0,0,0.666666667,22.74
B00N4YHJGC,4,4.5,4,1,0,0,0,0,0.25,0,0.75,
B00N4YJJYC,15,3.266666667,16,1,0,0,0.333333333,0.066666667,0.066666667,0.066666667,0.466666667,
B00N50LZYW,7,3,2,0.714285714,0,0,0,0.428571429,0.285714286,0.142857143,0.142857143,12.49
B00N9AWVHS,24,3.541666667,14,0.958333333,0,0,0.25,0.041666667,0.083333333,0.166666667,0.458333333,
B00NBYBG3C,3,4,0,1,0,0,0,0.333333333,0,0,0.666666667,
B00ND76IO4,40,4.025,13,1,0,0,0.175,0.025,0.025,0.15,0.625,8.38
B00NESZL22,10,3.5,12,1,0,0,0.2,0.1,0.1,0.2,0.4,
B00NFY6R1O,5,2.2,58,0.4,0,0,0.6,0,0,0.4,0,3849
B00NGDF6TS,9,2.555555556,6,0.888888889,0,0,0.222222222,0.111111111,0.555555556,0.111111111,0,
B00NHC2XD0,2,5,0,1,0,0,0,0,0,0,1,223.57
B00NI9UGEU,3,1,28,0,0,0,1,0,0,0,0,
B00NISBH9O,3,4.666666667,0,1,0,0,0,0,0,0.333333333,0.666666667,
B00NIZ0DV0,63,3.952380952,39,0.984126984,0,0,0.111111111,0.126984127,0.047619048,0.126984127,0.587301587,
B00NK0PUQG,13,3.461538462,7,1,0,0,0.230769231,0,0.307692308,0,0.461538462,
B00NK3R60G,2,5,1,1,0,0,0,0,0,0,1,
B00NMLGQJI,17,4.764705882,1,1,0,0,0,0,0.058823529,0.117647059,0.823529412,
B00NMLQN1Y,2,5,0,0.5,0,0,0,0,0,0,1,28.34
B00NMM5GTS,5,3,2,0.8,0,0,0.2,0.4,0,0,0.4,39.33
B00NMNM12M,4,5,2,1,0,0,0,0,0,0,1,
B00NMNN8GK,7,4.714285714,0,1,0.142857143,0.142857143,0,0,0.142857143,0,0.857142857,110.68
B00NNU928U,1,5,0,1,0,0,0,0,0,0,1,
B00NO58JLK,3,3.666666667,16,1,0,0,0.333333333,0,0,0,0.666666667,129
B00NO64P5I,6,3.833333333,7,0.833333333,0.166666667,0.833333333,0.166666667,0,0.166666667,0.166666667,0.5,
B00NO7OGCO,7,3.714285714,14,0.857142857,0,0,0,0.142857143,0.142857143,0.571428571,0.142857143,
B00NODI9VM,9,3.111111111,27,0.888888889,0.111111111,0.222222222,0.333333333,0.111111111,0,0.222222222,0.333333333,
B00NP5908A,3,5,0,1,0,0,0,0,0,0,1,19
B00NP5U2SW,12,5,2,0.916666667,0,0,0,0,0,0,1,
B00NQES0WC,5,4.8,0,0.6,0,0,0,0,0,0.2,0.8,
B00NSEMGJ8,2,4.5,0,1,0,0,0,0,0,0.5,0.5,19.43
B00NY9V63E,20,4.4,3,0.95,0,0,0.05,0.05,0.05,0.15,0.7,27.5
B00NZMG68K,10,3.9,0,1,0.1,0.1,0.1,0.1,0.1,0.2,0.5,36.75
B00NZMZFQO,7,4.142857143,1,1,0,0,0.142857143,0,0.142857143,0,0.714285714,44
B00NZN036K,9,4.555555556,0,1,0,0,0,0.111111111,0,0.111111111,0.777777778,30.9
B00NZRSDLS,4,5,0,1,0,0,0,0,0,0,1,6.5
B00O1BU6OO,2,2.5,7,0.5,0,0,0.5,0,0,0.5,0,
B00O2CF24Q,24,4.708333333,1,0.958333333,0,0,0.041666667,0,0,0.125,0.833333333,10.99
B00O2N4LDS,17,3.882352941,13,0.941176471,0.058823529,0.176470588,0.176470588,0.058823529,0,0.235294118,0.529411765,264.04
B00O5KW4HS,7,4,2,1,0,0,0.142857143,0,0.142857143,0.142857143,0.571428571,
B00O7L2BO6,3,4,0,1,0,0,0,0.333333333,0,0,0.666666667,
B00O80WKHO,37,3.702702703,117,0.918918919,0,0,0.162162162,0.108108108,0.081081081,0.162162162,0.486486486,
B00OBXXD42,7,3.571428571,6,1,0,0,0.142857143,0.142857143,0,0.428571429,0.285714286,
B00OD1RC8A,7,3.714285714,1,1,0,0,0.142857143,0.142857143,0.142857143,0,0.571428571,19.14
B00ODBTQ70,5,4.8,0,1,0,0,0,0,0,0.2,0.8,23.72
B00OEPQR1S,4,3,0,1,0,0,0.5,0,0,0,0.5,10.95
B00OEWZTG0,3,3.666666667,9,1,0,0,0.333333333,0,0,0,0.666666667,
B00OJ5VL0U,4,5,21,1,0,0,0,0,0,0,1,104.84
B00OJSVEJ0,2,5,0,1,0,0,0,0,0,0,1,62.85
B00OKHV0D0,3,5,0,1,0,0,0,0,0,0,1,
B00OL1CIOA,37,4.405405405,37,0.945945946,0,0,0.135135135,0,0,0.054054054,0.810810811,39.99
B00OMQZRQK,11,4.545454545,13,1,0,0,0,0.090909091,0.090909091,0,0.818181818,199.99
B00OMQZUBM,2,5,0,1,0,0,0,0,0,0,1,
B00OMR0B74,4,5,0,1,0,0,0,0,0,0,1,16.99
B00OMR0RK0,5,5,0,0.8,0,0,0,0,0,0,1,
B00OMR0TX0,3,4.666666667,2,1,0,0,0,0,0,0.333333333,0.666666667,14.56
B00OMR0X2M,1,5,0,1,0,0,0,0,0,0,1,15.99
B00OMR0XCW,7,2.714285714,7,1,0,0,0.571428571,0,0,0,0.428571429,14.95
B00OMR1G1Y,4,4,2,1,0,0,0.25,0,0,0,0.75,65.88
B00OMR1IUI,2,4,1,1,0,0,0,0,0.5,0,0.5,
B00OO9U8QY,23,3.913043478,64,1,0,0,0.086956522,0.086956522,0.086956522,0.304347826,0.434782609,16.79
B00OQFG1L2,4,5,0,1,0,0,0,0,0,0,1,22.29
B00OQFG3Q0,26,4.615384615,11,1,0,0,0.076923077,0,0,0.076923077,0.846153846,18.79
B00OQHK5KI,11,4.909090909,2,1,0.090909091,0.181818182,0,0,0,0.090909091,0.909090909,
B00OQUUE4W,3,4.666666667,1,1,0,0,0,0,0,0.333333333,0.666666667,
B00OQVHVXS,2,4.5,3,1,0,0,0,0,0,0.5,0.5,9.99
B00ORXA024,5,4.4,6,0.8,0,0,0,0.2,0,0,0.8,10.99
B00OTOM0PQ,6,4.833333333,15,1,0,0,0,0,0,0.166666667,0.833333333,20
B00OVZ4OCA,8,4.75,0,1,0,0,0,0,0,0.25,0.75,15.02
B00OXC7G8K,3,5,5,1,0,0,0,0,0,0,1,136
B00OYBRCUW,8,1.625,1,0.75,0.125,0.375,0.625,0.125,0.25,0,0,14.99
B00OZO4ZEE,3,4,1,1,0,0,0,0.333333333,0,0,0.666666667,15.2
B00P0I12YA,6,4.333333333,1,1,0,0,0,0.166666667,0,0.166666667,0.666666667,
B00P1M1PP6,3,4.666666667,1,1,0,0,0,0,0,0.333333333,0.666666667,
B00P9C66PM,17,4.470588235,4,1,0,0,0.117647059,0,0,0.058823529,0.823529412,
B00PFDN6JY,1,5,4,1,0,0,0,0,0,0,1,11.99
B00PGFGVB6,11,2.727272727,28,1,0,0,0.181818182,0.181818182,0.454545455,0.090909091,0.090909091,
B00PI4OQWQ,3,5,2,0.666666667,0,0,0,0,0,0,1,
B00PIOK3T6,3,4.333333333,0,1,0,0,0,0,0,0.666666667,0.333333333,238
B00PIU37TS,25,4.56,4,1,0,0,0.08,0,0.04,0.04,0.84,
B00PKI760E,2,4.5,0,1,0,0,0,0,0,0.5,0.5,30.99
B00PM8XW4G,4,2,8,1,0,0,0,1,0,0,0,39.95
B00PO9LGLO,5,4.4,0,1,0,0,0,0,0.2,0.2,0.6,40.48
B00PU0V5GI,1,5,0,1,0,0,0,0,0,0,1,53.77
B00PU1ZG7Q,5,4.4,3,1,0,0,0,0,0.2,0.2,0.6,9.49
B00Q255R2I,5,3.4,1,1,0,0,0.2,0,0.4,0,0.4,
B00Q3I3FTQ,6,3.666666667,3,1,0,0,0.166666667,0,0.333333333,0,0.5,
B00Q9EJODK,10,3.1,2,1,0,0,0.2,0.1,0.4,0,0.3,11.98
B00QFUQ8QE,3,4,2,1,0.333333333,0.333333333,0,0.333333333,0,0,0.666666667,13.48
B00QFVF3IC,32,4.65625,1,0.90625,0.03125,0.03125,0.03125,0.03125,0,0.125,0.8125,16.99
B00QFVFNAK,7,4,1,1,0,0,0.142857143,0.142857143,0,0,0.714285714,
B00QHEP4OK,3,5,0,1,0,0,0,0,0,0,1,28
B00QPDV93I,8,4.875,0,1,0,0,0,0,0,0.125,0.875,
B00QTVNF2Y,7,3.285714286,7,1,0,0,0.285714286,0.142857143,0,0.142857143,0.428571429,31.74
B00QW26WEI,6,4.833333333,3,1,0,0,0,0,0,0.166666667,0.833333333,118
B00QW27CGK,7,4.857142857,0,1,0,0,0,0,0,0.142857143,0.857142857,110.1
B00QW2G5D6,5,4.8,2,1,0,0,0,0,0,0.2,0.8,37
B00QXUPN3K,2,5,0,1,0,0,0,0,0,0,1,
B00QZPBJ2C,4,5,1,1,0,0,0,0,0,0,1,87.68
B00R1X7S5Y,64,4.40625,16,1,0.078125,0.09375,0.09375,0,0.03125,0.15625,0.71875,7.98
B00R8AEL9Q,7,4.285714286,4,1,0,0,0,0,0.285714286,0.142857143,0.571428571,
B00RG2FD7U,1,5,0,1,0,0,0,0,0,0,1,
B00RUBUJF8,9,3.777777778,2,1,0.111111111,0.111111111,0.111111111,0.222222222,0,0.111111111,0.555555556,
B00RWU4QZG,6,5,4,1,0,0,0,0,0,0,1,
B00RYQ5DIW,6,3.5,57,1,0.166666667,0.5,0,0.166666667,0.5,0,0.333333333,805.1
B00SBXK3J6,7,2.857142857,7,1,0,0,0.428571429,0.142857143,0,0,0.428571429,
B00SBXK3NC,1,3,5,1,0,0,0,0,1,0,0,
B00SCCPE4U,4,4.5,0,1,0,0,0,0,0.25,0,0.75,13.5
B00SCCSAZK,1,5,1,1,0,0,0,0,0,0,1,
B00SKJPVY8,11,4,37,1,0,0,0.090909091,0,0.272727273,0.090909091,0.545454545,699
B00SM8YT2M,4,3.5,48,0.5,0,0,0,0.25,0.25,0.25,0.25,
B00SNF5NMY,7,4.857142857,1,1,0,0,0,0,0,0.142857143,0.857142857,
B00SPYDSFC,108,4.768518519,4,1,0.009259259,0.009259259,0.009259259,0.009259259,0.009259259,0.148148148,0.824074074,30.13
B00SRS42JC,1,5,0,1,0,0,0,0,0,0,1,55.5
B00SUV4OJE,5,5,18,1,0,0,0,0,0,0,1,
B00SY1W96K,11,4.727272727,0,1,0,0,0,0,0,0.272727273,0.727272727,
B00SZ1RHHU,6,3.5,5,1,0,0,0.166666667,0,0.333333333,0.166666667,0.333333333,
B00SZAVVSC,7,1.857142857,51,0,0.142857143,0.142857143,0.571428571,0.285714286,0,0,0.142857143,
B00T36NUYA,3,4.666666667,7,0.666666667,0,0,0,0,0,0.333333333,0.666666667,
B00T4W3O9O,6,2.833333333,1,0.833333333,0,0,0.333333333,0.166666667,0.166666667,0,0.333333333,
B00T4W3OBC,7,4.428571429,0,1,0,0,0.142857143,0,0,0,0.857142857,
B00T6OB50A,8,4.5,136,0.375,0.125,0.25,0,0.125,0,0.125,0.75,
B00T89HDQ8,6,4.5,4,1,0.333333333,0.833333333,0,0,0.166666667,0.166666667,0.666666667,17
B00T89IPWO,3,3.666666667,4,1,0,0,0.333333333,0,0,0,0.666666667,63.44
B00TEP1O2A,5,3.6,0,1,0.2,0.4,0.2,0,0.2,0.2,0.4,
B00TLEVVNG,17,4.705882353,4,0.941176471,0.117647059,0.294117647,0,0,0.117647059,0.058823529,0.823529412,
B00TR4GHDY,4,4,1,1,0,0,0.25,0,0,0,0.75,
B00TR77DZC,3,3.666666667,7,0.333333333,0,0,0.333333333,0,0,0,0.666666667,
B00TRJ4V6Y,3,5,0,1,0,0,0,0,0,0,1,40.6
B00TUE2NVQ,14,3.142857143,31,1,0,0,0.142857143,0.214285714,0.214285714,0.214285714,0.214285714,
B00TUE8XOM,6,2.833333333,7,0.833333333,0,0,0.5,0,0,0.166666667,0.333333333,
B00TUFZLOQ,14,4.642857143,0,1,0,0,0,0,0.071428571,0.214285714,0.714285714,
B00TUJYOC2,3,3.666666667,0,1,0,0,0.333333333,0,0,0,0.666666667,7.25
B00TW3BXCA,5,4.2,1,1,0,0,0,0.2,0,0.2,0.6,14.99
B00TYV7N10,7,2.857142857,0,1,0,0,0.428571429,0,0.142857143,0.142857143,0.285714286,
B00U1KA12G,17,4,0,0.823529412,0,0,0.058823529,0.176470588,0.058823529,0.117647059,0.588235294,24.99
B00U32Q9DC,4,2.5,2,0.75,0,0,0.5,0,0.25,0,0.25,18.99
B00U7XEYRK,8,1.625,73,0,0.125,0.375,0.75,0.125,0,0,0.125,
B00U7XFKNW,6,1,22,0,0,0,1,0,0,0,0,
B00U7XFU8W,4,1,161,0,0,0,1,0,0,0,0,
B00U7XIS86,5,2,21,0.2,0,0,0.6,0.2,0,0,0.2,
B00UA7NLDG,7,4.428571429,2,1,0,0,0,0,0.142857143,0.285714286,0.571428571,45.95
B00UAA3I68,8,4.875,1,1,0,0,0,0,0,0.125,0.875,
B00UB25GFQ,19,4.473684211,7,1,0.052631579,0.052631579,0.052631579,0,0.105263158,0.105263158,0.736842105,39.65
B00UF3ZG2Y,3,4,0,1,0,0,0,0.333333333,0,0,0.666666667,27.49
B00UH2TAA2,3,5,1,1,0,0,0,0,0,0,1,25.05
B00ULLTQH6,23,2.608695652,0,1,0.043478261,0.043478261,0.52173913,0,0.086956522,0.130434783,0.260869565,6.2
B00UNOSLYU,27,3.777777778,30,0.962962963,0.037037037,0.037037037,0.148148148,0.037037037,0.185185185,0.148148148,0.481481481,
B00UQVA36Y,16,4,3,1,0,0,0,0.1875,0.1875,0.0625,0.5625,
B00UR2DQD4,4,4.25,4,1,0,0,0,0,0.25,0.25,0.5,
B00USGQVY0,10,4.9,0,1,0,0,0,0,0,0.1,0.9,
B00UTC2YOY,2,4,1,1,0,0,0,0,0.5,0,0.5,
B00UUEGYXS,6,4.166666667,3,1,0.333333333,0.833333333,0.166666667,0,0,0.166666667,0.666666667,131.9
B00UUEHQPI,6,4,0,1,0,0,0,0.166666667,0.166666667,0.166666667,0.5,71.95
B00UVUZRSE,49,3.959183673,44,0.979591837,0,0,0.183673469,0.020408163,0.020408163,0.204081633,0.571428571,
B00UW7AZUG,6,5,1,1,0,0,0,0,0,0,1,27.96
B00UW7C90A,8,3.875,15,1,0.125,0.125,0.125,0.125,0.125,0,0.625,58.69
B00UWD6WPC,7,4.285714286,1,1,0,0,0,0.142857143,0.142857143,0,0.714285714,57.19
B00UXG4WR8,555,4.012612613,495,0.98018018,0.003603604,0.003603604,0.142342342,0.07027027,0.054054054,0.099099099,0.634234234,53.99
B00UY0IG34,9,3.666666667,2,1,0,0,0.333333333,0,0,0,0.666666667,
B00UYBJEMA,8,4,6,1,0.125,0.375,0.125,0.125,0,0.125,0.625,
B00UZK6W4I,4,2.25,38,0,0.25,0.25,0.5,0.25,0,0,0.25,
B00V75KX1I,3,5,0,1,0,0,0,0,0,0,1,16.99
B00V7WVV7G,8,4.375,0,1,0,0,0.125,0,0,0.125,0.75,9.98
B00V85SO5Y,6,3.166666667,0,0.833333333,0,0,0.166666667,0.166666667,0.166666667,0.333333333,0.166666667,49.93
B00V8YBX2Q,3,5,0,1,0,0,0,0,0,0,1,34.65
B00VARXP9K,6,3.5,2,1,0,0,0.166666667,0.166666667,0,0.333333333,0.333333333,69.95
B00VBP8RNU,6,4.166666667,1,1,0,0,0.166666667,0,0,0.166666667,0.666666667,49.95
B00VC55Y08,23,4.391304348,2,1,0,0,0.086956522,0,0,0.260869565,0.652173913,37.02
B00VCTOL1W,5,4.4,0,1,0,0,0,0,0.2,0.2,0.6,16.48
B00VH42V8W,7,4,3,1,0,0,0.142857143,0.142857143,0,0,0.714285714,10
B00VIQ8TZI,7,4,8,1,0,0,0.142857143,0.142857143,0,0,0.714285714,39.99
B00VIT5CT6,5,4,1,1,0,0,0.2,0,0,0.2,0.6,24.99
B00VIW2VWY,1,5,0,1,0,0,0,0,0,0,1,19.95
B00VMGSXXW,2,5,0,1,0,0,0,0,0,0,1,23.92
B00VO06ZKO,7,3.714285714,2,0.714285714,0,0,0.142857143,0.142857143,0.142857143,0,0.571428571,
B00VS0SIMS,5,3.8,0,1,0,0,0.2,0,0,0.4,0.4,10.45
B00VS47U0A,10,4.6,0,1,0.1,0.4,0,0,0.1,0.2,0.7,32.54
B00VS7DKPQ,2,5,6,1,0,0,0,0,0,0,1,15.95
B00VTQFX2Y,12,4.916666667,1,1,0,0,0,0,0,0.083333333,0.916666667,78.99
B00VTZQD56,1,5,0,1,0,0,0,0,0,0,1,
B00VU16YW6,4,3.5,0,1,0,0,0.25,0,0,0.5,0.25,
B00VVJLJEU,3,4,0,1,0,0,0,0,0.333333333,0.333333333,0.333333333,15.5
B00VVMKIWQ,13,3.692307692,12,0.923076923,0,0,0.230769231,0,0.076923077,0.230769231,0.461538462,
B00VW8K8VU,6,4,0,1,0,0,0.166666667,0,0.166666667,0,0.666666667,
B00VWNU342,4,3.25,0,0.75,0,0,0,0.5,0,0.25,0.25,
B00VXC8K2E,27,4.555555556,9,0.925925926,0,0,0.037037037,0,0.111111111,0.074074074,0.777777778,
B00VXOC8GG,8,4.5,6,1,0,0,0.125,0,0,0,0.875,25.5
B00W0AJQ0S,11,3.272727273,20,0.909090909,0,0,0.363636364,0.090909091,0,0,0.545454545,19.98
B00W0M0OFM,22,4.409090909,39,1,0.045454545,0.045454545,0.090909091,0.045454545,0,0.090909091,0.772727273,15.99
B00W0TIZE2,21,3.857142857,5,0.952380952,0,0,0.19047619,0.047619048,0,0.238095238,0.523809524,37.99
B00W0TO8WU,2,1,4,1,0,0,1,0,0,0,0,49.99
B00W0UIE5G,6,4,2,1,0,0,0.166666667,0,0.166666667,0,0.666666667,
B00W0US03W,45,4.177777778,7,0.977777778,0.022222222,0.022222222,0.088888889,0.066666667,0.044444444,0.177777778,0.622222222,16.99
B00W0UXQP4,5,4,4,1,0,0,0.2,0,0,0.2,0.6,49.98
B00W0WHNC4,18,4.722222222,4,1,0,0,0,0,0.055555556,0.166666667,0.777777778,
B00W0WYQZ6,17,4.235294118,7,1,0.058823529,0.117647059,0.117647059,0.058823529,0.058823529,0,0.764705882,28.99
B00W0XFRAS,25,4.76,3,1,0,0,0.04,0,0,0.08,0.88,
B00W0YG4YU,6,5,0,1,0,0,0,0,0,0,1,22.99
B00W0YO9GK,45,4.466666667,5,0.977777778,0,0,0.066666667,0.022222222,0,0.2,0.711111111,9.99
B00W0YPGEO,16,4.5,4,1,0,0,0.0625,0,0.0625,0.125,0.75,22.99
B00W0Z1FSY,59,3.694915254,16,0.966101695,0,0,0.220338983,0.084745763,0.050847458,0.06779661,0.576271186,
B00W0Z2WYU,18,4.5,2,1,0,0,0.055555556,0.055555556,0,0.111111111,0.777777778,36.99
B00W1W15PY,6,4.166666667,0,1,0,0,0.166666667,0,0,0.166666667,0.666666667,19.99
B00W1W2DFA,63,4.507936508,30,0.984126984,0.015873016,0.015873016,0.063492063,0.015873016,0.063492063,0.063492063,0.793650794,27.99
B00W27J16S,25,4.76,43,1,0,0,0,0.04,0.04,0.04,0.88,84.95
B00W29QY84,7,4.285714286,1,1,0,0,0.142857143,0,0,0.142857143,0.714285714,7.78
B00W4YGSX8,1,5,0,1,0,0,0,0,0,0,1,39
B00W4YHLU2,13,3.538461538,6,0.923076923,0.076923077,0.076923077,0.307692308,0.076923077,0,0,0.615384615,72.94
B00W4YJXLM,7,3.571428571,0,1,0,0,0.142857143,0.142857143,0.142857143,0.142857143,0.428571429,31.3
B00W8T2UM2,17,3.352941176,51,1,0.176470588,0.176470588,0.058823529,0.352941176,0.058823529,0.235294118,0.294117647,
B00W8T5YOI,16,3.75,17,0.9375,0.0625,0.1875,0.125,0.1875,0,0.1875,0.5,
B00WAI881I,14,4.357142857,49,1,0.214285714,0.214285714,0.142857143,0,0,0.071428571,0.785714286,
B00WH10VQS,2,5,2,0.5,0,0,0,0,0,0,1,
B00WOX5312,1,5,0,1,0,0,0,0,0,0,1,
B00WTO87WS,6,4.833333333,29,1,0,0,0,0,0,0.166666667,0.833333333,53
B00WTX8562,11,3.363636364,0,1,0,0,0.363636364,0,0,0.181818182,0.454545455,
B00WTX85B2,15,3.533333333,3,1,0,0,0.266666667,0.066666667,0,0.2,0.466666667,
B00WVLLXKW,3,3,8,1,0.333333333,0.333333333,0.333333333,0,0.333333333,0,0.333333333,
B00WVTXVMC,16,4.1875,7,0.9375,0,0,0,0.125,0.125,0.1875,0.5625,49.99
B00WXD0JTE,5,4.2,3,1,0,0,0.2,0,0,0,0.8,13.15
B00WXG6S14,4,4,1,1,0,0,0,0,0.5,0,0.5,14.95
B00WXG7OS0,1,3,0,1,0,0,0,0,1,0,0,13.95
B00WZEUKLI,3,1.666666667,47,0.666666667,0.333333333,0.333333333,0.666666667,0,0.333333333,0,0,
B00X196XGM,3,3,7,0.333333333,0.333333333,0.333333333,0.333333333,0,0.333333333,0,0.333333333,
B00XAX68KA,5,4.6,2,1,0,0,0,0,0.2,0,0.8,9.75
B00XBRV66Q,7,4,1,1,0,0,0,0.142857143,0.285714286,0,0.571428571,34.15
B00XJ6Q86C,39,3.487179487,1,0.948717949,0,0,0.230769231,0.051282051,0.076923077,0.282051282,0.358974359,
B00XNIYR7I,5,2.8,1,1,0.2,0.2,0.4,0.2,0,0,0.4,15.99
B00XNJWEUY,14,4.5,3,0.928571429,0,0,0.071428571,0,0.071428571,0.071428571,0.785714286,36.99
B00XNK6ZG2,33,4.545454545,83,1,0.03030303,0.151515152,0,0.121212121,0,0.090909091,0.787878788,16.99
B00XNMDIBU,25,4.52,161,1,0,0,0.04,0.08,0,0.08,0.8,24.99
B00XNP7I9U,11,4.818181818,4,1,0,0,0,0,0.090909091,0,0.909090909,22.99
B00XU1KBQY,2,5,0,1,0,0,0,0,0,0,1,
B00XYVE4B8,10,3.8,15,1,0,0,0.1,0.1,0.2,0.1,0.5,
B00Y15BN60,1,5,0,1,0,0,0,0,0,0,1,23.65
B00Y1HGLDI,7,2.857142857,28,0.714285714,0.142857143,0.142857143,0.428571429,0,0.142857143,0.142857143,0.285714286,13.42
B00Y1RULI4,5,5,3,1,0,0,0,0,0,0,1,22.87
B00Y1TCTEQ,2,5,0,1,0,0,0,0,0,0,1,
B00Y1TDFMQ,3,5,0,1,0,0,0,0,0,0,1,29.25
B00Y1XEYFY,5,5,0,1,0,0,0,0,0,0,1,24.99
B00YBFTMMM,1,5,0,1,0,0,0,0,0,0,1,23.49
B00YCJQY9Q,10,4,0,1,0,0,0.2,0,0.1,0,0.7,59.95
B00YD2I1Z2,5,3.6,3,1,0,0,0.2,0.2,0,0,0.6,24.99
B00YD2J0VQ,4,3,0,1,0,0,0.5,0,0,0,0.5,13.99
B00YD2QWK8,4,5,3,1,0,0,0,0,0,0,1,23.99
B00YD3BC4I,2,3,0,1,0,0,0.5,0,0,0,0.5,30.99
B00YHHYM74,5,4.2,8,0.8,0,0,0.2,0,0,0,0.8,
B00YIF71WI,13,4.923076923,0,1,0,0,0,0,0,0.076923077,0.923076923,
B00YNSZCXA,23,3.739130435,25,0.956521739,0,0,0.173913043,0.086956522,0.043478261,0.217391304,0.47826087,27.55
B00YT790X8,1,5,0,1,0,0,0,0,0,0,1,13.99
B00YT7J146,5,5,1,1,0,0,0,0,0,0,1,33.99
B00YT7J7GI,4,3.25,1,1,0,0,0,0.5,0,0.25,0.25,22.99
B00YU4YLK2,1,5,0,1,0,0,0,0,0,0,1,17.99
B00YW3TUHA,4,3.5,4,0.75,0,0,0.25,0,0.25,0,0.5,
B00Z7PDPX2,3,5,0,1,0,0,0,0,0,0,1,163.95
B00ZAAXLHY,13,4.615384615,7,1,0.076923077,0.076923077,0.076923077,0,0,0.076923077,0.846153846,72.08
B00ZFS3GIA,1,5,0,1,0,0,0,0,0,0,1,
B00ZG1CG3W,11,4.090909091,14,1,0,0,0.090909091,0.090909091,0.090909091,0.090909091,0.636363636,17.99
B00ZHAHR2W,4,3.75,2,1,0,0,0.25,0,0,0.25,0.5,
B00ZPN3OA0,7,2.428571429,36,0.857142857,0.142857143,0.285714286,0.142857143,0.285714286,0.571428571,0,0,545.05
B00ZQ2G7C2,2,4,0,1,0,0,0,0,0,1,0,
B00ZUYJ066,2,5,1,1,0,0,0,0,0,0,1,15.95
B00ZY3TOL4,7,4.285714286,0,0.857142857,0,0,0.142857143,0,0,0.142857143,0.714285714,16.99
B00ZY5H5JK,35,4.171428571,10,0.971428571,0,0,0.057142857,0.142857143,0.028571429,0.114285714,0.657142857,31.23
B00ZY6KM4E,133,4.22556391,72,0.969924812,0.022556391,0.022556391,0.097744361,0.045112782,0.067669173,0.112781955,0.676691729,31.79
B01066OSQE,3,5,0,1,0,0,0,0,0,0,1,54
B010692X1I,1,1,1,1,0,0,1,0,0,0,0,13.99
B0106TGDPK,12,4.25,8,1,0.083333333,0.083333333,0.083333333,0.083333333,0.083333333,0,0.75,19.99
B0108MJXW0,3,2.333333333,1,1,0,0,0.666666667,0,0,0,0.333333333,
B010A6IB04,6,4.5,0,1,0,0,0,0,0.166666667,0.166666667,0.666666667,
B010BAH74U,1,2,2,1,0,0,0,1,0,0,0,
B010CE497I,7,3.714285714,31,1,0.142857143,0.285714286,0.285714286,0,0,0.142857143,0.571428571,
B010G7R95A,16,4.375,1,1,0,0,0,0.125,0.0625,0.125,0.6875,33.35
B010GPNYSI,6,5,8,0.833333333,0.166666667,0.166666667,0,0,0,0,1,263.97
B010IB3CUU,2,5,0,1,0,0,0,0,0,0,1,40.54
B010JRV0UM,18,4.555555556,8,1,0,0,0.111111111,0,0,0,0.888888889,47.91
B010KRIIYM,11,3.454545455,27,1,0,0,0,0.363636364,0.090909091,0.272727273,0.272727273,
B010MNQ2P6,9,4.111111111,2,1,0,0,0.222222222,0,0,0,0.777777778,34.95
B010OW7YS4,6,5,0,0.833333333,0,0,0,0,0,0,1,21.95
B0114XW80G,40,3.35,227,0.975,0.05,0.225,0.225,0.175,0,0.225,0.375,
B0117DBW2S,36,4.305555556,39,0.972222222,0,0,0.138888889,0,0,0.138888889,0.722222222,29.99
B0117DBY12,4,3,1,1,0,0,0.5,0,0,0,0.5,37.99
B0117DDQFE,4,5,0,1,0,0,0,0,0,0,1,
B0117DE77U,28,4.357142857,13,0.964285714,0.071428571,0.071428571,0.107142857,0.035714286,0,0.107142857,0.75,33.99
B011DJSRCY,3,3,0,1,0,0,0.333333333,0,0.333333333,0,0.333333333,5.92
B011GWQTNM,29,4.068965517,2,1,0.034482759,0.034482759,0.137931034,0.034482759,0.034482759,0.206896552,0.586206897,
B011J74OTA,7,4.857142857,3,1,0,0,0,0,0,0.142857143,0.857142857,
B011P04PD6,1,5,0,1,0,0,0,0,0,0,1,
B011P17J8S,6,4.333333333,2,1,0,0,0.166666667,0,0,0,0.833333333,17.05
B011S3TZW6,19,4.421052632,8,1,0,0,0.105263158,0,0,0.157894737,0.736842105,9.78
B011TWSUJA,4,4.75,2,1,0,0,0,0,0,0.25,0.75,429.99
B0121CFQ4E,24,4.291666667,7,1,0,0,0,0.041666667,0.25,0.083333333,0.625,
B0123C8392,4,3.75,0,1,0,0,0,0,0.5,0.25,0.25,
B0123NHMXE,4,4,0,1,0,0,0,0.25,0,0.25,0.5,15.95
B01253GRCY,9,4.666666667,41,0.666666667,0,0,0,0,0,0.333333333,0.666666667,
B0127D30JK,46,4.239130435,233,0.97826087,0.02173913,0.02173913,0.043478261,0.065217391,0.130434783,0.130434783,0.630434783,14.02
B012IWI3AQ,7,5,4,1,0,0,0,0,0,0,1,
B012IXE2Y6,6,4.333333333,0,1,0,0,0.166666667,0,0,0,0.833333333,
B012TIU1IG,15,3.8,2,0.933333333,0.066666667,0.266666667,0.2,0,0.133333333,0.133333333,0.533333333,21.99
B012V6DYT4,12,4,2,1,0,0,0.166666667,0,0.083333333,0.166666667,0.583333333,21.99
B012YQL5IS,186,4.35483871,99,0.956989247,0.005376344,0.043010753,0.080645161,0.02688172,0.059139785,0.123655914,0.709677419,9.99
B0136ZB1KI,43,4.348837209,13,1,0,0,0.023255814,0.11627907,0.023255814,0.162790698,0.674418605,
B0139J5Q4S,1,5,0,1,0,0,0,0,0,0,1,
B013CII4ZY,2,3.5,2,1,0,0,0,0.5,0,0,0.5,19.97
B013EPVW2C,19,4.315789474,8,1,0.105263158,0.105263158,0.105263158,0.052631579,0,0.105263158,0.736842105,44.99
B013ERHK1W,26,4.730769231,5,0.923076923,0,0,0.038461538,0,0.038461538,0.038461538,0.884615385,
B013J8CLLU,17,4.588235294,4,1,0,0,0,0.058823529,0.117647059,0,0.823529412,26.28
B013L7MH1S,2,4.5,7,1,0,0,0,0,0,0.5,0.5,240
B013P38YFQ,3,3.333333333,0,1,0,0,0.333333333,0,0,0.333333333,0.333333333,
B013TI7A4S,38,4.447368421,33,0.973684211,0.131578947,0.315789474,0.052631579,0.105263158,0,0.026315789,0.815789474,68.9
B013TINE4S,56,4.428571429,23,1,0.071428571,0.089285714,0.035714286,0.053571429,0.107142857,0.053571429,0.75,59.88
B013TLF91Q,9,4.444444444,2,1,0,0,0,0,0.222222222,0.111111111,0.666666667,
B013TQPIM6,5,3.2,5,1,0,0,0,0.4,0.2,0.2,0.2,
B013WHR5NW,29,4.482758621,4,1,0,0,0.034482759,0.068965517,0.068965517,0.034482759,0.793103448,39.53
B013XXTFKG,7,4.285714286,6,1,0,0,0,0.142857143,0.142857143,0,0.714285714,
B0144O1588,2,3,0,1,0,0,0.5,0,0,0,0.5,74.41
B0145L7VA6,3,2,1,1,0,0,0.333333333,0.333333333,0.333333333,0,0,
B01468IXQY,6,5,0,1,0,0,0,0,0,0,1,69.98
B0146DK7H2,6,3,2,1,0.166666667,0.166666667,0.166666667,0.166666667,0.333333333,0.166666667,0.166666667,
B0148LTQR4,6,4,3,1,0.166666667,0.166666667,0,0.166666667,0,0.5,0.333333333,34.89
B014HG40A8,3,3.333333333,10,0.666666667,0,0,0,0.333333333,0.333333333,0,0.333333333,
B014I57IFC,4,4.75,1,1,0,0,0,0,0,0.25,0.75,181.09
B014ITW6FK,79,4.215189873,128,0.987341772,0.012658228,0.012658228,0.151898734,0,0.025316456,0.126582278,0.696202532,27.99
B014J4BCP4,28,3.892857143,77,0.964285714,0,0,0.142857143,0.035714286,0.142857143,0.142857143,0.535714286,
B014LOFZTQ,101,3.95049505,30,0.841584158,0.04950495,0.128712871,0.128712871,0.089108911,0.079207921,0.108910891,0.594059406,15.97
B014W61SBW,3,1.333333333,72,0,0,0,0.666666667,0.333333333,0,0,0,
B014W61VNM,4,2.75,51,0,0,0,0.5,0,0,0.25,0.25,
B014W97MH8,7,4.857142857,0,0.857142857,0,0,0,0,0,0.142857143,0.857142857,34.51
B014XAB8FS,5,5,5,1,0,0,0,0,0,0,1,20.95
B0150X71NU,9,3.888888889,42,0.666666667,0,0,0.111111111,0.111111111,0.111111111,0.111111111,0.555555556,
B0151RCR9I,7,4.571428571,1,1,0,0,0,0,0.142857143,0.142857143,0.714285714,8.56
B015242TKW,16,3.4375,11,0.8125,0,0,0.25,0,0.125,0.3125,0.3125,
B0153PC5IG,14,3.642857143,2,0.928571429,0,0,0.285714286,0,0.071428571,0.071428571,0.571428571,
B0155EDXI6,12,4.916666667,13,1,0,0,0,0,0,0.083333333,0.916666667,
B0156N8VLK,4,5,0,1,0,0,0,0,0,0,1,45.95
B0156NA55U,8,4.875,2,1,0,0,0,0,0,0.125,0.875,20.83
B0156NAYTC,4,5,0,1,0,0,0,0,0,0,1,29.41
B0156NB4BO,4,4.75,0,1,0,0,0,0,0,0.25,0.75,
B0156NCY6S,6,5,6,1,0,0,0,0,0,0,1,23.11
B0156NFANC,10,4.8,0,0.9,0,0,0,0,0,0.2,0.8,14.45
B0156NH7QK,7,4.142857143,0,1,0,0,0,0,0.285714286,0.285714286,0.428571429,
B0156NHCFG,11,4.636363636,0,1,0,0,0.090909091,0,0,0,0.909090909,36.99
B0156NI2GO,3,3.333333333,5,0.666666667,0,0,0.333333333,0,0,0.333333333,0.333333333,
B0156NIK1G,1,5,0,1,0,0,0,0,0,0,1,
B0156NJ4Z2,6,5,0,1,0,0,0,0,0,0,1,95.57
B0157P8RD4,3,4,0,0.666666667,0,0,0,0.333333333,0,0,0.666666667,
B0158XWOIO,2,4.5,1,1,0,0,0,0,0,0.5,0.5,
B01595YL0U,4,5,26,0.75,0,0,0,0,0,0,1,
B015968A42,9,4.444444444,2,1,0,0,0.111111111,0,0,0.111111111,0.777777778,
B015A9JEG6,10,3.4,5,1,0.1,0.2,0.3,0.1,0,0.1,0.5,9.21
B015AQ7INA,4,4,1,1,0,0,0.25,0,0,0,0.75,18.25
B015BL8I9W,11,3.090909091,11,1,0,0,0.272727273,0.272727273,0,0,0.454545455,
B015BL8J14,1,5,0,1,0,0,0,0,0,0,1,
B015BQ9698,2,3.5,0,1,0,0,0,0.5,0,0,0.5,
B015CXDUUG,11,4.181818182,0,1,0,0,0,0,0.272727273,0.272727273,0.454545455,
B015JHX5XM,6,3.5,1,1,0,0,0.166666667,0.166666667,0.166666667,0,0.5,37.49
B015JQU5B8,4,5,1,1,0,0,0,0,0,0,1,31.97
B015MQTW0K,2,5,0,0.5,0,0,0,0,0,0,1,39.54
B015OOVX3E,18,3.444444444,10,0.944444444,0,0,0.277777778,0.055555556,0.111111111,0.055555556,0.5,
B015OSFJNA,5,4,0,1,0,0,0.2,0,0,0.2,0.6,26.81
B015Q75PZQ,3,2.333333333,1,1,0,0,0.333333333,0.333333333,0,0.333333333,0,
B015R04V34,8,3.625,8,1,0.125,0.25,0.125,0.125,0.125,0.25,0.375,579.03
B015R051IS,1,5,4,1,0,0,0,0,0,0,1,824
B015R8GW2O,2,3,0,1,0,0,0.5,0,0,0,0.5,
B015RDKMSO,3,5,0,1,0,0,0,0,0,0,1,18.99
B015RDL8UK,2,3,1,1,0,0,0.5,0,0,0,0.5,16.4
B015WOKUJ4,26,4.692307692,23,1,0,0,0.038461538,0,0.038461538,0.076923077,0.846153846,
B015WVJME6,2,4,3,1,0,0,0,0,0.5,0,0.5,
B015YCQJBC,9,2.666666667,0,1,0,0,0.444444444,0.111111111,0.111111111,0,0.333333333,119.14
B015YLQIGE,3,5,0,1,0,0,0,0,0,0,1,47.92
B015ZLG6WY,3,5,0,1,0,0,0,0,0,0,1,
B0160CUANS,3,3.666666667,0,0.666666667,0,0,0.333333333,0,0,0,0.666666667,
B0160I7328,2,2,0,0.5,0,0,0,1,0,0,0,
B0161O4OVE,2,2.5,3,1,0,0,0,0.5,0.5,0,0,
B0161X4OUQ,6,4.333333333,13,1,0,0,0,0,0.166666667,0.333333333,0.5,
B0162OFF02,5,5,1,1,0,0,0,0,0,0,1,12.99
B0163IA6B0,6,4.833333333,75,1,0,0,0,0,0,0.166666667,0.833333333,14.99
B0167MXYT8,7,4.428571429,2,1,0.142857143,0.285714286,0.142857143,0,0,0,0.857142857,38.99
B0167MXZKQ,21,4,33,1,0.047619048,0.047619048,0.19047619,0.047619048,0,0.095238095,0.666666667,44.99
B0167MYERO,9,4.444444444,1,1,0,0,0.111111111,0,0,0.111111111,0.777777778,23.99
B01699M6R0,2,5,0,1,0,0,0,0,0,0,1,
B016DU85B6,8,2.5,3,0.875,0.125,0.125,0.25,0.25,0.375,0,0.125,
B016FHA1W8,10,2.1,28,0.5,0,0,0.4,0.4,0,0.1,0.1,
B016KQ7VMC,2,3.5,18,1,0,0,0,0.5,0,0,0.5,22.98
B016MWZIBU,5,3.4,3,1,0,0,0.4,0,0,0,0.6,199.56
B016PYUSHE,8,4.375,28,0.75,0,0,0.125,0,0,0.125,0.75,
B016PYUW3E,31,5,7,1,0,0,0,0,0,0,1,29.99
B016QSB4UO,5,4.6,0,1,0,0,0,0,0.2,0,0.8,
B016R2U4WI,9,4.444444444,3,1,0.111111111,0.111111111,0.111111111,0,0,0.111111111,0.777777778,
B016R8HKI8,12,4.333333333,6,1,0,0,0.083333333,0,0,0.333333333,0.583333333,
B016V0OR42,28,4.571428571,5,1,0.035714286,0.071428571,0,0.035714286,0.071428571,0.178571429,0.714285714,6.99
B016V2GJLY,1,5,0,1,0,0,0,0,0,0,1,
B016WXA8MI,7,3.285714286,0,1,0,0,0.285714286,0.142857143,0,0.142857143,0.428571429,29.99
B016YJ4TRU,37,4.324324324,20,0.972972973,0.027027027,0.054054054,0.081081081,0.054054054,0.027027027,0.135135135,0.702702703,99.19
B0170EPGXO,1,5,0,1,0,0,0,0,0,0,1,58.07
B0170EPM1K,10,4.9,0,1,0,0,0,0,0,0.1,0.9,50.56
B0170EPPO4,3,3.666666667,0,1,0,0,0.333333333,0,0,0,0.666666667,14.37
B01723LFNI,3,5,0,1,0,0,0,0,0,0,1,49.99
B0172GIVJQ,11,4.181818182,2,1,0,0,0.181818182,0,0,0.090909091,0.727272727,11.99
B0175Y17SW,16,4.75,3,0.9375,0,0,0,0,0.125,0,0.875,23.49
B0179QLASS,2,5,0,1,0,0,0,0,0,0,1,19.03
B017A3FUXQ,2,5,3,1,0,0,0,0,0,0,1,
B017AHPVMC,4,4.25,0,1,0,0,0,0.25,0,0,0.75,35.47
B017DPL2K6,2,5,0,1,0,0,0,0,0,0,1,
B017DPU8I8,2,5,2,1,0,0,0,0,0,0,1,
B017I06P8U,1,5,1,1,0,0,0,0,0,0,1,
B017KWXZJI,8,2,0,1,0.125,0.125,0.625,0.125,0,0.125,0.125,
B017MHZH9C,14,4.214285714,5,0.928571429,0.071428571,0.142857143,0.071428571,0.071428571,0.142857143,0,0.714285714,
B017OERBY2,4,4.5,0,1,0,0,0,0,0.25,0,0.75,62.19
B017P2Q1M6,16,3.75,28,1,0,0,0.1875,0.0625,0.125,0.0625,0.5625,
B017QFLGVI,2,3,0,0.5,0,0,0.5,0,0,0,0.5,10.85
B017S0XITY,3,2.666666667,1,1,0,0,0,0.333333333,0.666666667,0,0,14.99
B017UMA00A,4,4.75,5,1,0,0,0,0,0,0.25,0.75,61.92
B017UV2FMC,14,4,1,0.857142857,0,0,0,0.214285714,0.142857143,0.071428571,0.571428571,69.97
B017WNZJI0,13,4.846153846,0,1,0,0,0,0,0,0.153846154,0.846153846,14.99
B017Z7DR7I,3,3.666666667,0,1,0,0,0,0.333333333,0,0.333333333,0.333333333,47
B0184GGQQ8,6,4.833333333,0,1,0,0,0,0,0,0.166666667,0.833333333,8.96
B01867XLYU,2,4,3,1,0,0,0,0,0.5,0,0.5,
B01880VF48,7,4.714285714,0,1,0,0,0,0,0.142857143,0,0.857142857,41.46
B018A2RON0,4,3.25,0,1,0,0,0.25,0,0.25,0.25,0.25,
B018A2W5J8,14,4.928571429,0,1,0.071428571,0.071428571,0,0,0,0.071428571,0.928571429,15.85
B018KG2M1U,7,4.857142857,0,1,0,0,0,0,0,0.142857143,0.857142857,21.23
B018MPHZL6,6,5,1,1,0,0,0,0,0,0,1,
B018RHYHR4,7,5,0,1,0,0,0,0,0,0,1,
B018T1CAMM,25,3.88,11,1,0.04,0.04,0.16,0.08,0.08,0.08,0.6,
B018T2TSA8,5,4.4,1,1,0,0,0,0,0.2,0.2,0.6,23.13
B01923E15A,8,4.75,20,1,0.125,0.125,0,0,0.125,0,0.875,
B01947CV5G,2,4,4,1,0,0,0,0,0.5,0,0.5,14.99
B0194FZSQM,31,4.451612903,5,0.967741935,0.064516129,0.096774194,0.064516129,0.064516129,0,0.096774194,0.774193548,30.9
B0195V20MA,3,5,0,1,0,0,0,0,0,0,1,22.65
B0198ZXHEI,17,3.941176471,77,0.941176471,0.176470588,0.352941176,0.117647059,0.117647059,0.058823529,0.117647059,0.588235294,
B019BFGMSS,14,4.714285714,2,1,0,0,0,0.071428571,0,0.071428571,0.857142857,
B019HHTCBY,9,2.444444444,7,1,0,0,0.555555556,0,0.111111111,0.111111111,0.222222222,
B019JBELAK,5,4.2,3,1,0,0,0.2,0,0,0,0.8,17.95
B019N7P6H2,5,4,5,1,0,0,0.2,0,0,0.2,0.6,
B019NJFRPG,1,5,0,1,0,0,0,0,0,0,1,50.78
B019NJFTK4,6,5,0,1,0,0,0,0,0,0,1,
B019O5080I,9,4,0,1,0,0,0.111111111,0,0.222222222,0.111111111,0.555555556,
B019PBH9IA,15,3.733333333,15,1,0.066666667,0.066666667,0.066666667,0.133333333,0.133333333,0.333333333,0.333333333,
B019PBHB1K,15,3.466666667,24,1,0.133333333,0.266666667,0.2,0.133333333,0.066666667,0.2,0.4,
B019PJLW8K,4,4,1,1,0,0,0.25,0,0,0,0.75,
B019RF0FV2,35,3,39,1,0.2,0.285714286,0.314285714,0.114285714,0.114285714,0.171428571,0.285714286,196.22
B019S5SG58,7,4.285714286,3,0.857142857,0,0,0.142857143,0,0,0.142857143,0.714285714,
B019UAA4HY,2,1,0,1,0.5,2.5,1,0,0,0,0,27.95
B019YI23SU,3,5,12,1,0.666666667,0.666666667,0,0,0,0,1,
B01A5PF9O6,3,3.666666667,0,1,0.333333333,0.333333333,0.333333333,0,0,0,0.666666667,63.99
B01A7Z7370,10,3.2,1,0.9,0,0,0.3,0.1,0,0.3,0.3,
B01A9D4DFK,3,3.666666667,0,1,0,0,0.333333333,0,0,0,0.666666667,17.99
B01ACKOFGM,22,4.409090909,18,1,0,0,0.090909091,0,0,0.227272727,0.681818182,
B01AFNUOFC,6,2.833333333,53,0.833333333,0,0,0.166666667,0.5,0,0,0.333333333,
B01AGQ4MH4,22,3.181818182,14,0.954545455,0.045454545,0.045454545,0.227272727,0.181818182,0.090909091,0.181818182,0.318181818,
B01AGVARR8,70,4.257142857,9,0.971428571,0,0,0.1,0.042857143,0.042857143,0.128571429,0.685714286,18.88
B01AJ7FPPS,8,4.75,3,1,0,0,0,0,0.125,0,0.875,
B01AJVOJOC,4,4.75,1,1,0,0,0,0,0,0.25,0.75,94
B01AK295GW,2,5,0,1,0,0,0,0,0,0,1,29.68
B01ALBMIEI,360,3.869444444,5230,0.980555556,0.1,0.227777778,0.15,0.072222222,0.069444444,0.175,0.533333333,149.99
B01APU7DRW,6,4.833333333,0,1,0,0,0,0,0,0.166666667,0.833333333,32.99
B01AQ0PZFS,14,4.857142857,43,1,0,0,0,0,0.071428571,0,0.928571429,99
B01AQHNPLW,2,5,1,1,0,0,0,0,0,0,1,19.95
B01ARKQS44,7,3.285714286,2,1,0.142857143,0.285714286,0.142857143,0.142857143,0.285714286,0.142857143,0.285714286,18.59
B01ARKTLSE,11,4.545454545,4,1,0,0,0,0.090909091,0.090909091,0,0.818181818,9.85
B01ARKVR36,17,3.647058824,10,1,0,0,0.176470588,0.117647059,0.117647059,0.058823529,0.529411765,89.97
B01AROX8A2,4,4,5,0.5,0.5,1.25,0.25,0,0,0,0.75,
B01ATYSB02,3,5,8,1,0,0,0,0,0,0,1,15.99
B01AVHMCWA,9,4.111111111,3,1,0,0,0.111111111,0,0.111111111,0.222222222,0.555555556,
B01AWFWO7O,7,4.857142857,0,1,0,0,0,0,0,0.142857143,0.857142857,
B01AXY8P90,3,3.333333333,7,0.666666667,0.666666667,2.333333333,0.333333333,0,0,0.333333333,0.333333333,
B01AYKYBAA,14,3.5,7,1,0,0,0.142857143,0.214285714,0,0.285714286,0.357142857,
B01AYKYC5O,16,3.375,10,0.875,0,0,0.25,0.0625,0.125,0.1875,0.375,
B01AYKYE4I,14,4.142857143,9,0.857142857,0,0,0.142857143,0.071428571,0,0.071428571,0.714285714,
B01AYMBRFK,28,4.285714286,14,0.857142857,0.035714286,0.035714286,0.035714286,0.107142857,0.071428571,0.107142857,0.678571429,
B01AYU8RMS,8,2.125,10,1,0,0,0.5,0.25,0,0.125,0.125,
B01AZXTBPG,11,4.818181818,2,1,0,0,0,0,0,0.181818182,0.818181818,29.99
B01AZYJY16,17,4.235294118,1,1,0,0,0.176470588,0,0,0.058823529,0.764705882,29.99
B01B2LWYPY,1,3,1,1,0,0,0,0,1,0,0,450.47
B01B2SDZUU,11,3.545454545,5,1,0,0,0,0.272727273,0.181818182,0.272727273,0.272727273,67.28
B01BBRN624,2,3,13,1,0,0,0.5,0,0,0,0.5,12.99
B01BFV5TYE,4,3.25,3,1,0,0,0.25,0.25,0,0,0.5,21.42
B01BFVL34O,18,4.166666667,4,1,0.055555556,0.111111111,0.111111111,0.055555556,0,0.222222222,0.611111111,48.99
B01BFVVNDK,1,5,0,1,0,0,0,0,0,0,1,31
B01BGMU3TI,8,4,0,1,0,0,0.125,0.125,0,0.125,0.625,31.39
B01BGMU48S,3,2.333333333,1,1,0,0,0.333333333,0,0.666666667,0,0,
B01BGMU5HS,11,3.545454545,1,1,0.090909091,0.090909091,0.090909091,0.272727273,0,0.272727273,0.363636364,
B01BGMU9BU,1,1,0,1,0,0,1,0,0,0,0,
B01BHUSQZ2,14,4.142857143,2,0.5,0,0,0.071428571,0,0.142857143,0.285714286,0.5,
B01BJ6GE5I,5,4.8,0,0.8,0.2,0.2,0,0,0,0.2,0.8,
B01BKO0ARM,1,1,3,1,0,0,1,0,0,0,0,19.99
B01BKO0BCQ,9,4.666666667,9,1,0,0,0,0,0.111111111,0.111111111,0.777777778,18.22
B01BLEGKOS,47,4.255319149,37,0.957446809,0,0,0.14893617,0.021276596,0,0.085106383,0.744680851,
B01BLLUQUU,8,4.75,0,1,0,0,0,0,0,0.25,0.75,54.98
B01BLT10B6,4,3,0,1,0,0,0.25,0.25,0,0.25,0.25,
B01BMUW52M,11,2.363636364,0,1,0,0,0.363636364,0.181818182,0.272727273,0.090909091,0.090909091,
B01BN0AX7A,6,5,0,0.833333333,0,0,0,0,0,0,1,92.66
B01BO5IVIM,5,5,2,1,0,0,0,0,0,0,1,21.3
B01BOOHK9O,37,4.405405405,11,0.972972973,0,0,0.081081081,0.054054054,0,0.108108108,0.756756757,29.99
B01BP0E36K,17,4.764705882,13,0.941176471,0,0,0,0,0,0.235294118,0.764705882,
B01BREIZCW,6,5,0,1,0,0,0,0,0,0,1,7.99
B01BRI9B6C,2,5,1,1,0,0,0,0,0,0,1,122.58
B01BRKA0U6,7,3,3,1,0.285714286,0.285714286,0.428571429,0,0.142857143,0,0.428571429,53.95
B01BRKOBYW,4,4.75,2,1,0,0,0,0,0,0.25,0.75,17.02
B01BRM9QDG,3,5,0,1,0,0,0,0,0,0,1,10.68
B01BRPCZKO,3,5,1,1,0.333333333,0.333333333,0,0,0,0,1,38.02
B01BT2KAFW,3,2.666666667,2,0.333333333,0.333333333,1,0.333333333,0.333333333,0,0,0.333333333,21.99
B01BTG7PEW,2,5,1,1,0,0,0,0,0,0,1,59.99
B01BYHMMTO,7,2.142857143,8,1,0,0,0.571428571,0.142857143,0,0.142857143,0.142857143,
B01BZ759VQ,3,5,0,1,0,0,0,0,0,0,1,69.5
B01C08M35E,3,4,2,1,0,0,0,0,0,1,0,25.57
B01C1UAXX0,10,4.2,3,1,0,0,0.1,0.1,0,0.1,0.7,
B01C588W4K,16,4.25,48,0.6875,0.1875,0.375,0.0625,0.0625,0.125,0.0625,0.6875,
B01C6AASW6,14,3.857142857,45,0.928571429,0.071428571,0.142857143,0.142857143,0,0.142857143,0.285714286,0.428571429,
B01C9WA7IG,16,4.75,3,0.875,0,0,0,0,0,0.25,0.75,
B01CA0V1T6,18,4.166666667,5,1,0,0,0.111111111,0.055555556,0.055555556,0.111111111,0.666666667,27.99
B01CA1M7Z2,1,1,0,1,0,0,1,0,0,0,0,37.99
B01CA1V5MS,3,5,3,1,0,0,0,0,0,0,1,31.99
B01CA3KMUW,3,3.333333333,0,1,0,0,0,0.333333333,0.333333333,0,0.333333333,
B01CA3KNJ2,6,4.333333333,1,1,0,0,0.166666667,0,0,0,0.833333333,
B01CA410KW,95,4.694736842,50,0.989473684,0.010526316,0.010526316,0.042105263,0,0.031578947,0.073684211,0.852631579,21.99
B01CANG4IG,22,3.636363636,11,0.954545455,0.136363636,0.181818182,0.181818182,0.090909091,0.136363636,0.090909091,0.5,45.99
B01CC7GT0S,20,4.95,25,1,0,0,0,0,0,0.05,0.95,17.99
B01CC7GT1C,6,4.333333333,30,0.833333333,0,0,0,0.166666667,0,0.166666667,0.666666667,
B01CC7IVKY,8,3.625,32,1,0,0,0.25,0.125,0,0,0.625,
B01CC7SBAY,17,2.647058824,16,1,0,0,0.411764706,0.117647059,0.058823529,0.235294118,0.176470588,
B01CC7SBE0,18,4.611111111,5,1,0,0,0.055555556,0.055555556,0,0,0.888888889,16.99
B01CC7UI46,18,4.944444444,15,1,0,0,0,0,0,0.055555556,0.944444444,31.99
B01CETJ1Z4,7,4,4,0.714285714,0.142857143,0.571428571,0,0.285714286,0,0.142857143,0.571428571,
B01CO0VWJQ,7,3.142857143,6,0.714285714,0,0,0.142857143,0.285714286,0.142857143,0.142857143,0.285714286,
B01COB9EBS,28,4.535714286,6,0.964285714,0,0,0.035714286,0,0.107142857,0.107142857,0.75,4.99
B01CP45U0I,2,5,39,1,0.5,2,0,0,0,0,1,770
B01CVBGCE8,10,3.7,8,1,0,0,0.2,0.1,0.1,0,0.6,
B01CY29RCI,5,4.2,11,1,0,0,0,0,0.2,0.4,0.4,34.99
B01CYZV56Q,5,4.6,0,0.4,0,0,0,0,0,0.4,0.6,
B01D1NWPBY,9,4.111111111,5,1,0,0,0.111111111,0.111111111,0,0.111111111,0.666666667,
B01D1Q4JR4,2,3,0,1,0,0,0.5,0,0,0,0.5,109.99
B01D2OF7YO,19,3.947368421,5,0.947368421,0.105263158,0.105263158,0.157894737,0,0.105263158,0.210526316,0.526315789,
B01D59AUFW,9,4.666666667,71,0.777777778,0,0,0,0,0.111111111,0.111111111,0.777777778,8.99
B01D6L2QR4,2,5,2,1,0,0,0,0,0,0,1,34.65
B01DB1OX5W,9,2.111111111,22,0.888888889,0,0,0.444444444,0,0.555555556,0,0,
B01DC7OJ3G,12,2.916666667,6,1,0,0,0.25,0.166666667,0.25,0.083333333,0.25,
B01DCFFUDG,2,5,0,1,0,0,0,0,0,0,1,
B01DKO8OB4,10,3.7,6,0.9,0,0,0.2,0.1,0,0.2,0.5,
B01DMVFNM8,11,4.181818182,7,1,0,0,0.090909091,0.090909091,0.090909091,0,0.727272727,21.99
B01DQR9QWQ,15,3.4,51,1,0,0,0.2,0.2,0.066666667,0.066666667,0.466666667,
B01DSTBXK0,3,5,1,1,0,0,0,0,0,0,1,69.57
B01DYPY7UG,33,4.242424242,39,1,0.060606061,0.090909091,0.151515152,0,0.03030303,0.090909091,0.727272727,78.99
B01E1J61YY,1,4,0,1,0,0,0,0,0,1,0,
B01E4GBT8M,1,3,0,1,0,0,0,0,1,0,0,16.99
B01E4RUUQI,25,3.96,38,0.88,0.16,0.2,0.12,0.08,0.08,0.16,0.56,
B01E4RUVL2,3,4,51,1,0.333333333,0.666666667,0,0,0.333333333,0.333333333,0.333333333,
B01E5F6G7G,4,4.25,2,1,0,0,0,0,0.25,0.25,0.5,34.95
B01E61WSDA,5,4.8,7,0.8,0.2,0.4,0,0,0,0.2,0.8,
B01E85LYNO,52,4.461538462,7,1,0,0,0.019230769,0.057692308,0.076923077,0.134615385,0.711538462,34.99
B01E86RPA4,32,3.71875,11,0.96875,0.0625,0.15625,0.125,0.125,0.09375,0.21875,0.4375,29.95
B01E9DSA0A,21,3.428571429,10,1,0,0,0.238095238,0.095238095,0.142857143,0.047619048,0.476190476,
B01E9WT94W,3,1.666666667,0,1,0,0,0.666666667,0,0.333333333,0,0,
B01ECZVWAU,21,3.571428571,16,0.857142857,0,0,0.238095238,0.095238095,0.047619048,0.095238095,0.523809524,108
B01EEMSJQQ,33,4.242424242,13,1,0,0,0.03030303,0.121212121,0.060606061,0.151515152,0.636363636,8.93
B01EG4P07I,7,4.428571429,0,1,0,0,0.142857143,0,0,0,0.857142857,7.99
B01EGHUS6S,9,4.111111111,23,1,0,0,0.111111111,0,0.222222222,0,0.666666667,
B01EGR9616,8,3.75,1,1,0,0,0.125,0,0.25,0.25,0.375,8.96
B01EIXNKUG,19,3.578947368,7,0.947368421,0,0,0.157894737,0.105263158,0.105263158,0.263157895,0.368421053,71.16
B01ELZK3UQ,4,5,10,1,0,0,0,0,0,0,1,
B01ELZOWGW,7,4,14,1,0,0,0.142857143,0,0,0.428571429,0.428571429,35.16
B01EM69VT8,9,4.888888889,0,1,0,0,0,0,0,0.111111111,0.888888889,49.99
B01EMB5GYW,4,4.75,0,1,0,0,0,0,0,0.25,0.75,12
B01ENXS1C8,158,4.227848101,34,0.974683544,0.006329114,0.006329114,0.088607595,0.056962025,0.069620253,0.107594937,0.67721519,9.95
B01EOKNSPA,4,3.5,3,0.75,0.25,1.75,0.25,0,0.25,0,0.5,
B01ER070HE,4,3.25,10,1,0,0,0.25,0.25,0,0,0.5,
B01ES3T3LG,2,5,2,1,0,0,0,0,0,0,1,
B01ETRQB4I,23,4.434782609,38,0.956521739,0.086956522,0.347826087,0.043478261,0,0.130434783,0.130434783,0.695652174,
B01EWUIKP0,6,3,13,1,0.166666667,0.833333333,0.333333333,0,0.333333333,0,0.333333333,
B01EZ6NC36,4,1.75,17,1,0,0,0.5,0.25,0.25,0,0,62.45
B01EZG90A0,4,5,0,1,0,0,0,0,0,0,1,33.5
B01F0H53NQ,9,4.555555556,0,1,0,0,0.111111111,0,0,0,0.888888889,16.99
B01F14TF5A,5,4.8,3,0.8,0.2,0.2,0,0,0,0.2,0.8,18.98
B01F18YSZI,4,4,0,1,0,0,0.25,0,0,0,0.75,71.88
B01F18YUJW,7,4.857142857,4,1,0,0,0,0,0,0.142857143,0.857142857,34.04
B01F2W0GQI,11,5,0,0.909090909,0,0,0,0,0,0,1,14.95
B01F6MMOYG,5,4.2,1,1,0,0,0.2,0,0,0,0.8,38
B01F6OI1ZK,1,1,0,1,0,0,1,0,0,0,0,
B01F8E7JRE,3,5,0,1,0,0,0,0,0,0,1,21.03
B01F9HL79Q,1,5,0,1,0,0,0,0,0,0,1,
B01FA2RAFK,5,3.2,0,1,0,0,0.2,0.2,0.2,0,0.4,
B01FF19OU0,20,4.35,7,0.85,0.05,0.3,0,0.1,0.1,0.15,0.65,14.99
B01FG7OLHY,18,3.555555556,9,0.888888889,0.222222222,0.277777778,0.166666667,0.166666667,0.055555556,0.166666667,0.444444444,29.17
B01FGC9C3C,5,4.6,0,1,0,0,0,0,0.2,0,0.8,11.99
B01FK70JYE,2,5,5,1,0,0,0,0,0,0,1,
B01FO5J54W,4,4.25,0,1,0,0,0,0.25,0,0,0.75,11.52
B01FOQJ0HI,5,4,1,1,0,0,0,0.2,0.2,0,0.6,19.95
B01FQMGGBS,3,4.666666667,0,1,0,0,0,0,0,0.333333333,0.666666667,
B01FQR5PMY,6,2.5,25,0.833333333,0,0,0.5,0,0.166666667,0.166666667,0.166666667,
B01FSR3X7Q,24,3.833333333,5,1,0.041666667,0.166666667,0.208333333,0.041666667,0.041666667,0.125,0.583333333,
B01FT38VQM,6,3.666666667,0,1,0,0,0,0.166666667,0.166666667,0.5,0.166666667,
B01FT49KD4,12,4.083333333,6,1,0,0,0.083333333,0.083333333,0,0.333333333,0.5,
B01FX2AODM,223,4.789237668,39,0.995515695,0.004484305,0.004484305,0.031390135,0.004484305,0.013452915,0.044843049,0.905829596,4.69
B01FZ5T5YQ,5,4.6,7,1,0.2,0.2,0,0,0,0.4,0.6,393.3
B01G0IY9YS,7,5,0,1,0,0,0,0,0,0,1,
B01G44XXMC,5,3.8,4,1,0,0,0.2,0,0,0.4,0.4,
B01G4T47S6,66,4.621212121,61,0.984848485,0.015151515,0.015151515,0.03030303,0.015151515,0.03030303,0.151515152,0.772727273,23.99
B01G4T47UY,14,4.5,1,1,0,0,0.071428571,0,0,0.214285714,0.714285714,14.99
B01G4T47ZO,15,5,0,1,0,0,0,0,0,0,1,
B01G4TYOF2,5,4.8,0,1,0,0,0,0,0,0.2,0.8,27.99
B01G4W2ZNC,29,4.24137931,125,0.965517241,0.068965517,0.103448276,0.137931034,0,0.103448276,0,0.75862069,23.99
B01G4W95US,2,5,0,1,0,0,0,0,0,0,1,
B01G4W95WG,8,4.125,1,1,0,0,0.125,0,0.125,0.125,0.625,
B01G4WLQ2I,20,4.7,25,1,0,0,0.05,0,0,0.1,0.85,25.99
B01G4WRZTQ,20,4.5,10,1,0,0,0.05,0.05,0.05,0.05,0.8,26.99
B01G4WRZZU,2,4.5,0,1,0,0,0,0,0,0.5,0.5,
B01G4X15NM,7,4.714285714,0,1,0,0,0,0,0,0.285714286,0.714285714,
B01G4X15P0,19,4.578947368,8,1,0,0,0.105263158,0,0,0,0.894736842,19.99
B01G4XDNJ6,24,4.333333333,61,1,0.041666667,0.083333333,0.166666667,0,0,0,0.833333333,23.59
B01G4XRSXI,9,5,4,0.888888889,0.111111111,0.111111111,0,0,0,0,1,
B01G4XRT0U,5,4.2,0,1,0,0,0.2,0,0,0,0.8,
B01G4YSQ9W,8,4.875,5,0.875,0,0,0,0,0,0.125,0.875,35.99
B01G50KNJQ,30,3.8,29,0.966666667,0.033333333,0.066666667,0.2,0.1,0.033333333,0.033333333,0.633333333,22.99
B01G5GB2NQ,56,3.196428571,83,0.964285714,0.017857143,0.017857143,0.214285714,0.142857143,0.178571429,0.160714286,0.303571429,
B01G5KEH9I,3,5,5,1,0,0,0,0,0,0,1,
B01G69P07G,2,5,3,1,0,0,0,0,0,0,1,13.99
B01G7IKA1C,5,3.2,5,1,0,0,0.2,0.2,0.2,0,0.4,129.99
B01GABBF60,46,4.391304348,1,0.97826087,0.02173913,0.02173913,0.065217391,0.02173913,0.065217391,0.152173913,0.695652174,38.99
B01GABRQN6,24,4.25,43,1,0,0,0.125,0.041666667,0,0.125,0.708333333,17.99
B01GAC0SKS,1,5,0,1,0,0,0,0,0,0,1,
B01GACANPS,5,4,21,1,0,0,0.2,0,0,0.2,0.6,23.99
B01GACANRG,1,5,4,1,0,0,0,0,0,0,1,18.99
B01GADB068,14,3.428571429,10,1,0.071428571,0.142857143,0.214285714,0.071428571,0.142857143,0.214285714,0.357142857,
B01GCCYZ46,1,1,0,1,0,0,1,0,0,0,0,
B01GCKPNI0,9,4.333333333,3,0.555555556,0.222222222,0.666666667,0,0,0.222222222,0.222222222,0.555555556,
B01GDYWF9U,5,4.6,5,1,0,0,0,0,0,0.4,0.6,20.99
B01GE2Q06A,16,4.8125,27,1,0,0,0,0,0.0625,0.0625,0.875,16.99
B01GE7V1H8,31,3.838709677,44,1,0.161290323,0.290322581,0.096774194,0.193548387,0.064516129,0.064516129,0.580645161,119.99
B01GHWLL84,11,3.727272727,1,1,0,0,0.090909091,0.090909091,0.272727273,0.090909091,0.454545455,
B01GHWLTC2,21,3.619047619,6,1,0.047619048,0.095238095,0.285714286,0,0.095238095,0.047619048,0.571428571,7.99
B01GNRYFRM,18,4.722222222,1,1,0,0,0,0,0.055555556,0.166666667,0.777777778,
B01GOYBPZO,9,3.222222222,42,1,0,0,0.222222222,0.111111111,0.222222222,0.111111111,0.333333333,
B01GOYBTRS,7,3.428571429,8,1,0,0,0.142857143,0.285714286,0,0.142857143,0.428571429,
B01GOYBWQG,2,3.5,0,1,0,0,0,0.5,0,0,0.5,
B01GSKY4F2,3,5,3,1,0.333333333,0.333333333,0,0,0,0,1,38
B01GSL1NLE,1,5,3,1,0,0,0,0,0,0,1,39.5
B01GU604OO,3,5,9,0.333333333,0.333333333,3,0,0,0,0,1,
B01GV9PMIS,3,5,0,1,0,0,0,0,0,0,1,15.99
B01GV9UHZQ,3,5,0,1,0,0,0,0,0,0,1,12.58
B01GV9Z7A6,6,5,0,1,0,0,0,0,0,0,1,120
B01GV9ZP9E,7,4.857142857,4,1,0,0,0,0,0,0.142857143,0.857142857,28.99
B01GVNE6FO,3,5,3,0.333333333,0,0,0,0,0,0,1,
B01GXOQKQ4,10,4.2,9,1,0.2,0.2,0.1,0,0.1,0.2,0.6,22.99
B01GXOXMXI,4,3,0,1,0.25,0.25,0,0.5,0.25,0,0.25,63.92
B01GXOXYRM,11,4.636363636,31,1,0.090909091,0.181818182,0,0.090909091,0,0.090909091,0.818181818,34.5
B01GY5GQO8,3,1,0,0.666666667,0,0,1,0,0,0,0,
B01H1V413M,7,5,2,1,0,0,0,0,0,0,1,25.99
B01H1V91J6,3,5,1,1,0,0,0,0,0,0,1,
B01H26PGM6,6,4.5,1,1,0,0,0,0.166666667,0,0,0.833333333,21.99
B01H42YPGG,36,4.166666667,58,0.972222222,0.055555556,0.083333333,0.055555556,0.055555556,0.083333333,0.277777778,0.527777778,
B01H4A4KY0,46,3.804347826,146,0.956521739,0.02173913,0.108695652,0.130434783,0.130434783,0.065217391,0.152173913,0.52173913,12.49
B01H5PB5RE,3,4.666666667,0,1,0.666666667,0.666666667,0,0,0,0.333333333,0.666666667,29.99
B01HAA3L9Y,4,5,0,1,0,0,0,0,0,0,1,45.99
B01HAUKDHC,5,4,0,1,0,0,0.2,0,0,0.2,0.6,
B01HBPGP28,39,4.282051282,7,0.871794872,0,0,0.153846154,0,0,0.102564103,0.743589744,19.99
B01HHFUCMG,61,4.245901639,120,0.918032787,0.06557377,0.114754098,0.147540984,0.016393443,0.016393443,0.081967213,0.737704918,29.99
B01HHFUD1G,32,4.40625,12,0.9375,0,0,0.0625,0,0.09375,0.15625,0.6875,25.98
B01HI9IBA6,6,3.5,2,0.666666667,0.166666667,0.166666667,0.166666667,0.166666667,0.166666667,0,0.5,
B01HIEZ5F0,2,2.5,0,1,0,0,0.5,0,0,0.5,0,54.2
B01HIW5TOO,5,3.8,5,0.8,0,0,0.2,0,0.2,0,0.6,
B01HP14RJ6,6,5,0,1,0,0,0,0,0,0,1,32
B01HPXMEE4,63,4.063492063,57,0.968253968,0.015873016,0.047619048,0.111111111,0.063492063,0.095238095,0.111111111,0.619047619,16.98
B01HZP2CNA,2,2,0,1,0,0,0.5,0,0.5,0,0,20.1
B01HZZB6U0,2,1.5,5,1,0.5,1,0.5,0.5,0,0,0,14.99
B01I3M7JTQ,8,4.625,16,1,0,0,0,0,0,0.375,0.625,
B01I3MWIJW,2,5,0,1,0,0,0,0,0,0,1,
B01I3MWIKG,5,4.8,17,1,0,0,0,0,0,0.2,0.8,25.99
B01I4VU7IQ,2,4,1,1,0,0,0,0,0.5,0,0.5,
B01I64BNVQ,4,5,0,1,0,0,0,0,0,0,1,
B01I64JQCO,5,5,5,1,0,0,0,0,0,0,1,
B01I6GTVRW,10,4.5,10,1,0,0,0.1,0,0,0.1,0.8,28.99
B01I7O2EGI,5,5,0,1,0,0,0,0,0,0,1,30.98
B01IAFNZGC,2,5,0,1,0,0,0,0,0,0,1,28.99
B01IAFP15K,3,3.666666667,0,1,0,0,0.333333333,0,0,0,0.666666667,22.99
B01IAFP62I,2,1,2,1,0,0,1,0,0,0,0,30.99
B01IAFPFCO,7,4.428571429,65,0.857142857,0,0,0,0.142857143,0,0.142857143,0.714285714,27.99
B01IAFPQTG,4,4.75,0,1,0,0,0,0,0,0.25,0.75,34.99
B01IDH3IPU,17,3.941176471,65,0.941176471,0,0,0.176470588,0.058823529,0,0.176470588,0.588235294,35.99
B01IECMA1M,5,4.8,0,1,0,0,0,0,0,0.2,0.8,27
B01IF7MCPU,3,5,0,0.666666667,0,0,0,0,0,0,1,64
B01IIGDLVW,2,2.5,0,1,0,0,0.5,0,0,0.5,0,21.99
B01IO0E9RC,40,4.475,67,0.975,0.05,0.05,0.05,0.025,0.025,0.2,0.7,8.89
B01IWKSJOI,3,5,0,1,0,0,0,0,0,0,1,24.95
B01IXY1GSY,6,3,1,1,0.166666667,0.333333333,0.333333333,0.166666667,0,0.166666667,0.333333333,5.99
B01J0I0TQM,77,4.363636364,74,0.987012987,0.025974026,0.051948052,0.103896104,0.012987013,0.038961039,0.103896104,0.74025974,13.99
B01J0U3CQ4,1,1,0,1,0,0,1,0,0,0,0,
B01J23CPU8,3,3.666666667,3,0.666666667,0.333333333,0.666666667,0.333333333,0,0,0,0.666666667,
B01J5GKMJS,5,3.4,19,0.8,0,0,0.2,0.2,0,0.2,0.4,198
B01J664VSA,26,3.615384615,141,0.961538462,0.038461538,0.038461538,0.192307692,0.076923077,0.153846154,0.076923077,0.5,12.99
B01J6YKVW2,15,2.866666667,0,1,0,0,0.266666667,0.066666667,0.4,0.066666667,0.2,6.02
B01J6YNIBI,3,5,0,1,0,0,0,0,0,0,1,34.15
B01JAVRN72,3,5,0,1,0,0,0,0,0,0,1,
B01JB8LSTS,4,2.5,28,1,0.25,0.5,0.5,0,0.25,0,0.25,
B01JEH9ZGO,1,4,0,1,0,0,0,0,0,1,0,
B01JLB4VGW,4,2.5,2,1,0,0,0.5,0,0.25,0,0.25,
B01JS32CYQ,4,2,5,1,0.25,0.25,0.25,0.5,0.25,0,0,
B01K3OEC6K,5,3.4,0,0.6,0,0,0.4,0,0,0,0.6,
B01K6NTSHG,8,3.875,2,1,0,0,0.25,0,0,0.125,0.625,12.99
B01K8XGLYM,3,4.333333333,0,1,0,0,0,0,0,0.666666667,0.333333333,20.99
B01KAQ0F80,1,5,0,1,0,0,0,0,0,0,1,
B01KARUGP6,2,3,0,1,0,0,0,0.5,0,0.5,0,
B01KBUOCKW,3,5,2,1,0,0,0,0,0,0,1,18.29
B01KG375H6,6,4.333333333,1,1,0,0,0,0,0.333333333,0,0.666666667,
B01KHITDKC,3,3.666666667,0,1,0.333333333,0.333333333,0.333333333,0,0,0,0.666666667,
B01KIU2L9Y,6,4.666666667,0,1,0,0,0,0,0.166666667,0,0.833333333,23.96
B01KKDBDZM,2,5,0,1,0,0,0,0,0,0,1,16.45
B01KKJQWHK,12,3.583333333,6,1,0.166666667,0.166666667,0.166666667,0.25,0,0,0.583333333,42.49
B01KKM9M4M,23,3.695652174,1,1,0,0,0.217391304,0.043478261,0.130434783,0.043478261,0.565217391,9.19
B01KN52G08,7,3.571428571,2,0.857142857,0,0,0.285714286,0,0,0.285714286,0.428571429,
B01KQN7JS6,6,3.166666667,0,1,0,0,0.333333333,0,0.166666667,0.166666667,0.333333333,21.95
B01KR40MBA,3,4.666666667,0,1,0,0,0,0,0,0.333333333,0.666666667,71.95
B01KR5ARPA,1,5,0,1,0,0,0,0,0,0,1,33.1
B01KR6OITA,1,2,2,1,1,2,0,1,0,0,0,
B01KR7DYHQ,2,4,0,0.5,0.5,1,0,0,0.5,0,0.5,124
B01KR7WXJ6,3,5,2,1,0,0,0,0,0,0,1,29.98
B01KR8FB2G,4,5,0,1,0,0,0,0,0,0,1,39.9
B01KRBRUA4,2,1.5,0,1,0,0,0.5,0.5,0,0,0,49.99
B01KUMASTU,6,4.166666667,1,0.666666667,0,0,0.166666667,0,0,0.166666667,0.666666667,11.5
B01KV4OTU6,6,5,21,1,0,0,0,0,0,0,1,33.99
B01KVUIW26,15,4.8,1,0.933333333,0,0,0,0.066666667,0,0,0.933333333,
B01KYGAUTU,38,3.657894737,39,1,0.026315789,0.026315789,0.157894737,0.078947368,0.105263158,0.263157895,0.394736842,17.99
B01L0NE0C4,2,3,0,1,0,0,0.5,0,0,0,0.5,54.4
B01L2TDOCS,3,3.666666667,10,1,0,0,0,0.333333333,0,0.333333333,0.333333333,290.32
B01L80JUJ2,2,3,0,1,0,0,0.5,0,0,0,0.5,
B01LB15E02,2,2.5,0,1,0.5,0.5,0.5,0,0,0.5,0,
B01LBE6ZJ8,11,4.636363636,5,1,0,0,0,0,0,0.363636364,0.636363636,14.99
B01LF6ZI04,5,3.4,27,0.6,0,0,0.2,0.2,0,0.2,0.4,
B01LVTNNKI,4,4.5,0,1,0,0,0,0,0.25,0,0.75,19.95
B01LWP7LUQ,9,3.111111111,4,1,0,0,0.222222222,0.222222222,0.111111111,0.111111111,0.333333333,39.39
B01LWWZ1IX,17,4.647058824,4,1,0,0,0.058823529,0,0,0.117647059,0.823529412,
B01LX684DW,11,3.818181818,1,1,0,0,0,0.181818182,0.272727273,0.090909091,0.454545455,
B01LX6R2R9,3,5,1,1,0,0,0,0,0,0,1,
B01LX7ECBZ,3,4.666666667,0,1,0,0,0,0,0,0.333333333,0.666666667,11.97
B01LX8RI1V,8,4.25,0,1,0,0,0.125,0,0,0.25,0.625,
B01LY5GRCX,20,4.8,0,0.95,0,0,0.05,0,0,0,0.95,18.83
B01LYDZ1ML,3,4.666666667,0,1,0,0,0,0,0,0.333333333,0.666666667,4.99
B01LYF2R0U,3,2.333333333,14,0.333333333,0,0,0.666666667,0,0,0,0.333333333,
B01LZ70MCW,7,4.571428571,3,1,0,0,0,0,0,0.428571429,0.571428571,12.99
B01LZ9Q3H7,2,1.5,3,1,0,0,0.5,0.5,0,0,0,5.73
B01LZHJF55,65,4.169230769,9,0.984615385,0.015384615,0.015384615,0.092307692,0.107692308,0.015384615,0.107692308,0.676923077,21.59
B01LZJUZUK,33,4.515151515,1,0.96969697,0,0,0.060606061,0,0,0.242424242,0.696969697,34.01
B01LZS2EP6,4,4.25,7,1,0,0,0,0,0.25,0.25,0.5,
B01M02SIRY,1,5,0,1,0,0,0,0,0,0,1,11.99
B01M0328UH,3,4,0,1,0,0,0,0.333333333,0,0,0.666666667,
B01M1IJ0JE,6,4.333333333,1,1,0,0,0,0.166666667,0,0.166666667,0.666666667,9.13
B01M28A97G,5,5,1,1,0,0,0,0,0,0,1,10.88
B01M2BK452,15,2.266666667,2,0.933333333,0.133333333,0.2,0.533333333,0.133333333,0.066666667,0.066666667,0.2,
B01M2D2G5Q,9,3.666666667,3,1,0,0,0,0.222222222,0.111111111,0.444444444,0.222222222,
B01M30Z1RZ,2,5,0,1,0,0,0,0,0,0,1,29
B01M34404M,14,4.571428571,2,1,0.142857143,0.142857143,0.071428571,0,0.071428571,0,0.857142857,17.49
B01M3P3N5P,2,4.5,4,1,0,0,0,0,0,0.5,0.5,112.99
B01M3WVX70,11,4.272727273,3,1,0.090909091,0.090909091,0.090909091,0.090909091,0,0.090909091,0.727272727,27.45
B01M4NNUSM,4,5,0,1,0,0,0,0,0,0,1,
B01M4NZM9D,6,4.666666667,0,1,0,0,0,0,0,0.333333333,0.666666667,7.57
B01M5I543B,5,4.6,0,1,0,0,0,0,0,0.4,0.6,48.23
B01M5IUM5Q,3,4.666666667,0,1,0,0,0,0,0,0.333333333,0.666666667,7.06
B01M60V7LX,2,3,0,1,0,0,0.5,0,0,0,0.5,
B01M63OG2C,7,5,0,0.857142857,0,0,0,0,0,0,1,
B01M6734ST,2,1.5,1,1,0,0,0.5,0.5,0,0,0,
B01M67NWK1,5,3.8,4,1,0.2,0.4,0.2,0,0,0.4,0.4,45.99
B01M67TOZT,3,2.333333333,3,1,0,0,0.666666667,0,0,0,0.333333333,27.65
B01M6TH19Q,4,4,0,1,0,0,0.25,0,0,0,0.75,12.71
B01M7WGZDH,1,1,1,1,0,0,1,0,0,0,0,22.95
B01M8NSQUF,3,5,0,1,0,0,0,0,0,0,1,28.97
B01M9C7K2C,4,4.75,0,1,0,0,0,0,0,0.25,0.75,17.65
B01M9GO20X,12,4,9,1,0,0,0.166666667,0,0.083333333,0.166666667,0.583333333,
B01MA44AH4,7,4.571428571,5,1,0,0,0,0,0.142857143,0.142857143,0.714285714,
B01MCRKYUG,2,5,0,1,0,0,0,0,0,0,1,9.04
B01MDKW4FZ,1,5,0,1,0,0,0,0,0,0,1,20.1
B01MDQ4K8C,4,3.75,2,1,0,0,0.25,0,0,0.25,0.5,72.77
B01MDU4W7S,9,5,0,1,0.111111111,0.111111111,0,0,0,0,1,27.99
B01MF8MHP0,6,4,0,1,0,0,0.166666667,0,0,0.333333333,0.5,
B01MFCQQWM,5,2.4,3,0.8,0,0,0.2,0.4,0.2,0.2,0,
B01MG1FOC3,2,4,8,1,0,0,0,0,0,1,0,
B01MG8ASOP,9,4.555555556,0,1,0,0,0.111111111,0,0,0,0.888888889,12.99
B01MPZYPHT,6,4.5,5,1,0,0,0,0,0.166666667,0.166666667,0.666666667,14.45
B01MQGDIAR,3,5,6,1,0,0,0,0,0,0,1,899
B01MQK6WX3,3,4.333333333,0,1,0,0,0,0,0.333333333,0,0.666666667,54.29
B01MQO54NV,22,3.181818182,11,0.954545455,0,0,0.272727273,0.136363636,0.045454545,0.227272727,0.318181818,14.45
B01MQTPGJ0,6,4.333333333,9,1,0,0,0.166666667,0,0,0,0.833333333,
B01MR3232E,24,4.041666667,18,1,0,0,0.125,0,0.083333333,0.291666667,0.5,84.97
B01MRAPXGM,9,4.222222222,8,1,0,0,0.111111111,0.111111111,0,0,0.777777778,85
B01MSPPC1X,4,4.75,16,1,0,0,0,0,0,0.25,0.75,13.99
B01MTOCS5Z,3,5,4,1,0,0,0,0,0,0,1,19.99
B01MUAQ2FW,5,4,2,1,0,0,0,0.2,0.2,0,0.6,9.99
B01MUBHDBS,6,4.166666667,1,1,0,0,0,0.166666667,0,0.333333333,0.5,
B01MXFAJGZ,2,4.5,0,1,0,0,0,0,0,0.5,0.5,11.99
B01MXOV32V,5,4.6,3,1,0,0,0,0,0.2,0,0.8,21.99
B01MYYG9MD,5,3.2,9,0.8,0.2,0.2,0.2,0.2,0.2,0,0.4,164.97
B01MZ2G5H8,5,5,5,1,0,0,0,0,0,0,1,
B01MZ6JL9P,7,2.857142857,22,1,0,0,0.285714286,0.142857143,0.142857143,0.285714286,0.142857143,
B01MZBZ1LU,1,4,0,0,0,0,0,0,0,1,0,
B01MZYX4UW,5,5,45,1,0,0,0,0,0,0,1,64.9
B01N0EKTLH,8,4.125,73,1,0,0,0.125,0,0.125,0.125,0.625,22.99
B01N0EPOW3,2,4.5,10,1,0,0,0,0,0,0.5,0.5,
B01N0TQ0OH,51,4.431372549,8,1,0.019607843,0.058823529,0.039215686,0.058823529,0.039215686,0.156862745,0.705882353,9.99
B01N134PB9,6,4.333333333,2,1,0,0,0.166666667,0,0,0,0.833333333,15
B01N179T6Y,9,4.222222222,2,1,0,0,0.111111111,0.111111111,0,0,0.777777778,26.99
B01N1SM6MH,8,3.375,1,0.875,0.125,0.25,0.375,0,0,0.125,0.5,
B01N1X27V7,3,3.666666667,2,1,0,0,0,0,0.333333333,0.666666667,0,
B01N1YY7EO,65,4.723076923,10,0.969230769,0,0,0.046153846,0,0,0.092307692,0.861538462,
B01N20IWJR,4,3.25,0,1,0,0,0,0.5,0,0.25,0.25,10.99
B01N2HOQZU,4,5,1,1,0,0,0,0,0,0,1,
B01N2P9LBK,7,5,0,1,0,0,0,0,0,0,1,40.99
B01N2VJIJM,15,4.466666667,9,1,0.066666667,0.066666667,0.066666667,0.066666667,0,0.066666667,0.8,32.99
B01N38M3OH,16,4.5625,0,1,0,0,0.0625,0,0.0625,0.0625,0.8125,
B01N3LU8MG,8,2,83,0.75,0.125,0.125,0.75,0,0,0,0.25,
B01N43CS72,38,3.763157895,53,1,0,0,0.078947368,0.078947368,0.210526316,0.263157895,0.368421053,16.99
B01N4JX39N,6,4.666666667,0,1,0,0,0,0,0,0.333333333,0.666666667,
B01N52QBY8,5,4.4,22,0.4,0,0,0,0,0.2,0.2,0.6,
B01N56KEU6,18,4.555555556,44,1,0.222222222,0.388888889,0.055555556,0,0.055555556,0.111111111,0.777777778,72.99
B01N5AMOP1,6,4.333333333,7,1,0,0,0.166666667,0,0,0,0.833333333,36.99
B01N5EOYJI,3,3.666666667,0,1,0,0,0.333333333,0,0,0,0.666666667,21.5
B01N5G0J78,4,4,2,1,0,0,0.25,0,0,0,0.75,30.99
B01N63XMK4,4,3.75,0,1,0,0,0,0.25,0.25,0,0.5,
B01N6DRV92,2,5,16,1,0,0,0,0,0,0,1,35.99
B01N6PLGIR,62,3.838709677,50,0.983870968,0.080645161,0.129032258,0.129032258,0.048387097,0.161290323,0.177419355,0.483870968,12.89
B01N75LD14,9,4.444444444,31,0.888888889,0.444444444,0.777777778,0,0,0.111111111,0.333333333,0.555555556,726.96
B01N7DKBID,15,4.933333333,8,1,0,0,0,0,0,0.066666667,0.933333333,24.99
B01N7EVUZE,16,4.375,0,1,0.0625,0.1875,0.0625,0.125,0,0,0.8125,32.9
B01N7F6M2S,8,4.625,0,1,0,0,0,0,0,0.375,0.625,29.99
B01N7IGEJW,10,4.2,0,1,0,0,0.1,0.1,0,0.1,0.7,27.99
B01N7KVW3O,3,4.333333333,8,1,0,0,0,0,0,0.666666667,0.333333333,
B01N7OH8F0,6,3.666666667,5,1,0,0,0.333333333,0,0,0,0.666666667,8.99
B01N90B0WP,2,3.5,7,1,0,0,0,0.5,0,0,0.5,622.5
B01N95CQ5E,2,5,1,1,0,0,0,0,0,0,1,21.99
B01N98C33F,15,3.666666667,9,0.866666667,0.266666667,0.733333333,0.2,0,0.133333333,0.266666667,0.4,249.99
B01N995WDY,4,4,2,1,0.25,0.75,0.25,0,0,0,0.75,
B01N995ZOA,16,4,38,0.9375,0.25,0.3125,0.0625,0.1875,0,0.1875,0.5625,
B01N9HNALX,7,4.571428571,6,1,0,0,0,0,0.142857143,0.142857143,0.714285714,11.99
B01N9L5PFL,4,4.75,4,1,0,0,0,0,0,0.25,0.75,11.99
B01N9XQ8PC,3,3.666666667,0,1,0,0,0.333333333,0,0,0,0.666666667,
B01NBEZOOP,7,3.857142857,0,1,0,0,0.285714286,0,0,0,0.714285714,29.04
B01NBI87QV,3,5,7,1,0,0,0,0,0,0,1,49.99
B01NBMCGJY,33,4.363636364,7,1,0.060606061,0.121212121,0.090909091,0,0.090909091,0.090909091,0.727272727,
B01NBOGUCS,3,5,1,1,0,0,0,0,0,0,1,11.87
B01NBZPBON,5,4.8,2,1,0,0,0,0,0,0.2,0.8,10.78
B01NCAQ74G,2,5,0,1,0,0,0,0,0,0,1,
B01NCMDUZ4,6,5,20,1,0,0,0,0,0,0,1,24.99
B01NCMH48B,12,4.25,2,1,0.083333333,0.083333333,0,0.166666667,0.083333333,0.083333333,0.666666667,21.99
B01NCVHZK7,10,3.4,3,0.9,0,0,0.3,0.1,0,0.1,0.5,
B06VS572N2,3,4.666666667,2,1,0,0,0,0,0,0.333333333,0.666666667,
B06VW9HKXF,26,4.576923077,5,1,0,0,0.038461538,0.038461538,0,0.153846154,0.769230769,26.99
B06VY2GS31,4,4.25,1,1,0,0,0,0.25,0,0,0.75,9.95
B06W9PBPTP,4,3.5,22,0.5,0,0,0,0.25,0.25,0.25,0.25,
B06WD2X8D8,12,4,7,1,0,0,0.083333333,0,0.25,0.166666667,0.5,
B06WLM84BG,1,3,0,1,0,0,0,0,1,0,0,24.99
B06WRRD8GT,15,4.133333333,2,0.933333333,0.066666667,0.133333333,0.2,0,0,0.066666667,0.733333333,28
B06X1FWLXW,12,3.916666667,20,0.916666667,0.083333333,0.083333333,0.166666667,0,0.083333333,0.25,0.5,24.95
B06X41CBPZ,4,5,1,1,0,0,0,0,0,0,1,77.99
B06X988TDB,12,2.583333333,0,0.916666667,0.083333333,0.166666667,0.416666667,0.083333333,0.166666667,0.166666667,0.166666667,17.99
B06X9H9QYC,26,4.038461538,7,1,0,0,0.038461538,0.115384615,0.153846154,0.153846154,0.538461538,7.07
B06XBTXWSG,4,5,0,1,0,0,0,0,0,0,1,
B06XDRS83L,2,5,0,1,0,0,0,0,0,0,1,19.99
B06XDS1LVK,6,2.333333333,13,1,0,0,0.666666667,0,0,0,0.333333333,
B06XDVB34P,2,5,0,1,0,0,0,0,0,0,1,190.44
B06XDVHYS5,3,3.666666667,0,1,0,0,0.333333333,0,0,0,0.666666667,19
B06XG1GLJ3,3,2.666666667,0,1,0,0,0.333333333,0.333333333,0,0,0.333333333,20.79
B06XG2N6LT,28,3.214285714,36,0.928571429,0.035714286,0.142857143,0.25,0.214285714,0.071428571,0,0.464285714,31.99
B06XG6N8XJ,2,3.5,0,0.5,0,0,0,0.5,0,0,0.5,
B06XHG5G14,8,3.75,3,1,0.125,0.125,0,0.25,0.125,0.25,0.375,
B06XHZHB4N,5,4.2,0,1,0,0,0.2,0,0,0,0.8,
B06XJ9YKQH,9,3.444444444,1,0.777777778,0,0,0.333333333,0,0.111111111,0,0.555555556,105
B06XK6MTYP,8,2.875,8,1,0,0,0.25,0.25,0.125,0.125,0.25,29.99
B06XKTTG8Z,1,1,0,0,0,0,1,0,0,0,0,
B06XMRJG9Y,5,3.2,12,1,0,0,0,0.2,0.6,0,0.2,
B06XNWHHMC,1,5,1,1,0,0,0,0,0,0,1,
B06XP8WLFS,114,3.298245614,57,0.98245614,0.052631579,0.122807018,0.192982456,0.184210526,0.105263158,0.166666667,0.350877193,16.97
B06XPNR881,3,4.333333333,18,1,0,0,0,0,0.333333333,0,0.666666667,
B06XPSNJWD,9,3.666666667,0,1,0.111111111,0.222222222,0.222222222,0.111111111,0,0.111111111,0.555555556,11.99
B06XQN762G,1,5,1,1,0,0,0,0,0,0,1,14.85
B06XR8WW52,32,3.96875,3,1,0.125,0.1875,0.0625,0.09375,0.15625,0.1875,0.5,19.99
B06XR96P3Z,38,4.815789474,4,0.973684211,0.026315789,0.026315789,0,0,0.052631579,0.078947368,0.868421053,6.99
B06XRD4RLS,6,3.333333333,2,1,0,0,0.166666667,0.166666667,0.166666667,0.166666667,0.333333333,30
B06XRNTC76,53,4.811320755,25,1,0.018867925,0.056603774,0,0.018867925,0.037735849,0.056603774,0.886792453,13.49
B06XRWGFJR,9,4.333333333,7,1,0,0,0,0,0.333333333,0,0.666666667,
B06XSD2CMC,26,3.769230769,263,0.807692308,0,0,0.076923077,0.115384615,0.192307692,0.192307692,0.423076923,
B06XXWVPWJ,2,2.5,2,1,0.5,1.5,0.5,0,0,0.5,0,9.99
B06Y24QGGB,58,4.482758621,5,1,0.017241379,0.086206897,0.103448276,0,0.017241379,0.068965517,0.810344828,11.42
B06Y28L3S1,24,3.333333333,64,0.875,0.041666667,0.125,0.208333333,0.208333333,0.041666667,0.125,0.416666667,
B06Y2P5W4S,3,4,1,1,0,0,0,0,0.333333333,0.333333333,0.333333333,379
B06Y3CXQDG,4,3,0,1,0.25,0.25,0.5,0,0,0,0.5,13
B06Y3JRMMG,3,3.666666667,24,1,0,0,0.333333333,0,0,0,0.666666667,
B06Y3YQ2VT,5,4.4,1,1,0,0,0,0.2,0,0,0.8,15.59
B06Y6LPKGC,13,4.538461538,79,1,0,0,0.076923077,0,0,0.153846154,0.769230769,34.11
B06Y6R5RXN,12,3.416666667,5,1,0,0,0.333333333,0,0.083333333,0.083333333,0.5,9.99
B06Y6S1NSK,7,4.857142857,0,1,0,0,0,0,0,0.142857143,0.857142857,29.95
B06ZXYZGQT,2,4.5,1,1,0,0,0,0,0,0.5,0.5,210
B06ZXZ5SFQ,78,4.346153846,12,1,0,0,0.038461538,0.051282051,0.076923077,0.192307692,0.641025641,10.99
B0711BGQR7,2,3,0,1,0,0,0.5,0,0,0,0.5,25.9
B0711RSTC9,1,5,0,1,0,0,0,0,0,0,1,
B0713TRZJH,3,5,1,0.666666667,0,0,0,0,0,0,1,38
B07144LZ9V,7,3.857142857,12,1,0.142857143,0.285714286,0.142857143,0.142857143,0,0.142857143,0.571428571,
B0718Z3T6Y,5,4.4,0,0.8,0,0,0,0,0.2,0.2,0.6,67.4
B071CG9LS2,5,3.4,2,0.8,0,0,0.4,0,0,0,0.6,
B071CLNHG3,7,4.285714286,4,1,0,0,0.142857143,0,0,0.142857143,0.714285714,41.99
B071CLSCG6,5,3.2,25,0.6,0,0,0.2,0.2,0.2,0,0.4,
B071D554S1,11,4.454545455,0,1,0,0,0.090909091,0,0,0.181818182,0.727272727,11.24
B071DLCG26,19,4.157894737,9,1,0.052631579,0.105263158,0.105263158,0,0.157894737,0.105263158,0.631578947,14.99
B071G3HDL3,1,5,0,1,0,0,0,0,0,0,1,23.94
B071G4ZT6Y,2,3.5,0,1,0,0,0,0.5,0,0,0.5,
B071G51H1Q,11,3.090909091,13,1,0.090909091,0.272727273,0.363636364,0,0.181818182,0.090909091,0.363636364,14.99
B071GR6WZZ,2,5,0,0.5,0,0,0,0,0,0,1,
B071GZLTBW,6,4.166666667,1,1,0,0,0.166666667,0,0,0.166666667,0.666666667,20.98
B071H9M93R,4,4,0,1,0,0,0.25,0,0,0,0.75,25.99
B071JR6TXQ,5,4,0,1,0,0,0,0.2,0,0.4,0.4,
B071K678VL,4,2.5,10,0.75,0.75,1.25,0.25,0.25,0.25,0.25,0,849.95
B071K91BLM,5,4.2,1,1,0,0,0,0.2,0,0.2,0.6,41.17
B071KQY5TJ,22,4.090909091,209,0.954545455,0.181818182,0.454545455,0.090909091,0,0.181818182,0.181818182,0.545454545,249.99
B071KTC7G5,15,4.466666667,25,0.933333333,0.066666667,0.2,0.133333333,0,0,0,0.866666667,30.99
B071RPBL71,6,4.666666667,3,1,0,0,0,0,0,0.333333333,0.666666667,19.03
B071RSG2QT,17,4.705882353,18,1,0.058823529,0.058823529,0.058823529,0,0,0.058823529,0.882352941,9.99
B071V8CY12,2,5,1,1,0,0,0,0,0,0,1,6.29
B071VCL7P3,3,5,0,1,0,0,0,0,0,0,1,26.99
B071WN2J1D,2,5,2,1,0,0,0,0,0,0,1,
B071WXFJ2M,4,5,2,1,0,0,0,0,0,0,1,28.5
B071YLYJ1G,2,5,3,1,0,0,0,0,0,0,1,22
B071Z2KBQZ,9,2,9,0.888888889,0.222222222,0.333333333,0.666666667,0,0.111111111,0.111111111,0.111111111,4.49
B0721DMQX7,1,5,0,1,0,0,0,0,0,0,1,
B0721KBF54,2,2,1,1,0,0,0.5,0,0.5,0,0,
B0721RVRYN,17,4.705882353,65,1,0.058823529,0.058823529,0,0.058823529,0.058823529,0,0.882352941,8.99
B0725H59WW,4,1,9,0.25,0,0,1,0,0,0,0,
B072BG4229,10,4.7,0,1,0,0,0,0,0,0.3,0.7,21.88
B072C81QSX,3,2.666666667,2,1,0.333333333,1.666666667,0.333333333,0.333333333,0,0,0.333333333,
B072HSXG9S,12,4.583333333,2,1,0.083333333,0.166666667,0,0,0.166666667,0.083333333,0.75,11.49
B072JL5W21,100,4.58,66,1,0,0,0.04,0.02,0.04,0.12,0.78,19.99
B072JQMVQM,24,4.708333333,1,1,0,0,0,0,0.041666667,0.208333333,0.75,
B072JT6S3S,7,4.714285714,1,1,0,0,0,0,0,0.285714286,0.714285714,
B072KWS57B,5,3.6,0,1,0,0,0,0.2,0.4,0,0.4,26.99
B072L73LCR,4,5,2,1,0,0,0,0,0,0,1,15.99
B072LK2MPQ,12,3.5,3,0.916666667,0.083333333,0.416666667,0.25,0.083333333,0.083333333,0.083333333,0.5,
B072MQ8MX8,5,5,0,1,0,0,0,0,0,0,1,13.99
B072MYV8B7,4,4.25,0,0.75,0,0,0,0,0.25,0.25,0.5,23.92
B072N5XS1H,6,4.666666667,1,1,0.166666667,0.333333333,0,0,0,0.333333333,0.666666667,29.99
B072NY63CK,5,4.6,0,1,0.2,0.8,0,0,0.2,0,0.8,
B072PTGWSV,1,4,0,1,0,0,0,0,0,1,0,
B072R1RR46,3,5,5,1,0,0,0,0,0,0,1,52.44
B072V69G9L,17,4.647058824,24,1,0,0,0,0.058823529,0,0.176470588,0.764705882,36.99
B072YSVRLB,12,4.833333333,1,1,0,0,0,0,0.083333333,0,0.916666667,
B072YT1676,5,4.2,20,1,0,0,0.2,0,0,0,0.8,129.04
B072Z6ZZ9Q,9,4.555555556,0,1,0,0,0,0,0.111111111,0.222222222,0.666666667,9.99
B072Z98FQM,22,4.181818182,2,0.954545455,0.045454545,0.090909091,0.045454545,0.090909091,0.090909091,0.181818182,0.590909091,9.97
B0731P5KGC,4,4.75,1,1,0,0,0,0,0,0.25,0.75,
B0732YKTJS,2,5,2,0.5,0,0,0,0,0,0,1,
B0736L6PP8,5,2.6,0,1,0.2,0.2,0.6,0,0,0,0.4,
B0736MBGSQ,6,3.333333333,7,1,0.333333333,0.666666667,0.333333333,0,0.166666667,0,0.5,11.99
B0737B6HGR,258,3.744186047,143,0.968992248,0.046511628,0.089147287,0.213178295,0.054263566,0.081395349,0.07751938,0.573643411,10.99
B073B2X6V9,14,4.571428571,37,1,0,0,0.071428571,0,0.071428571,0,0.857142857,11.99
B073B4KCL2,5,4.6,0,1,0,0,0,0,0.2,0,0.8,16.99
B073BLHCND,49,4.244897959,260,0.979591837,0.163265306,0.591836735,0.06122449,0.040816327,0.163265306,0.06122449,0.673469388,339.32
B073BLZSGT,5,4.4,0,0.8,0,0,0,0,0,0.6,0.4,
B073DCKJB1,4,4.25,4,1,0,0,0,0,0.25,0.25,0.5,11.99
B073DGGP2F,4,3,1,1,0,0,0.5,0,0,0,0.5,
B073DJJVYX,5,4,0,1,0,0,0,0.2,0.2,0,0.6,
B073G7RHFR,15,4.733333333,1,1,0,0,0,0,0.066666667,0.133333333,0.8,79.83
B073K1L6RH,10,5,3,1,0.4,0.7,0,0,0,0,1,11.87
B073LCQDGB,5,4.2,0,1,0,0,0.2,0,0,0,0.8,6.89
B073LD95Z7,3,5,0,1,0,0,0,0,0,0,1,9.5
B073M6RG54,7,4.857142857,0,1,0,0,0,0,0,0.142857143,0.857142857,6.95
B073NB5NNT,5,4.8,2,1,0.2,0.8,0,0,0,0.2,0.8,8.99
B073PHGD8C,1,2,0,1,0,0,0,1,0,0,0,
B073PK81XN,7,4.428571429,3,1,0,0,0,0.142857143,0,0.142857143,0.714285714,71.99
B073PM5CWW,52,4.5,25,1,0.096153846,0.153846154,0.057692308,0.019230769,0.057692308,0.096153846,0.769230769,18.71
B073PXFKMW,2,5,1,1,0,0,0,0,0,0,1,24.99
B073PZWYB3,3,4.333333333,2,1,0,0,0,0,0.333333333,0,0.666666667,
B073R5DNNK,5,2.6,0,1,0,0,0.6,0,0,0,0.4,
B073R9DTXV,5,4,8,1,0,0,0.2,0,0,0.2,0.6,16.99
B073R9F1SR,1,5,0,1,0,0,0,0,0,0,1,
B073RLMVDP,11,3.727272727,24,0.909090909,0,0,0.181818182,0,0.272727273,0,0.545454545,
B073RLP9B7,9,4.111111111,8,1,0,0,0,0.111111111,0.222222222,0.111111111,0.555555556,
B073RQRGTW,10,3.2,0,1,0,0,0.3,0,0.3,0,0.4,8.25
B073RRXYZ2,6,5,0,1,0,0,0,0,0,0,1,49.36
B073RRYTNV,3,3.666666667,0,1,0,0,0.333333333,0,0,0,0.666666667,26.74
B073WH64VZ,49,4.367346939,6,0.979591837,0.020408163,0.020408163,0.102040816,0,0.081632653,0.06122449,0.755102041,23.36
B073XGV9D1,1,5,0,1,0,0,0,0,0,0,1,
B073XH137H,6,4,23,1,0,0,0.166666667,0,0.166666667,0,0.666666667,
B073XYFQ7L,1,3,2,1,0,0,0,0,1,0,0,9.81
B073XZ7BNC,38,4.210526316,2,0.868421053,0,0,0.131578947,0.052631579,0.026315789,0.052631579,0.736842105,39.59
B073Y15XL9,9,4.888888889,0,1,0,0,0,0,0,0.111111111,0.888888889,9.95
B073Y53GMZ,12,4.666666667,2,1,0,0,0,0,0.083333333,0.166666667,0.75,7.5
B073ZC16ZD,10,3.8,206,0.9,0.1,0.3,0.3,0,0,0,0.7,449.99
B073ZZJ8TB,4,3,0,1,0,0,0.5,0,0,0,0.5,
B074124N36,27,4.185185185,18,1,0.074074074,0.074074074,0.111111111,0.037037037,0.074074074,0.111111111,0.666666667,14.99
B0741BMLP9,30,4.933333333,2,0.933333333,0,0,0,0,0,0.066666667,0.933333333,6.5
B0742D5HSG,19,4.578947368,2,1,0.052631579,0.263157895,0.105263158,0,0,0,0.894736842,9.99
B07437RHMN,1,5,0,1,0,0,0,0,0,0,1,12.89
B0744GQJ4Y,2,5,0,1,0,0,0,0,0,0,1,
B0746FBSBN,13,4.307692308,3,1,0.076923077,0.076923077,0.076923077,0.076923077,0.076923077,0,0.769230769,8.95
B0746H2KB2,2,1.5,11,1,0,0,0.5,0.5,0,0,0,
B0746RVVYP,4,4,0,1,0,0,0.25,0,0,0,0.75,20.45
B0747ZYS7R,32,4.21875,2,1,0.03125,0.03125,0.125,0,0.09375,0.09375,0.6875,5.5
B07488SRD7,5,3.2,0,0.8,0.2,0.2,0.2,0.2,0.2,0,0.4,
B0748D7XFS,27,3.888888889,11,1,0.037037037,0.074074074,0.222222222,0.037037037,0,0.111111111,0.62962963,7.99
B0748L53R1,8,3.5,1,1,0.125,0.125,0.125,0.125,0.25,0.125,0.375,10.59
B0748M7247,17,3.411764706,3,0.941176471,0.058823529,0.235294118,0.176470588,0.176470588,0.117647059,0.117647059,0.411764706,
B0748P8GW3,15,4.8,3,1,0,0,0,0,0.066666667,0.066666667,0.866666667,19.95
B0748W7J1C,7,2.142857143,2,1,0,0,0.428571429,0.142857143,0.285714286,0.142857143,0,6.99
B0748YT7XX,14,4.357142857,2,0.928571429,0,0,0.142857143,0,0,0.071428571,0.785714286,39.99
B074B9ZXWR,6,3.666666667,36,1,0,0,0.333333333,0,0,0,0.666666667,77.79
B074BZDH3F,7,3.285714286,19,1,0,0,0.428571429,0,0,0,0.571428571,
B074C3ZWD7,31,3.774193548,21,1,0.096774194,0.193548387,0.129032258,0.161290323,0.096774194,0.032258065,0.580645161,159.99
B074D3765K,2,4.5,6,1,0,0,0,0,0,0.5,0.5,
B074D3HV3G,5,3.4,0,1,0.2,0.2,0.4,0,0,0,0.6,
B074DSGJXS,10,4.3,2,1,0,0,0.1,0,0.1,0.1,0.7,10.69
B074HLRXMP,70,3.3,36,0.942857143,0.028571429,0.042857143,0.342857143,0.057142857,0.057142857,0.042857143,0.5,50.74
B074JF8F7C,2,3,3,0.5,0,0,0.5,0,0,0,0.5,
B074KNQD25,5,4,14,1,0,0,0,0,0.2,0.6,0.2,
B074MFQN3F,5,4,0,1,0,0,0,0.2,0.2,0,0.6,
B074NZY9RD,7,4.428571429,0,1,0,0,0.142857143,0,0,0,0.857142857,
B074P5R3HJ,2,5,3,1,0,0,0,0,0,0,1,
B074PJVDZ8,1,5,0,1,0,0,0,0,0,0,1,
B074PNJVF6,50,4.28,76,1,0.02,0.02,0.08,0.08,0.04,0.08,0.72,27.99
B074PPFCRR,13,4.461538462,6,1,0,0,0.076923077,0,0.076923077,0.076923077,0.769230769,13.99
B074QHMVSV,21,3.380952381,6,1,0.047619048,0.047619048,0.285714286,0.095238095,0.047619048,0.095238095,0.476190476,22.99
B074QLYQ59,14,4.214285714,3,0.928571429,0.071428571,0.142857143,0.071428571,0.071428571,0.071428571,0.142857143,0.642857143,25.97
B074R7GK8V,84,2.928571429,1194,0.964285714,0.011904762,0.023809524,0.273809524,0.119047619,0.226190476,0.166666667,0.214285714,99.99
B074R9PRJY,5,4.4,0,1,0,0,0,0,0.2,0.2,0.6,15.99
B074RDWS11,36,3.722222222,99,0.972222222,0.027777778,0.027777778,0.222222222,0.055555556,0.027777778,0.166666667,0.527777778,169.99
B074TR1DWS,2,2.5,0,1,0,0,0.5,0,0,0.5,0,18.49
B074WRGGCM,4,5,0,1,0,0,0,0,0,0,1,8.44
B074X4VM6Z,9,3.555555556,3,1,0,0,0.222222222,0.111111111,0.111111111,0,0.555555556,
B074Z3XCD2,4,3,0,1,0,0,0.25,0.25,0,0.25,0.25,
B07518FM17,9,4.111111111,22,1,0,0,0.111111111,0,0.222222222,0,0.666666667,
B0751KDVTP,165,3.2,597,0.854545455,0.066666667,0.103030303,0.296969697,0.090909091,0.127272727,0.084848485,0.4,
B0752B57FG,5,3.2,2,1,0.2,0.4,0,0.6,0,0,0.4,12.99
B0756DVSBT,2,4,24,1,0,0,0,0,0.5,0,0.5,47.46
B0756VLZH8,8,4.25,14,1,0.125,1.125,0.125,0,0,0.25,0.625,
B075762PW1,7,2.714285714,4,0.857142857,0,0,0.428571429,0,0.285714286,0,0.285714286,22.99
B0758T2Y7F,24,3.666666667,0,0.958333333,0,0,0.166666667,0.083333333,0.166666667,0.083333333,0.5,10.25
B0759KR8JX,23,4.52173913,17,0.956521739,0,0,0.086956522,0,0,0.130434783,0.782608696,
B075CY8ZMZ,5,5,1,1,0,0,0,0,0,0,1,23.8
B075D645W6,3,3.666666667,1,1,0.333333333,0.333333333,0.333333333,0,0,0,0.666666667,22.99
B075DJ4ZVQ,12,4.666666667,2,1,0,0,0,0,0.083333333,0.166666667,0.75,29.95
B075F6L3VW,23,4.043478261,2,0.913043478,0.086956522,0.086956522,0.173913043,0,0.086956522,0.086956522,0.652173913,17.99
B075FC597Y,34,4.441176471,13,1,0.058823529,0.058823529,0.088235294,0.058823529,0,0.029411765,0.823529412,33.99
B075FKM3CJ,7,4.428571429,7,1,0,0,0.142857143,0,0,0,0.857142857,10.9
B075FKX7TY,13,2.384615385,3,0.923076923,0.076923077,0.076923077,0.307692308,0.230769231,0.307692308,0.076923077,0.076923077,
B075GM5XL8,3,5,0,0.666666667,0.333333333,0.666666667,0,0,0,0,1,
B075GT81TY,6,3.5,4,1,0.166666667,0.166666667,0,0.333333333,0.166666667,0.166666667,0.333333333,
B075H37PRS,2,5,0,1,0,0,0,0,0,0,1,
B075H7D9TL,17,4.117647059,0,1,0.058823529,0.058823529,0.117647059,0,0.117647059,0.176470588,0.588235294,
B075KNLVBZ,5,3.2,3,0.8,0.2,0.2,0,0.4,0.2,0.2,0.2,9.5
B075LFTG6X,62,3.596774194,135,0.887096774,0.032258065,0.032258065,0.209677419,0.048387097,0.129032258,0.161290323,0.451612903,
B075LR98ZQ,10,2.5,11,0.9,0.1,0.1,0.5,0.1,0.1,0,0.3,17.53
B075M1LZHD,5,4.4,1,1,0,0,0,0.2,0,0,0.8,
B075M2Q4B2,9,3.222222222,0,1,0.111111111,0.444444444,0.444444444,0,0,0,0.555555556,6.97
B075M483PH,11,4.363636364,3,1,0,0,0.090909091,0,0,0.272727273,0.636363636,13.97
B075M4M3H6,48,4.1875,13,1,0.041666667,0.041666667,0.104166667,0.020833333,0.083333333,0.166666667,0.625,12.99
B075M6J6X8,23,4.869565217,1,1,0.043478261,0.043478261,0,0,0.043478261,0.043478261,0.913043478,6.97
B075NNSD4B,2,4,3,1,0,0,0,0,0.5,0,0.5,8.99
B075PGJ21L,13,4.384615385,1,1,0,0,0.153846154,0,0,0,0.846153846,9.9
B075QD69NF,5,3.4,0,1,0,0,0.4,0,0,0,0.6,
B075S2GSX5,4,4.5,2,1,0,0,0,0,0,0.5,0.5,
B075SHW6BY,20,3.85,0,1,0,0,0.2,0.05,0.05,0.1,0.6,30.69
B075TBB334,72,3.777777778,0,1,0,0,0.152777778,0.097222222,0.097222222,0.125,0.527777778,
B075TVQ8W9,4,4.5,0,1,0,0,0,0,0,0.5,0.5,
B075WDGGSD,7,3.285714286,3,1,0.142857143,0.142857143,0,0.428571429,0.142857143,0.142857143,0.285714286,13.99
B075WDKQGN,3,4,0,1,0,0,0,0,0.333333333,0.333333333,0.333333333,9.99
B075X3G7CJ,2,5,1,1,0,0,0,0,0,0,1,23
B075XMZFRL,5,5,2,1,0.2,0.4,0,0,0,0,1,
B075Y2T3YY,3,3,0,1,0,0,0.333333333,0,0.333333333,0,0.333333333,
B075Y43M77,8,3.25,1,1,0,0,0.25,0.25,0,0,0.5,10.99
B075Y5S91H,13,4.461538462,11,1,0,0,0.076923077,0.076923077,0,0,0.846153846,23.99
B075YMZFJJ,9,2.666666667,3,0.777777778,0,0,0.444444444,0,0.222222222,0.111111111,0.222222222,
B075ZSK6XV,5,3.8,0,1,0,0,0,0.4,0,0,0.6,
B076298LVG,2,3.5,0,1,0,0,0,0.5,0,0,0.5,15.39
B0762HC2RY,4,5,0,1,0,0,0,0,0,0,1,24.99
B0762K6QFL,3,5,0,1,0,0,0,0,0,0,1,37.99
B076334N95,1,4,0,1,0,0,0,0,0,1,0,
B07633SRDK,6,4.166666667,1,1,0,0,0.166666667,0,0,0.166666667,0.666666667,11.99
B0763SGBC6,59,4.220338983,19,1,0.050847458,0.101694915,0.13559322,0.016949153,0.06779661,0.050847458,0.728813559,25.99
B0763SMSDM,2,5,0,1,0,0,0,0,0,0,1,21.99
B0764GN7XW,20,3.75,24,1,0.1,0.1,0.25,0,0.05,0.15,0.55,19.97
B0764KPB1G,13,4.692307692,0,1,0,0,0.076923077,0,0,0,0.923076923,
B07664NDKB,2,5,1,1,0,0,0,0,0,0,1,
B07664P4ZZ,1,5,0,1,0,0,0,0,0,0,1,39.99
B07664ZZ57,2,5,0,1,0,0,0,0,0,0,1,
B0768BCRT2,4,5,0,1,0,0,0,0,0,0,1,31.99
B0768MWZJD,11,2.545454545,15,0.363636364,0,0,0.545454545,0,0.090909091,0.090909091,0.272727273,
B0768PQG1T,6,3.5,18,0.5,0,0,0.333333333,0,0,0.166666667,0.5,2489.25
B076B1KKZ1,5,3.8,4,1,0,0,0.2,0,0.2,0,0.6,44.73
B076B5B5V1,6,4.5,0,1,0,0,0,0.166666667,0,0,0.833333333,7.49
B076B8FRWJ,6,4.166666667,44,0.666666667,0.166666667,0.166666667,0.166666667,0,0,0.166666667,0.666666667,
B076BRR5LZ,2,5,0,1,0,0,0,0,0,0,1,7.99
B076CJSNXH,3,3.666666667,4,1,0,0,0.333333333,0,0,0,0.666666667,7.46
B076CW111Q,2,5,0,1,0,0,0,0,0,0,1,5.9
B076FD4WV1,13,4.307692308,1,1,0,0,0,0.076923077,0.076923077,0.307692308,0.538461538,16.95
B076FPDBCR,9,4,10,1,0,0,0.222222222,0,0,0.111111111,0.666666667,
B076GGBCMY,4,4.75,0,1,0,0,0,0,0,0.25,0.75,10.95
B076GZBXYS,3,2.333333333,3,1,0,0,0.666666667,0,0,0,0.333333333,48.5
B076H393GF,2,5,0,1,0.5,0.5,0,0,0,0,1,
B076JHTQD8,21,3.285714286,17,1,0.047619048,0.095238095,0.285714286,0.047619048,0.142857143,0.142857143,0.380952381,105.36
B076JMVJVZ,4,4.25,16,1,0,0,0,0.25,0,0,0.75,179.97
B076KZ7CCN,5,4.8,15,1,0.2,1,0,0,0,0.2,0.8,
B076LMFRHG,7,4.142857143,2,1,0,0,0.142857143,0,0,0.285714286,0.571428571,
B076P7L97D,14,2.571428571,28,0.785714286,0,0,0.428571429,0.142857143,0.071428571,0.142857143,0.214285714,
B076P93X7V,10,4.6,28,0.9,0,0,0,0,0,0.4,0.6,
B076PGGDDM,3,5,13,1,0,0,0,0,0,0,1,
B076PNDZPF,54,4.592592593,19,1,0,0,0.037037037,0.037037037,0.037037037,0.074074074,0.814814815,8.49
B076PWVZ1R,10,4.2,5,1,0,0,0.1,0.1,0,0.1,0.7,16.94
B076Q1Z4M5,2,5,0,1,0,0,0,0,0,0,1,11.98
B076Q61F9F,2,2,0,1,0,0,0.5,0,0.5,0,0,
B076QPN519,9,4.111111111,12,0.777777778,0.111111111,0.333333333,0,0,0.222222222,0.444444444,0.333333333,13.52
B076YVY8CT,4,3.75,3,1,0,0,0.25,0,0,0.25,0.5,
B07737XRRH,5,4.2,9,1,0,0,0.2,0,0,0,0.8,
B0773ZF6FD,50,4.86,0,1,0,0,0,0,0,0.14,0.86,8.99
B0774CWLWD,11,4.363636364,1,1,0,0,0.090909091,0.090909091,0,0,0.818181818,11.95
B0774WFSJ3,5,4.8,0,1,0,0,0,0,0,0.2,0.8,9.99
B077656ZSP,2,5,0,1,0,0,0,0,0,0,1,10.77
B07765XD3W,2,5,0,1,0,0,0,0,0,0,1,15.87
B0776K7QRH,1,5,0,1,0,0,0,0,0,0,1,8.99
B0778QFJPF,4,5,0,1,0,0,0,0,0,0,1,
B077919MZJ,18,4.5,8,1,0,0,0.055555556,0,0,0.277777778,0.666666667,19.97
B07795JGZ3,4,4.75,0,1,0,0,0,0,0,0.25,0.75,
B077961G2Y,4,4.5,0,1,0,0,0,0,0.25,0,0.75,6.27
B0779F3Q21,5,4.8,8,1,0,0,0,0,0,0.2,0.8,15.99
B077BCHMHP,15,4.666666667,4,1,0,0,0.066666667,0,0,0.066666667,0.866666667,23.98
B077BF9MFJ,26,4.730769231,9,0.961538462,0,0,0.038461538,0,0.038461538,0.038461538,0.884615385,37.47
B077BG6KCQ,33,4.454545455,7,1,0,0,0.060606061,0,0.03030303,0.242424242,0.666666667,25.99
B077BG6R36,90,4.788888889,5,1,0.011111111,0.011111111,0.022222222,0,0.044444444,0.033333333,0.9,34.99
B077BHY7XY,4,5,0,1,0,0,0,0,0,0,1,14.99
B077BLBH2V,6,5,0,1,0,0,0,0,0,0,1,24.99
B077BLCNWT,15,3.466666667,3,1,0,0,0.133333333,0.2,0.133333333,0.133333333,0.4,
B077BRL9XG,1,1,0,1,0,0,1,0,0,0,0,59.12
B077BSPDRW,3,5,0,1,0,0,0,0,0,0,1,12.45
B077CRKQ2N,2,5,0,1,0,0,0,0,0,0,1,9.8
B077CYXJBQ,1,5,0,1,0,0,0,0,0,0,1,33.99
B077F4YFNJ,12,4.166666667,4,0.916666667,0,0,0.083333333,0.166666667,0,0,0.75,8.99
B077FVH4JS,2,3,4,1,0,0,0.5,0,0,0,0.5,12.99
B077FWZP12,14,4.142857143,28,0.928571429,0.071428571,0.071428571,0.142857143,0,0.071428571,0.142857143,0.642857143,
B077GQCWV7,3,3.666666667,1,1,0,0,0.333333333,0,0,0,0.666666667,
B077H7CS6N,12,4.666666667,2,1,0,0,0.083333333,0,0,0,0.916666667,10.37
B077HSWJJC,13,4.692307692,1,1,0,0,0.076923077,0,0,0,0.923076923,10.98
B077J36QWM,20,4.25,286,0.8,0.05,0.05,0.1,0,0.1,0.15,0.65,
B077JCLZT9,6,4.833333333,2,1,0,0,0,0,0,0.166666667,0.833333333,58.65
B077JGCDFG,33,4.090909091,4,0.96969697,0.03030303,0.03030303,0.090909091,0.060606061,0.151515152,0.060606061,0.636363636,28.99
B077JKZ19S,2,3,1,1,0,0,0.5,0,0,0,0.5,34.99
B077JRX1PW,5,3.8,0,1,0,0,0.2,0,0.2,0,0.6,10.98
B077KWWD78,18,4.611111111,47,1,0,0,0.055555556,0,0.055555556,0.055555556,0.833333333,33.99
B077LHCC51,2,3,1,1,0,0,0.5,0,0,0,0.5,37.95
B077NX6DZL,9,2.777777778,1,0.888888889,0.111111111,0.111111111,0.333333333,0.222222222,0.111111111,0,0.333333333,
B077PSQTQL,2,5,2,1,0,0,0,0,0,0,1,29.98
B077PVK8DS,2,4.5,0,1,0.5,0.5,0,0,0,0.5,0.5,97.31
B077QXFLY1,3,1,0,1,0,0,1,0,0,0,0,
B077QXM386,5,4,3,1,0,0,0.2,0,0,0.2,0.6,15.37
B077RSW86K,4,3.5,3,1,0,0,0.25,0,0,0.5,0.25,
B077S7K2SN,7,4,5,1,0,0,0.142857143,0.142857143,0,0,0.714285714,18.39
B077WCTV57,9,3.222222222,6,1,0,0,0.333333333,0.111111111,0,0.111111111,0.444444444,12
B077XD2KRH,7,2.714285714,1,1,0,0,0.285714286,0.285714286,0,0.285714286,0.142857143,15.99
B077XJPFW8,6,4.666666667,1,1,0,0,0,0,0,0.333333333,0.666666667,17.95
B077XT5ZY3,11,4.909090909,0,1,0,0,0,0,0,0.090909091,0.909090909,29.95
B077XWSM7L,45,4.822222222,0,0.933333333,0,0,0.022222222,0,0,0.088888889,0.888888889,8.99
B077Y7T7MX,13,2.153846154,2,1,0,0,0.461538462,0.307692308,0,0.076923077,0.153846154,
B077YGG8JZ,4,3.75,1,1,0,0,0.25,0,0,0.25,0.5,
B077YGWZCY,2,4.5,2,1,0,0,0,0,0,0.5,0.5,18.5
B077YHXFCG,4,4.5,0,0.75,0,0,0,0,0.25,0,0.75,9.5
B07817ST8Q,22,2.136363636,149,0.909090909,0.090909091,0.136363636,0.545454545,0.136363636,0.090909091,0.090909091,0.136363636,98.98
B0784MPW6W,2,1.5,0,0.5,0,0,0.5,0.5,0,0,0,
B0784NQZ1W,2,5,0,0.5,0,0,0,0,0,0,1,18.99
B0784YYSVS,174,3.67816092,52,0.959770115,0.017241379,0.022988506,0.172413793,0.114942529,0.086206897,0.114942529,0.511494253,
B07854PBL9,45,3.733333333,3,1,0.111111111,0.133333333,0.2,0.066666667,0.044444444,0.177777778,0.511111111,28.91
B0785MBYH8,2,5,1,1,0,0,0,0,0,0,1,
B0786969F4,3,5,0,1,0,0,0,0,0,0,1,
B0786VTSFG,9,2.444444444,6,1,0,0,0.555555556,0.111111111,0,0,0.333333333,
B0786X2ZJX,2,5,0,1,0,0,0,0,0,0,1,
B078711S54,3,5,0,1,0,0,0,0,0,0,1,
B0789ZQJ3C,6,4.833333333,1,1,0,0,0,0,0,0.166666667,0.833333333,14.99
B078BL25P3,10,4.7,1,1,0.1,0.1,0,0,0,0.3,0.7,27.87
B078FH587H,35,4.057142857,183,0.971428571,0.057142857,0.142857143,0.171428571,0.028571429,0.028571429,0.114285714,0.657142857,
B078G6VX41,5,4,0,1,0,0,0.2,0,0,0.2,0.6,8.99
B078G97P22,14,4.714285714,0,0.928571429,0.071428571,0.071428571,0,0.071428571,0,0.071428571,0.857142857,9.69
B078G99FYD,17,3.117647059,6,1,0.117647059,0.176470588,0.352941176,0.117647059,0,0.117647059,0.411764706,
B078GDC7V4,22,3.590909091,4,1,0,0,0.318181818,0,0.045454545,0.045454545,0.590909091,10.99
B078GJFXKH,14,3.714285714,1,1,0.142857143,0.357142857,0.214285714,0.071428571,0,0.214285714,0.5,10.99
B078GMF91V,1,1,4,1,0,0,1,0,0,0,0,26.95
B078GMHD1D,16,4.3125,5,1,0,0,0.125,0,0.0625,0.0625,0.75,11.87
B078GX95G3,2,5,0,1,0,0,0,0,0,0,1,
B078HZYNY8,7,3.428571429,1,0.857142857,0,0,0,0.285714286,0.285714286,0.142857143,0.285714286,12.47
B078JXBXSF,11,4.545454545,93,1,0,0,0,0.090909091,0.090909091,0,0.818181818,35.99
B078MKSNZ7,3,5,0,1,0,0,0,0,0,0,1,45.99
B078NF1BFH,3,5,0,1,0,0,0,0,0,0,1,9.9
B078NNF3RX,9,3.888888889,3,1,0,0,0.222222222,0,0,0.222222222,0.555555556,14.95
B078NNL2S1,6,4.833333333,0,1,0,0,0,0,0,0.166666667,0.833333333,7.25
B078NPB22H,1,5,0,1,0,0,0,0,0,0,1,8.09
B078NPSQZV,2,5,2,1,0,0,0,0,0,0,1,
B078QCHD9R,2,5,0,1,0,0,0,0,0,0,1,25.68
B078QPKDNP,3,4.333333333,3,1,0,0,0,0,0.333333333,0,0.666666667,9.95
B078QVZLNF,6,3.833333333,2,1,0,0,0.166666667,0.166666667,0,0,0.666666667,25.49
B078R1Y75H,2,4,1,1,0,0,0,0,0.5,0,0.5,
B078RF452M,3,3.666666667,0,1,0,0,0.333333333,0,0,0,0.666666667,29.99
B078SMHJKL,2,4,0,1,0,0,0,0,0.5,0,0.5,20.79
B078SNT2RK,10,4.6,0,1,0,0,0,0.1,0,0.1,0.8,19.99
B078W1ZJSN,12,4.166666667,31,1,0,0,0.166666667,0,0.083333333,0,0.75,23.99
B078W236KB,97,4.412371134,20,0.989690722,0,0,0.082474227,0.030927835,0.030927835,0.103092784,0.75257732,30.99
B078W2GWJQ,30,4.9,10,1,0,0,0,0,0,0.1,0.9,28.99
B078W5KCJF,5,4.8,0,1,0,0,0,0,0,0.2,0.8,31.99
B078W65HMQ,4,4.5,4,1,0,0,0,0,0.25,0,0.75,22.99
B078W7DLBM,1,5,0,1,0,0,0,0,0,0,1,
B078W83S3M,22,4.727272727,5,0.954545455,0,0,0.045454545,0,0,0.090909091,0.863636364,23.39
B078WJS3H3,24,4.541666667,0,1,0,0,0.083333333,0,0.041666667,0.041666667,0.833333333,20.99
B078WK2Q83,43,4.813953488,48,1,0,0,0,0,0.046511628,0.093023256,0.860465116,13.99
B078WK75FQ,8,4.75,30,1,0,0,0,0,0,0.25,0.75,26.99
B078X1Y73X,151,3.960264901,23,1,0.01986755,0.01986755,0.17218543,0.046357616,0.066225166,0.079470199,0.635761589,54.41
B078X9D1YM,1,5,0,1,0,0,0,0,0,0,1,15.89
B078XM112S,9,4.666666667,0,1,0,0,0,0.111111111,0,0,0.888888889,8.99
B078XT2S16,5,3.4,1,1,0,0,0.4,0,0,0,0.6,10.99
B078Y3K62T,4,3,0,1,0.25,0.25,0.5,0,0,0,0.5,
B078Y8YNF9,4,3,9,1,0.25,0.25,0.5,0,0,0,0.5,15.99
B078YDMBSD,10,4.2,5,1,0,0,0.1,0,0,0.4,0.5,
B078Z1YQ4Z,4,3.75,0,1,0,0,0.25,0,0,0.25,0.5,
B078Z1ZDD5,4,4.5,0,1,0,0,0,0,0.25,0,0.75,
B078Z2CQ4G,4,4.5,1,1,0,0,0,0,0.25,0,0.75,25
B078Z5BGMK,7,4.714285714,0,1,0,0,0,0,0.142857143,0,0.857142857,74.3
B078Z5J2QV,12,4.583333333,0,1,0,0,0.083333333,0,0,0.083333333,0.833333333,68.23
B078ZFDKM5,9,4.444444444,1,1,0,0,0.111111111,0,0,0.111111111,0.777777778,47.63
B0791B2H3G,5,4.4,10,1,0.2,0.6,0,0,0.2,0.2,0.6,
B0791CFSNK,30,4.533333333,4,1,0,0,0.1,0,0.033333333,0,0.866666667,17.59
B0791DHYTN,7,4.857142857,0,1,0,0,0,0,0,0.142857143,0.857142857,
B07922F73M,3,5,0,1,0,0,0,0,0,0,1,7.97
B07925F5WH,9,3.666666667,5,1,0.111111111,0.222222222,0.222222222,0.111111111,0,0.111111111,0.555555556,9.77
B07926FG1Q,17,4.294117647,1,0.941176471,0,0,0.117647059,0,0.117647059,0,0.764705882,18.99
B0792B9HK4,21,4.142857143,10,1,0.047619048,0.047619048,0.095238095,0.047619048,0.047619048,0.238095238,0.571428571,9.57
B0792KCGYF,24,4.166666667,6,1,0.041666667,0.041666667,0.083333333,0.041666667,0.083333333,0.208333333,0.583333333,19.67
B0792KP2G3,32,4.09375,7,1,0,0,0.15625,0.0625,0.03125,0.03125,0.71875,12.99
B0792N56QZ,3,3.333333333,1,1,0,0,0.333333333,0,0,0.333333333,0.333333333,9.97
B079339LZ9,4,4.75,0,1,0,0,0,0,0,0.25,0.75,36.5
B07939R4K1,30,4.4,22,0.966666667,0.066666667,0.1,0.1,0,0.066666667,0.066666667,0.766666667,44.39
B0793G77PT,3,4.333333333,0,1,0,0,0,0,0.333333333,0,0.666666667,54.95
B0793LW116,2,4.5,0,1,0.5,0.5,0,0,0,0.5,0.5,
B0795D26KN,5,5,1,1,0,0,0,0,0,0,1,11.9
B0797NT6QP,6,4.5,1,1,0,0,0,0.166666667,0,0,0.833333333,38.5
B0798J688J,4,5,2,1,0,0,0,0,0,0,1,35.99
B0798T12V6,10,3.9,9,1,0,0,0.2,0,0.1,0.1,0.6,11.5
B079B3Z8MS,4,2.5,5,1,0.25,0.75,0.5,0,0.25,0,0.25,
B079C3RC46,2,2,1,1,0,0,0.5,0,0.5,0,0,
B079FBYB5D,5,3.4,20,1,0,0,0.4,0,0,0,0.6,
B079FRJLHQ,4,4,13,1,0,0,0,0,0.25,0.5,0.25,
B079FTHP9D,15,4.933333333,1,1,0,0,0,0,0,0.066666667,0.933333333,11.99
B079GM7KN4,4,1,3,1,0,0,1,0,0,0,0,
B079J4WV5G,2,4,0,1,0,0,0,0,0,1,0,
B079JW8P8H,2,1,3,1,0,0,1,0,0,0,0,20.99
B079K7F8PK,4,5,2,1,0,0,0,0,0,0,1,11.99
B079KTLP4Q,1,1,0,1,0,0,1,0,0,0,0,
B079M8NW9N,3,4.666666667,0,1,0,0,0,0,0,0.333333333,0.666666667,
B079MJHQ6L,13,4,0,1,0,0,0.230769231,0,0,0.076923077,0.692307692,8.69
B079NMFRVR,12,4.416666667,26,1,0,0,0,0,0.166666667,0.25,0.583333333,19.99
B079P5C24M,7,5,5,0.857142857,0,0,0,0,0,0,1,39.55
B079PN8CS2,18,3.333333333,32,1,0.111111111,0.166666667,0.277777778,0.111111111,0.055555556,0.111111111,0.444444444,24.41
B079PRX7NJ,3,4.666666667,0,1,0,0,0,0,0,0.333333333,0.666666667,23.99
B079PXQH8P,5,4.4,0,1,0,0,0,0.2,0,0,0.8,14.95
B079QPXV87,5,3.8,9,1,0,0,0,0.4,0,0,0.6,
B079QV2N2D,5,4.2,0,1,0,0,0.2,0,0,0,0.8,5.2
B079RKNPVF,3,2,17,1,0.333333333,1,0.666666667,0,0,0.333333333,0,
B079RL3L28,13,3.692307692,46,1,0.153846154,0.461538462,0.076923077,0.153846154,0.230769231,0.076923077,0.461538462,
B079RM867N,4,3,1,1,0,0,0.5,0,0,0,0.5,8.98
B079RMVP1Z,26,4.692307692,1,1,0.038461538,0.076923077,0,0.038461538,0.076923077,0.038461538,0.846153846,6.89
B079RMWF9P,8,4,2,1,0,0,0.125,0.125,0,0.125,0.625,8.49
B079S14Q67,3,4,0,1,0,0,0,0,0.333333333,0.333333333,0.333333333,28.6
B079S38XXP,4,1,64,0,0.5,0.75,1,0,0,0,0,2464.96
B079S3NZ2H,12,4.916666667,0,1,0,0,0,0,0,0.083333333,0.916666667,
B079S6B4RG,5,3.2,0,1,0,0,0.2,0.2,0,0.4,0.2,
B079SD1GHF,4,4,0,1,0,0,0.25,0,0,0,0.75,
B079SLZ679,7,3.714285714,3,1,0.142857143,0.285714286,0,0.285714286,0.142857143,0.142857143,0.428571429,
B079SNL9H6,52,4.576923077,0,0.980769231,0,0,0.057692308,0,0.019230769,0.153846154,0.769230769,27.99
B079SPSK9V,7,4.285714286,0,1,0,0,0.142857143,0,0,0.142857143,0.714285714,24.99
B079T557H1,4,1.5,0,1,0,0,0.5,0.5,0,0,0,
B079TCXJFJ,26,2.923076923,17,1,0.038461538,0.038461538,0.192307692,0.307692308,0.153846154,0.076923077,0.269230769,10.99
B079TL9VW3,4,4,0,1,0,0,0.25,0,0,0,0.75,17.99
B079TZD6LG,1,5,0,1,0,0,0,0,0,0,1,12.99
B079VRJTM6,58,3.568965517,157,0.982758621,0.120689655,0.224137931,0.172413793,0.103448276,0.120689655,0.189655172,0.413793103,21.51
B079YN74XG,5,4.8,8,1,0,0,0,0,0,0.2,0.8,17.99
B079YNV9FC,6,4.833333333,6,1,0,0,0,0,0,0.166666667,0.833333333,23.99
B079YX94FR,4,1.5,0,1,0,0,0.5,0.5,0,0,0,
B079Z23XQZ,10,4.6,6,1,0,0,0,0.1,0,0.1,0.8,33.99
B079Z2WFDG,14,4.642857143,3,1,0,0,0.071428571,0,0,0.071428571,0.857142857,21.99
B079ZL9SW1,5,5,0,1,0,0,0,0,0,0,1,
B079ZMDXF1,4,4.75,0,1,0,0,0,0,0,0.25,0.75,
B07B27DYZC,2,5,0,1,0,0,0,0,0,0,1,21.95
B07B41KT8S,27,4.185185185,23,1,0.037037037,0.148148148,0.074074074,0,0.222222222,0.074074074,0.62962963,64.99
B07B45XFSN,6,4.333333333,7,0.833333333,0,0,0,0.166666667,0,0.166666667,0.666666667,
B07B494PWN,4,4.25,4,1,0,0,0,0,0.25,0.25,0.5,
B07B4FTS19,23,2.913043478,40,1,0.086956522,0.173913043,0.304347826,0.173913043,0.130434783,0.086956522,0.304347826,
B07B4H3VN5,10,3.4,3,1,0,0,0.2,0.2,0.1,0,0.5,32
B07B4HN8MQ,6,4.333333333,3,1,0,0,0.166666667,0,0,0,0.833333333,35.97
B07B4KPSGQ,7,4.857142857,0,1,0,0,0,0,0,0.142857143,0.857142857,27.49
B07B4M5V92,5,3.2,2,1,0,0,0.4,0,0,0.2,0.4,60.99
B07B4MK55G,8,4.75,4,1,0,0,0,0,0.125,0,0.875,26.99
B07B4MZQHM,15,4.333333333,0,1,0.066666667,0.066666667,0.133333333,0,0,0.133333333,0.733333333,10.49
B07B4N2YT3,5,4.6,3,1,0,0,0,0,0.2,0,0.8,35.99
B07B4V1JNV,7,4.428571429,1,0.857142857,0,0,0.142857143,0,0,0,0.857142857,8.16
B07B4WTCFG,1,3,0,1,1,2,0,0,1,0,0,
B07B5YTQ31,7,2.285714286,0,1,0,0,0.428571429,0.142857143,0.285714286,0,0.142857143,
B07B7JMX66,3,4,0,1,0.333333333,0.666666667,0,0.333333333,0,0,0.666666667,
B07B8LWG7K,14,4.785714286,0,1,0,0,0,0,0.071428571,0.071428571,0.857142857,12.95
B07B94ZR74,203,3.536945813,262,0.975369458,0.054187192,0.093596059,0.226600985,0.078817734,0.108374384,0.103448276,0.482758621,89.99
B07B9LT3YS,15,4,0,1,0.133333333,0.2,0.2,0,0.066666667,0.066666667,0.666666667,27.46
B07B9N9S1C,45,4.333333333,32,0.955555556,0.022222222,0.022222222,0.022222222,0.088888889,0.066666667,0.177777778,0.644444444,32.97
B07B9QJ8PL,13,3,58,0.769230769,0,0,0.307692308,0,0.307692308,0.153846154,0.230769231,6.99
B07B9T2L1S,21,4.19047619,1,1,0,0,0.142857143,0.047619048,0,0.095238095,0.714285714,9.49
B07B9TYCL9,2,5,0,1,0,0,0,0,0,0,1,11.99
B07B9YBHHS,22,4.954545455,3,0.954545455,0,0,0,0,0,0.045454545,0.954545455,7.99
B07BB3LH7D,4,4,0,1,0,0,0,0,0.5,0,0.5,9.95
B07BBF44DQ,13,5,4,1,0,0,0,0,0,0,1,24.98
B07BF8CK18,4,5,3,1,0,0,0,0,0,0,1,42.99
B07BFFW7DD,6,3.666666667,1,1,0,0,0,0.333333333,0.166666667,0,0.5,43.99
B07BGD96LQ,9,4,5,0.888888889,0,0,0.111111111,0.111111111,0,0.222222222,0.555555556,30.87
B07BHK321R,15,4.933333333,1,1,0.066666667,0.133333333,0,0,0,0.066666667,0.933333333,10.87
B07BHK5TPC,4,4,1,1,0,0,0.25,0,0,0,0.75,7.89
B07BHZWSCQ,11,3.636363636,26,1,0,0,0.272727273,0,0.090909091,0.090909091,0.545454545,80.42
B07BJCR1ZZ,14,4.285714286,0,1,0,0,0.071428571,0.142857143,0,0,0.785714286,7.25
B07BKBL4TW,13,4.615384615,0,1,0,0,0,0,0.153846154,0.076923077,0.769230769,118.95
B07BKTFK2B,15,4.266666667,10,1,0.066666667,0.133333333,0.133333333,0,0.066666667,0.066666667,0.733333333,47.1
B07BKVQWX9,12,4.75,0,1,0,0,0,0,0.083333333,0.083333333,0.833333333,25.99
B07BM3Q4PZ,4,4.5,12,1,0,0,0,0,0,0.5,0.5,
B07BMT3FH2,3,3.666666667,8,1,0.333333333,0.333333333,0.333333333,0,0,0,0.666666667,
B07BN6PQ9X,14,3.285714286,19,1,0,0,0.357142857,0,0.071428571,0.142857143,0.428571429,40.97
B07BN9ZCBK,3,5,1,1,0,0,0,0,0,0,1,
B07BQFZTQ6,9,4.333333333,1,1,0,0,0,0.111111111,0.111111111,0.111111111,0.666666667,13.95
B07BQK3Z89,3,5,0,1,0.333333333,1,0,0,0,0,1,9.59
B07BQKWT1M,9,4.888888889,1,1,0,0,0,0,0,0.111111111,0.888888889,27.99
B07BR4N64W,8,4.5,2,0.875,0.125,0.125,0.125,0,0,0,0.875,
B07BRD46CR,14,3.428571429,6,1,0.071428571,0.142857143,0.357142857,0,0.071428571,0,0.571428571,35.95
B07BSW6DNP,3,5,2,1,0,0,0,0,0,0,1,10.38
B07BT1V95N,6,4.666666667,6,1,0,0,0,0,0.166666667,0,0.833333333,
B07BT6538F,19,3.105263158,2,1,0.105263158,0.157894737,0.263157895,0.157894737,0.105263158,0.157894737,0.315789474,20.97
B07BT6YSZM,28,4.214285714,3,0.964285714,0.071428571,0.178571429,0.142857143,0,0.071428571,0.071428571,0.714285714,19.97
B07BTBBVPZ,18,3.388888889,59,0.944444444,0.111111111,0.222222222,0.333333333,0.055555556,0,0.111111111,0.5,13.97
B07BTDBWY4,23,3.869565217,6,1,0.086956522,0.173913043,0.173913043,0.043478261,0.086956522,0.130434783,0.565217391,28.24
B07BTMXB16,3,4,1,1,0,0,0,0.333333333,0,0,0.666666667,26.37
B07BVB3T5M,29,4.724137931,0,1,0,0,0.034482759,0,0,0.137931034,0.827586207,8.49
B07BVKRG3J,18,4.555555556,2,0.944444444,0,0,0.055555556,0,0.055555556,0.111111111,0.777777778,22.97
B07BVM2GS7,10,4.5,6,0.9,0.2,0.2,0.1,0,0,0.1,0.8,7.97
B07BVMDQC4,1,5,1,1,0,0,0,0,0,0,1,12.87
B07BWFXY1F,1,5,0,1,0,0,0,0,0,0,1,12.99
B07BY7N4XL,21,3.714285714,21,0.952380952,0,0,0.19047619,0.095238095,0.095238095,0.047619048,0.571428571,179.99
B07BYZC219,15,4.666666667,0,1,0,0,0.066666667,0,0,0.066666667,0.866666667,
B07BZ148VC,7,4.857142857,0,0.857142857,0,0,0,0,0,0.142857143,0.857142857,25
B07BZHCXWJ,9,3.777777778,5,1,0,0,0.222222222,0,0.111111111,0.111111111,0.555555556,32.09
B07BZS3YX5,6,4.166666667,1,1,0,0,0.166666667,0,0,0.166666667,0.666666667,6.37
B07BZW95XY,3,5,0,1,0,0,0,0,0,0,1,22.99
B07C1BVGLL,6,4,4,1,0.166666667,0.166666667,0.166666667,0,0.166666667,0,0.666666667,21.54
B07C1C5Y5P,38,4.368421053,4,0.947368421,0.052631579,0.078947368,0.052631579,0.078947368,0.026315789,0.131578947,0.710526316,13.95
B07C25643X,15,4.066666667,1,1,0.066666667,0.066666667,0.066666667,0.133333333,0.066666667,0.133333333,0.6,16.79
B07C2JZ225,4,5,0,1,0,0,0,0,0,0,1,
B07C31KPQS,9,1.222222222,1,0.666666667,0,0,0.888888889,0,0.111111111,0,0,
B07C44CP39,7,4.428571429,1,1,0,0,0,0.142857143,0,0.142857143,0.714285714,28.99
B07C461VJG,3,5,0,1,0,0,0,0,0,0,1,28.99
B07C47TR5Z,2,5,0,1,0,0,0,0,0,0,1,54.91
B07C51LKFH,3,2,0,1,0,0,0.333333333,0.333333333,0.333333333,0,0,15.38
B07C5D4JGZ,11,4.272727273,5,1,0.090909091,0.090909091,0.090909091,0.090909091,0,0.090909091,0.727272727,9.95
B07C6Z8B36,22,4.5,2,1,0,0,0.045454545,0,0.045454545,0.227272727,0.681818182,11.99
B07C7S7DJP,2,5,0,1,0,0,0,0,0,0,1,7.39
B07C865CVC,1,5,0,1,0,0,0,0,0,0,1,7.79
B07C8BD4ZL,4,4,1,1,0,0,0.25,0,0,0,0.75,
B07C9HH34M,22,3.818181818,5,1,0,0,0.136363636,0.090909091,0.090909091,0.181818182,0.5,8.99
B07CB8W7T8,8,4.125,2,1,0,0,0.125,0,0.125,0.125,0.625,10.87
B07CBRCQPZ,6,4.833333333,0,1,0,0,0,0,0,0.166666667,0.833333333,
B07CCYL55F,11,2.636363636,1,1,0,0,0.454545455,0.090909091,0.090909091,0.090909091,0.272727273,
B07CDCP94M,12,4.333333333,1,1,0,0,0.083333333,0.083333333,0,0.083333333,0.75,10.77
B07CDCTH1V,19,4.631578947,3,1,0,0,0.052631579,0,0,0.157894737,0.789473684,6.35
B07CGR1XMR,16,4.3125,0,1,0,0,0.125,0.0625,0,0,0.8125,6.99
B07CH5M6ZH,18,4.388888889,26,1,0.055555556,0.111111111,0.055555556,0.111111111,0,0.055555556,0.777777778,
B07CHZZ436,48,4.916666667,15,1,0,0,0,0,0,0.083333333,0.916666667,31.99
B07CJ246JP,11,4.636363636,12,1,0,0,0,0,0.090909091,0.181818182,0.727272727,13.43
B07CJ962MB,2,5,0,1,0,0,0,0,0,0,1,
B07CJGLL3B,5,3,3,1,0,0,0.2,0,0.4,0.4,0,
B07CJRSVXM,1,5,0,1,0,0,0,0,0,0,1,23
B07CL8YV1H,34,4.911764706,35,0.941176471,0.058823529,0.058823529,0,0,0,0.088235294,0.911764706,23.99
B07CLKQTWC,4,4.5,0,1,0,0,0,0,0.25,0,0.75,
B07CMHWFVC,6,4.833333333,3,1,0,0,0,0,0,0.166666667,0.833333333,15.99
B07CNBY3YC,8,3.875,0,0.875,0,0,0.25,0,0,0.125,0.625,16.49
B07CNFMPFN,2,5,0,1,0,0,0,0,0,0,1,28.99
B07CNGCS1T,16,4.625,2,1,0,0,0.0625,0,0,0.125,0.8125,31.49
B07CNH8PL8,4,2.75,8,1,0.25,0.25,0.5,0,0,0.25,0.25,
B07CNJFSLS,13,4.769230769,1,1,0.076923077,0.076923077,0,0,0,0.230769231,0.769230769,28.99
B07CNNN6BS,25,4.28,14,1,0.04,0.04,0.12,0,0.08,0.08,0.72,19.49
B07CNQ1G25,32,3.03125,3,1,0.0625,0.125,0.3125,0.0625,0.21875,0.09375,0.3125,8.99
B07CNQDXPN,1,5,0,1,0,0,0,0,0,0,1,9.99
B07CNZK4TL,8,3.5,2,1,0,0,0.25,0.125,0,0.125,0.5,
B07CP45JHT,1,1,0,1,0,0,1,0,0,0,0,
B07CP74W4N,2,5,1,0.5,1,1,0,0,0,0,1,130
B07CPJFQ9M,10,4.7,0,1,0.1,0.1,0,0,0.1,0.1,0.8,12.99
B07CPK92TR,6,4.833333333,1,1,0,0,0,0,0,0.166666667,0.833333333,
B07CPKZ48P,4,4.75,1,1,0,0,0,0,0,0.25,0.75,12.94
B07CPLDC34,3,2.333333333,0,1,0,0,0.666666667,0,0,0,0.333333333,8.97
B07CPMGL7F,5,3,2,1,0,0,0.4,0,0,0.4,0.2,6.97
B07CPSVVXQ,3,3.666666667,0,1,0,0,0.333333333,0,0,0,0.666666667,12.96
B07CPZY4B3,5,3.4,2,1,0.2,0.2,0.4,0,0,0,0.6,10.79
B07CQ8J3XZ,16,4.0625,53,0.9375,0.1875,0.375,0.1875,0,0,0.1875,0.625,9.99
B07CQJCPJP,13,4.230769231,1,1,0,0,0.153846154,0,0.076923077,0,0.769230769,9.97
B07CQS1ZDQ,14,4.857142857,0,1,0,0,0,0,0,0.142857143,0.857142857,8.49
B07CRS4NRZ,6,4.166666667,1,1,0,0,0.166666667,0,0,0.166666667,0.666666667,28.99
B07CRZZ8JM,10,3.2,18,0.8,0,0,0.4,0,0,0.2,0.4,44.99
B07CT8YRQ6,19,3.947368421,1,1,0,0,0.210526316,0,0.052631579,0.105263158,0.631578947,16.99
B07CTBNJFS,14,4.5,1,0.928571429,0,0,0,0.142857143,0,0.071428571,0.785714286,24.97
B07CTC54TY,9,2.555555556,10,0.888888889,0,0,0.444444444,0.222222222,0,0,0.333333333,
B07CTCZ67T,9,4.111111111,0,1,0,0,0.222222222,0,0,0,0.777777778,14.37
B07CV2CMTZ,3,5,2,1,0,0,0,0,0,0,1,
B07CV6ZY4K,7,4.857142857,3,1,0,0,0,0,0,0.142857143,0.857142857,
B07CV9QMBL,9,3.444444444,5,1,0.111111111,0.444444444,0.333333333,0,0,0.222222222,0.444444444,
B07CVB53XY,5,3.4,1,0.6,0,0,0.2,0.2,0,0.2,0.4,
B07CVKKXWJ,7,4,5,1,0,0,0.142857143,0,0.142857143,0.142857143,0.571428571,
B07CVSJLYW,6,3.666666667,1,1,0,0,0.333333333,0,0,0,0.666666667,
B07CVSYYDC,4,3.5,0,1,0,0,0.25,0,0,0.5,0.25,
B07CWG3T5Y,18,4.388888889,20,1,0,0,0.111111111,0,0,0.166666667,0.722222222,39.95
B07CYNWTXK,358,4.483240223,48,0.980446927,0.041899441,0.067039106,0.044692737,0.033519553,0.058659218,0.120111732,0.74301676,12.99
B07CYV99RX,5,4,0,1,0,0,0.2,0,0,0.2,0.6,30.99
B07CZ3RR3F,10,4.2,1,1,0,0,0.2,0,0,0,0.8,37.99
B07CZNB5NY,2,5,1,1,0,0,0,0,0,0,1,14.69
B07CZNN4WL,40,4.025,162,0.9,0,0,0.025,0.075,0.2,0.25,0.45,
B07CZXNBVH,7,4.285714286,25,1,0.142857143,0.285714286,0.142857143,0,0,0.142857143,0.714285714,
B07D25VQX5,10,3.9,1,1,0,0,0.1,0.2,0,0.1,0.6,12.95
B07D2BVCN7,3,4.333333333,0,1,0,0,0,0,0,0.666666667,0.333333333,
B07D2L88BH,2,5,1,1,0,0,0,0,0,0,1,8.45
B07D2V7TMY,15,3.866666667,23,1,0,0,0.2,0,0.066666667,0.2,0.533333333,
B07D3D9NG7,5,4,0,1,0.2,0.4,0.2,0,0,0.2,0.6,15.99
B07D3J2PR5,2,5,1,1,0,0,0,0,0,0,1,8.99
B07D3S7ZTP,3,3,9,1,0,0,0.333333333,0,0.333333333,0,0.333333333,12.99
B07D5661H9,9,4.222222222,4,1,0,0,0.111111111,0.111111111,0,0,0.777777778,8.61
B07D5X84YN,9,3.555555556,1,1,0,0,0.111111111,0.222222222,0.111111111,0.111111111,0.444444444,8.56
B07D72TRP8,11,4.454545455,1,1,0,0,0,0.090909091,0,0.272727273,0.636363636,22.99
B07D77KNGC,36,3.777777778,7,0.972222222,0.027777778,0.083333333,0.25,0.027777778,0.027777778,0.083333333,0.611111111,54.95
B07D78JYSH,7,3.714285714,3,1,0,0,0.285714286,0,0,0.142857143,0.571428571,14.59
B07D78N9PH,5,5,2,1,0,0,0,0,0,0,1,32.99
B07D78YKMD,2,4.5,0,1,0,0,0,0,0,0.5,0.5,34.99
B07D792QLR,7,4.428571429,12,1,0,0,0,0.142857143,0,0.142857143,0.714285714,26.99
B07D79JWX3,7,4.857142857,0,1,0,0,0,0,0,0.142857143,0.857142857,29.99
B07D79Y6BN,10,4.3,3,0.8,0.2,0.3,0.1,0,0.1,0.1,0.7,24.99
B07D7DCBTB,27,4.814814815,3,1,0.037037037,0.037037037,0.037037037,0,0,0.037037037,0.925925926,25.49
B07D7FSX5C,290,3.906896552,379,0.9,0.003448276,0.003448276,0.134482759,0.072413793,0.089655172,0.15862069,0.544827586,
B07D7GB37X,9,2.222222222,35,0.555555556,0.111111111,0.444444444,0.333333333,0.333333333,0.222222222,0,0.111111111,1199.99
B07D7JR5Q5,43,3.441860465,35,0.88372093,0.139534884,0.23255814,0.139534884,0.23255814,0.11627907,0.069767442,0.441860465,54.99
B07D7QDR86,5,5,0,1,0,0,0,0,0,0,1,
B07D7T3Z88,3,5,0,1,0,0,0,0,0,0,1,14.99
B07D7VK8RB,8,3.5,0,1,0.125,0.125,0.25,0,0.25,0,0.5,28.99
B07D8SKGFK,15,3.933333333,2,1,0,0,0.133333333,0.066666667,0.133333333,0.066666667,0.6,8.99
B07D8V5W7N,29,4.275862069,4,1,0,0,0.068965517,0.034482759,0.103448276,0.137931034,0.655172414,12.95
B07D9VF2DL,3,5,1,1,0,0,0,0,0,0,1,13.25
B07DDGWWVC,34,4.647058824,3,0.970588235,0,0,0.029411765,0,0.058823529,0.117647059,0.794117647,12.99
B07DF55K19,8,4.375,8,1,0.125,0.375,0.125,0,0,0.125,0.75,38.29
B07DFRB3Z1,2,4.5,0,1,0,0,0,0,0,0.5,0.5,18.95
B07DFZVBLF,3,2,1,1,0,0,0.333333333,0.333333333,0.333333333,0,0,
B07DH57K1J,4,4.5,0,1,0,0,0,0,0.25,0,0.75,7.85
B07DH65ZXF,43,4.093023256,24,1,0.046511628,0.069767442,0.11627907,0.069767442,0.069767442,0.093023256,0.651162791,34.99
B07DKFLCYY,14,4.071428571,9,1,0.071428571,0.071428571,0.142857143,0,0.142857143,0.071428571,0.642857143,
B07DLCNKPF,7,3.285714286,7,1,0,0,0.285714286,0.142857143,0,0.142857143,0.428571429,
B07DLRTPSQ,12,4.583333333,3,1,0.083333333,0.083333333,0.083333333,0,0,0.083333333,0.833333333,9.59
B07DMF7964,5,3.4,1,1,0,0,0.2,0.2,0,0.2,0.4,29.99
B07DMRF3QL,3,3.333333333,0,1,0.333333333,0.333333333,0.333333333,0,0,0.333333333,0.333333333,
B07DN4FQ48,1,4,15,1,0,0,0,0,0,1,0,
B07DND71FL,8,5,1,1,0,0,0,0,0,0,1,
B07DNXWC18,28,3.035714286,9,1,0.107142857,0.107142857,0.392857143,0.071428571,0.071428571,0.035714286,0.428571429,10.99
B07DNZ7JBD,12,3.583333333,0,1,0,0,0.333333333,0,0,0.083333333,0.583333333,10.99
B07DNZKKLW,5,4.8,0,1,0,0,0,0,0,0.2,0.8,9.67
B07DPDD3JB,5,2.8,1,1,0.2,0.4,0.4,0.2,0,0,0.4,12.99
B07DPG6JKZ,11,3.818181818,1,1,0,0,0.181818182,0.090909091,0.090909091,0,0.636363636,14.95
B07DPGGDLY,4,4.25,0,1,0,0,0,0.25,0,0,0.75,
B07DPGP4W7,3,4.666666667,0,1,0,0,0,0,0,0.333333333,0.666666667,
B07DPGWWM7,7,4.571428571,4,1,0,0,0,0.142857143,0,0,0.857142857,
B07DQCCV8W,64,4.140625,31,1,0.078125,0.203125,0.09375,0.109375,0.03125,0.09375,0.671875,16.99
B07DQFHTVS,110,4.363636364,61,0.990909091,0.081818182,0.090909091,0.127272727,0.018181818,0.027272727,0.018181818,0.809090909,28.99
B07DQP7Q5R,9,4.111111111,3,1,0,0,0.111111111,0,0,0.444444444,0.444444444,20.97
B07DQVWBRN,2,5,0,1,0,0,0,0,0,0,1,31.49
B07DS536DV,4,4.25,0,1,0,0,0,0.25,0,0,0.75,
B07DVMN9R6,2,1.5,89,0.5,0.5,0.5,0.5,0.5,0,0,0,
B07DVNJ273,3,5,1,1,0,0,0,0,0,0,1,31.65
B07DVQWW4T,2,4.5,0,1,0,0,0,0,0,0.5,0.5,
B07DW4J74J,3,5,0,1,0,0,0,0,0,0,1,8.99
B07DW56C28,4,5,0,1,0,0,0,0,0,0,1,6.99
B07DX8SQXL,1,1,3,1,1,1,1,0,0,0,0,7.69
B07DXB44HG,3,4.666666667,1,1,0,0,0,0,0,0.333333333,0.666666667,
B07DXBKJ9W,2,3,0,1,0,0,0.5,0,0,0,0.5,19.99
B07DXK8LKQ,2,5,0,1,0,0,0,0,0,0,1,6.95
B07DY4QJX3,5,4,3,0.8,0,0,0,0.2,0.2,0,0.6,
B07DY7VBK7,10,4.5,1,1,0.1,0.1,0,0.1,0,0.2,0.7,18.99
B07DYBCRKB,1,5,0,1,0,0,0,0,0,0,1,42.65
B07F23HK2K,6,2.5,2,1,0,0,0.5,0.166666667,0,0,0.333333333,45
B07F3KF9S6,3,3.666666667,0,1,0,0,0.333333333,0,0,0,0.666666667,9.85
B07F4NCG69,2,4,1,1,0,0,0,0,0.5,0,0.5,17.99
B07F65BXCZ,8,5,2,1,0,0,0,0,0,0,1,10.99
B07F6QC78B,5,5,0,1,0,0,0,0,0,0,1,6.25
B07F6SFYFK,4,4.75,2,1,0,0,0,0,0,0.25,0.75,6.52
B07F6V4YG3,5,4.4,4,1,0,0,0,0,0.2,0.2,0.6,5.5
B07F83F8B8,9,3.666666667,6,1,0.111111111,0.111111111,0.333333333,0,0,0,0.666666667,28.89
B07F8P3ZB3,3,5,0,1,0,0,0,0,0,0,1,28.89
B07F9268G9,4,4,2,1,0.25,0.25,0.25,0,0,0,0.75,11.35
B07F9KS73X,9,4.111111111,20,0.888888889,0,0,0.111111111,0.111111111,0,0.111111111,0.666666667,
B07FBS54BS,3,5,0,1,0,0,0,0,0,0,1,28.13
B07FC4KTG4,10,4.8,1,1,0,0,0,0,0,0.2,0.8,21.99
B07FCQWM5Y,7,3,3,1,0.142857143,0.285714286,0.428571429,0,0.142857143,0,0.428571429,19.95
B07FD6SDCR,3,5,0,1,0,0,0,0,0,0,1,
B07FDKKNNS,2,4.5,1,1,0,0,0,0,0,0.5,0.5,3.99
B07FF8JQTB,2,5,0,1,0,0,0,0,0,0,1,63.99
B07FJ9483V,5,4,4,1,0,0,0,0.2,0.2,0,0.6,43.99
B07FKM46F8,14,3.071428571,2,1,0.071428571,0.071428571,0.285714286,0.071428571,0.214285714,0.142857143,0.285714286,13.97
B07FKX61DJ,5,4.8,0,1,0,0,0,0,0,0.2,0.8,7.91
B07FM4PQKG,1,5,1,1,0,0,0,0,0,0,1,25.65
B07FMJRKCQ,6,5,0,1,0,0,0,0,0,0,1,12.47
B07FMKL922,4,3,0,1,0,0,0.25,0.25,0,0.25,0.25,12.89
B07FN6MH5S,2,5,0,1,0,0,0,0,0,0,1,28.91
B07FN7BLLV,21,3.904761905,8,1,0,0,0.142857143,0.047619048,0.095238095,0.19047619,0.523809524,63.9
B07FNBRNYN,30,4.4,9,1,0.033333333,0.066666667,0.066666667,0.033333333,0.1,0.033333333,0.766666667,7.99
B07FNC3453,19,3.578947368,17,1,0.052631579,0.052631579,0.315789474,0,0.052631579,0.052631579,0.578947368,26.91
B07FNFJTLL,5,4.6,6,1,0.2,0.4,0,0,0.2,0,0.8,
B07FNKDDC7,3,4.666666667,0,1,0,0,0,0,0,0.333333333,0.666666667,
B07FNSTXCM,4,4.25,5,1,0,0,0,0,0.25,0.25,0.5,
B07FPFZSW7,5,4.2,0,1,0,0,0.2,0,0,0,0.8,9.97
B07FPGFRGP,6,4.666666667,10,1,0,0,0,0,0.166666667,0,0.833333333,32.95
B07FPW5WXX,24,4.291666667,63,0.958333333,0.041666667,0.291666667,0.041666667,0.125,0,0.166666667,0.666666667,
B07FQZNYVM,10,4.7,0,1,0.1,0.1,0,0.1,0,0,0.9,27.97
B07FR2M186,8,4.875,1,1,0,0,0,0,0,0.125,0.875,22.97
B07FR4HV9N,7,5,0,1,0,0,0,0,0,0,1,8.09
B07FR6S4S3,3,5,1,1,0,0,0,0,0,0,1,7.96
B07FRY5G81,13,3.846153846,9,0.923076923,0,0,0.230769231,0,0,0.230769231,0.538461538,19.99
B07FSFPMBY,2,3.5,0,1,0,0,0,0.5,0,0,0.5,37.37
B07FSVH5XL,11,4.090909091,1,1,0,0,0.090909091,0.181818182,0,0,0.727272727,62.99
B07FT3ZQ1K,4,4.75,0,1,0,0,0,0,0,0.25,0.75,62.99
B07FTGJNRP,3,4.333333333,2,1,0.333333333,0.333333333,0,0,0.333333333,0,0.666666667,13.97
B07FTR25NT,7,4.142857143,7,0.857142857,0.142857143,0.285714286,0.142857143,0,0,0.285714286,0.571428571,32.99
B07FTYSCQ4,7,5,6,1,0.142857143,0.142857143,0,0,0,0,1,35.99
B07FVJNRLQ,2,5,0,1,0,0,0,0,0,0,1,25.87
B07FVN12WX,19,3.789473684,15,1,0.052631579,0.210526316,0.105263158,0.052631579,0.157894737,0.315789474,0.368421053,22.99
B07FVNS4CK,16,4.125,7,1,0,0,0.125,0.0625,0,0.1875,0.625,23.87
B07FW1515G,19,3.421052632,3,1,0.052631579,0.052631579,0.210526316,0.157894737,0.105263158,0.052631579,0.473684211,17.99
B07FWRTVYZ,3,3.666666667,15,0.666666667,0.333333333,0.333333333,0.333333333,0,0,0,0.666666667,1849.99
B07FWV5DMN,5,2.8,23,1,0.6,1.4,0.2,0.4,0,0.2,0.2,452.96
B07FXYHZCF,19,3.631578947,3,0.947368421,0,0,0.210526316,0.052631579,0.157894737,0.052631579,0.526315789,129.99
B07FXYZRXW,1,5,0,1,0,0,0,0,0,0,1,75.99
B07FYCQ1WD,6,4.333333333,0,1,0,0,0,0.166666667,0,0.166666667,0.666666667,12.99
B07FYQ51LK,1,2,0,1,0,0,0,1,0,0,0,3.99
B07FZQYQ33,7,4.142857143,0,1,0,0,0.142857143,0,0.142857143,0,0.714285714,13.99
B07G12Q9FD,1,4,0,1,0,0,0,0,0,1,0,58
B07G5PM5SL,4,4,0,1,0,0,0.25,0,0,0,0.75,
B07G5QYNSX,4,4.75,0,1,0,0,0,0,0,0.25,0.75,39.87
B07G6QCSQR,6,2.5,6,1,0,0,0.5,0,0.166666667,0.166666667,0.166666667,34.5
B07G72JM63,9,3.555555556,8,1,0,0,0.222222222,0.111111111,0.111111111,0,0.555555556,379.99
B07G765L5T,4,2.25,1,1,0,0,0.5,0,0.25,0.25,0,18.99
B07G7LCWD7,4,3,0,1,0,0,0.25,0,0.5,0,0.25,9.99
B07G7LWQ55,3,3,0,1,0.333333333,0.333333333,0.333333333,0,0,0.666666667,0,
B07G81D4DL,7,4.857142857,0,1,0,0,0,0,0,0.142857143,0.857142857,26.99
B07G8KR2MN,3,4,4,1,0,0,0,0.333333333,0,0,0.666666667,65.5
B07G8XMJCN,6,4.833333333,3,1,0,0,0,0,0,0.166666667,0.833333333,38.97
B07GBDLCPF,6,5,0,1,0,0,0,0,0,0,1,112.69
B07GBGJ872,4,4.75,1,1,0,0,0,0,0,0.25,0.75,
B07GBN1L7F,6,3,3,1,0,0,0.166666667,0.333333333,0.166666667,0,0.333333333,12.99
B07GBNDGJQ,2,4.5,0,1,0,0,0,0,0,0.5,0.5,
B07GC3Q8KG,5,2.8,11,1,0,0,0.4,0.2,0,0,0.4,
B07GC6F1TT,92,3.858695652,17,0.945652174,0.010869565,0.010869565,0.108695652,0.097826087,0.108695652,0.195652174,0.489130435,17.04
B07GD1MJHR,1,4,0,1,0,0,0,0,0,1,0,9.59
B07GD5RPPM,2,3,6,1,0.5,1.5,0.5,0,0,0,0.5,15.99
B07GDPSXB3,30,4.066666667,73,0.966666667,0.066666667,0.066666667,0.2,0,0.033333333,0.066666667,0.7,15.99
B07GF5WGJG,20,4.35,0,1,0,0,0,0.05,0.2,0.1,0.65,7.99
B07GG6KP6H,79,3.417721519,45,0.974683544,0.063291139,0.088607595,0.215189873,0.113924051,0.126582278,0.126582278,0.417721519,37.59
B07GGCJP1N,3,4.666666667,1,0.666666667,0,0,0,0,0,0.333333333,0.666666667,11.77
B07GH8CY47,3,2.333333333,3,1,0,0,0,0.666666667,0.333333333,0,0,32.95
B07GJ8Q5MH,11,3.454545455,5,1,0,0,0.272727273,0.090909091,0.090909091,0,0.545454545,18.99
B07GJMHPHY,3,5,1,1,0,0,0,0,0,0,1,
B07GL583WL,6,4.833333333,4,1,0,0,0,0,0,0.166666667,0.833333333,57.76
B07GLHXLPS,4,3,1,1,0,0,0.5,0,0,0,0.5,
B07GN5LQ3T,6,4.666666667,2,1,0,0,0,0,0.166666667,0,0.833333333,24.37
B07GN9PSL4,6,4.333333333,2,1,0.166666667,0.166666667,0.166666667,0,0,0,0.833333333,17.97
B07GNBTVKC,3,2.666666667,0,1,0,0,0.333333333,0.333333333,0,0,0.333333333,14.77
B07GND49T6,4,4.25,0,1,0,0,0,0.25,0,0,0.75,13.17
B07GNGVCQM,9,3.555555556,4,1,0,0,0.333333333,0,0,0.111111111,0.555555556,16.97
B07GNRDVD8,37,4.702702703,7,1,0,0,0,0.054054054,0.027027027,0.081081081,0.837837838,
B07GQ5FQGT,4,4.25,0,1,0.25,0.5,0,0,0.25,0.25,0.5,32.99
B07GQ64CYD,14,4.571428571,4,0.928571429,0.071428571,0.142857143,0,0.071428571,0.071428571,0.071428571,0.785714286,34
B07GR4592C,7,5,1,1,0,0,0,0,0,0,1,
B07GRF4677,5,4,11,1,0.2,0.8,0.2,0,0,0.2,0.6,28.65
B07GRLYSTC,2,3.5,7,1,0,0,0,0.5,0,0,0.5,13.09
B07GRY4K29,5,4.8,1,1,0,0,0,0,0,0.2,0.8,9.99
B07GRYVQPK,2,3,0,1,0,0,0,0,1,0,0,22.99
B07GS22WPJ,2,3.5,0,1,0.5,0.5,0,0.5,0,0,0.5,
B07GSB37FF,3,3.666666667,1,1,0,0,0.333333333,0,0,0,0.666666667,17.49
B07GSD8QNB,6,4.333333333,1,1,0,0,0.166666667,0,0,0,0.833333333,10.99
B07GSFWPGP,22,4.454545455,4,1,0.045454545,0.045454545,0.045454545,0.045454545,0.090909091,0.045454545,0.772727273,
B07GSYVGXB,3,4.666666667,0,0.666666667,0,0,0,0,0,0.333333333,0.666666667,13.99
B07GT24XPG,47,3.489361702,21,0.978723404,0.021276596,0.021276596,0.191489362,0.085106383,0.127659574,0.234042553,0.361702128,9.99
B07GVPN4M6,6,5,4,1,0,0,0,0,0,0,1,103
B07GVPTBVC,3,3.666666667,2,1,0,0,0.333333333,0,0,0,0.666666667,39.99
B07GWGJ54Q,4,2.25,404,0,0.25,0.5,0.5,0.25,0,0,0.25,
B07GXFR1V7,56,4.125,142,1,0.035714286,0.089285714,0.142857143,0.071428571,0.017857143,0.053571429,0.714285714,26.99
B07GXHC382,20,3.65,6,1,0,0,0.2,0.15,0,0.1,0.55,
B07GXXT7CG,3,3.666666667,9,1,0.333333333,0.666666667,0,0,0.666666667,0,0.333333333,
B07GXZFGZV,12,4.75,0,1,0.083333333,0.083333333,0,0.083333333,0,0,0.916666667,
B07GYFY5HY,4,3.5,0,1,0,0,0.25,0,0.25,0,0.5,49.99
B07GZNCXQ9,18,3.833333333,30,1,0,0,0.166666667,0.111111111,0.055555556,0.055555556,0.611111111,23.99
B07H12ZWXW,1,3,0,1,1,2,0,0,1,0,0,36.99
B07H1F8JXJ,3,5,0,1,0,0,0,0,0,0,1,9.57
B07H1FYLZ3,19,4.789473684,15,1,0.052631579,0.105263158,0,0,0.052631579,0.105263158,0.842105263,12.99
B07H21MHPQ,3,3.666666667,0,1,0,0,0.333333333,0,0,0,0.666666667,
B07H2S9157,3,3,0,1,0,0,0.333333333,0,0.333333333,0,0.333333333,
B07H2SQKQH,6,3.166666667,1,1,0,0,0.333333333,0.166666667,0,0,0.5,
B07H384YSW,6,4.333333333,0,1,0.166666667,0.166666667,0.166666667,0,0,0,0.833333333,20.07
B07H3B3278,110,3.909090909,59,0.990909091,0.027272727,0.090909091,0.163636364,0.072727273,0.054545455,0.109090909,0.6,
B07H3BNVBY,40,3.55,46,0.95,0.025,0.05,0.175,0.1,0.175,0.1,0.45,12.99
B07H3K8FXY,5,4.2,38,1,0.2,0.2,0.2,0,0,0,0.8,22.99
B07H3NV9JS,18,3.277777778,24,0.944444444,0,0,0.388888889,0,0.055555556,0.055555556,0.5,29.99
B07H3NX5CG,19,4.315789474,52,0.947368421,0.052631579,0.052631579,0.105263158,0.052631579,0.052631579,0,0.789473684,27.69
B07H4151JT,5,3.4,9,1,0,0,0.2,0,0.2,0.4,0.2,
B07H44NYT9,17,4.588235294,1,0.941176471,0,0,0.058823529,0,0,0.176470588,0.764705882,59.64
B07H71D6HC,10,3.9,2,1,0.1,0.1,0.2,0.1,0,0,0.7,39.99
B07H74MTSV,20,4.95,2,1,0,0,0,0,0,0.05,0.95,24.3
B07H7G4WB2,7,4.142857143,1,1,0,0,0.142857143,0,0,0.285714286,0.571428571,10.98
B07H7SS57T,7,4.285714286,9,1,0,0,0,0.142857143,0.142857143,0,0.714285714,
B07H84PRKT,10,4.6,1,1,0,0,0.1,0,0,0,0.9,34.85
B07H8QHD1N,1,5,0,1,1,1,0,0,0,0,1,19.99
B07H941QZT,2,5,0,1,0,0,0,0,0,0,1,11
B07H9736P4,5,4.8,0,0.8,0,0,0,0,0,0.2,0.8,11.99
B07H9WGYD8,7,3.571428571,0,1,0,0,0.142857143,0.142857143,0.142857143,0.142857143,0.428571429,9.99
B07HCMZCWB,2,4.5,4,1,0,0,0,0,0,0.5,0.5,66.63
B07HCRS9XQ,10,4.9,0,0.9,0,0,0,0,0,0.1,0.9,39.18
B07HD6L5JB,14,5,4,1,0,0,0,0,0,0,1,14.99
B07HDT4DX3,1,5,0,1,0,0,0,0,0,0,1,43
B07HFF44TF,12,4.666666667,6,1,0.083333333,0.166666667,0.083333333,0,0,0,0.916666667,19.99
B07HFQJKHS,1,3,3,1,0,0,0,0,1,0,0,944.26
B07HFSNDXR,5,4.6,2,1,0,0,0,0,0,0.4,0.6,65.75
B07HGQD3XM,5,4.2,0,1,0,0,0.2,0,0,0,0.8,
B07HHF22BG,3,5,1,1,0,0,0,0,0,0,1,35.45
B07HJH4MW5,20,4.1,8,0.95,0.05,0.1,0.1,0.1,0.1,0,0.7,
B07HKF94H6,6,4,0,1,0,0,0.166666667,0,0,0.333333333,0.5,16.99
B07HKKLNS7,6,3.666666667,0,1,0,0,0.333333333,0,0,0,0.666666667,16.99
B07HKP9JFY,6,2.166666667,12,1,0,0,0.5,0,0.333333333,0.166666667,0,
B07HKXBS7D,3,5,0,1,0,0,0,0,0,0,1,7.69
B07HMJYP7K,13,4.153846154,22,1,0,0,0.076923077,0,0.153846154,0.230769231,0.538461538,9.95
B07HMRDXNF,13,4.692307692,0,1,0.076923077,0.153846154,0,0,0.076923077,0.153846154,0.769230769,20.99
B07HNL7SJT,5,4,0,1,0,0,0,0.2,0.2,0,0.6,
B07HP2L5NY,1,1,3,1,0,0,1,0,0,0,0,16.99
B07HP9PGDY,10,4.5,2,0.9,0.1,0.1,0.1,0,0,0.1,0.8,41.95
B07HQ7SX3G,6,4.833333333,0,1,0,0,0,0,0,0.166666667,0.833333333,10.59
B07HQFPFPY,4,4.25,1,1,0,0,0,0.25,0,0,0.75,10.89
B07HQNZRV2,8,2.75,7,1,0.375,0.75,0.375,0.25,0,0,0.375,
B07HR7J85J,5,4.8,2,1,0,0,0,0,0,0.2,0.8,11.74
B07HRLJR2Y,3,5,0,1,0,0,0,0,0,0,1,28.5
B07HRP1FP4,3,4.333333333,1,1,0,0,0,0,0.333333333,0,0.666666667,16.19
B07HRQFNJ1,21,3.428571429,4,1,0.047619048,0.095238095,0.285714286,0,0.142857143,0.142857143,0.428571429,19.97
B07HRVJQW4,5,3.2,2,1,0,0,0.2,0.2,0,0.4,0.2,66.85
B07HSW3F3Q,10,4.7,0,1,0.1,0.1,0,0.1,0,0,0.9,
B07HVSR8RF,78,4,81,0.987179487,0.102564103,0.141025641,0.128205128,0.064102564,0.076923077,0.141025641,0.58974359,88.99
B07HW24CHY,2,5,0,1,0,0,0,0,0,0,1,10
B07HYJ7GND,5,4.6,3,1,0.2,0.2,0,0,0.2,0,0.8,
B07J1MJT14,8,3.75,1,1,0,0,0.25,0,0.125,0,0.625,33.21
B07J1TKB8S,3,5,0,1,0,0,0,0,0,0,1,
B07J24CP6M,6,5,0,1,0.166666667,0.166666667,0,0,0,0,1,17.81
B07J2S3Z3P,1,5,4,1,0,0,0,0,0,0,1,
B07J2S7PFY,12,4.916666667,1,1,0,0,0,0,0,0.083333333,0.916666667,24.99
B07J2WX3RC,4,5,2,1,0.25,0.25,0,0,0,0,1,20.91
B07J2Z2G7F,2,5,0,1,0,0,0,0,0,0,1,6.95
B07J3N1YD6,15,4.866666667,1,1,0.133333333,0.2,0,0,0.066666667,0,0.933333333,52.99
B07J3SDMMH,4,4,0,1,0.25,0.25,0,0,0.5,0,0.5,12.85
B07J4756GV,6,3,3,1,0,0,0.333333333,0,0.166666667,0.333333333,0.166666667,59.95
B07J48NMYT,9,4.444444444,9,0.888888889,0,0,0,0.111111111,0,0.222222222,0.666666667,
B07J556G6M,2,5,1,1,0,0,0,0,0,0,1,
B07J5FB4SY,7,3.571428571,1,1,0,0,0.285714286,0,0,0.285714286,0.428571429,5.95
B07J5LT1SX,3,4.333333333,0,1,0,0,0,0,0.333333333,0,0.666666667,15.49
B07J5LX4QP,2,5,1,1,0,0,0,0,0,0,1,11.66
B07J63TJFX,2,1,0,1,0,0,1,0,0,0,0,5.95
B07J643YC3,7,4.857142857,0,1,0,0,0,0,0,0.142857143,0.857142857,15.95
B07J69X6YN,2,3,1,1,0,0,0.5,0,0,0,0.5,14.69
B07J6FMP37,4,5,6,1,0,0,0,0,0,0,1,19.29
B07J6S4RZ9,9,2.888888889,137,0.888888889,0,0,0.333333333,0.111111111,0.222222222,0,0.333333333,96.99
B07JBXDGGQ,3,3.666666667,0,0.666666667,0.333333333,0.333333333,0.333333333,0,0,0,0.666666667,6.98
B07JBYBBVH,6,5,0,1,0,0,0,0,0,0,1,30.99
B07JCCB6FT,4,4,0,1,0,0,0.25,0,0,0,0.75,34.65
B07JCGXR59,3,5,0,1,0,0,0,0,0,0,1,24.88
B07JCJ65PC,7,4.428571429,0,1,0.142857143,0.142857143,0.142857143,0,0,0,0.857142857,15.85
B07JDRG8MV,23,3.869565217,2,1,0.043478261,0.086956522,0.173913043,0.086956522,0.086956522,0,0.652173913,
B07JF34RGL,3,4.666666667,0,1,0,0,0,0,0,0.333333333,0.666666667,
B07JHBPYKZ,224,4.183035714,122,0.995535714,0.022321429,0.040178571,0.111607143,0.040178571,0.098214286,0.053571429,0.696428571,6.95
B07JHKLLCQ,3,2,12,1,0.333333333,0.333333333,0.666666667,0,0,0.333333333,0,
B07JHTXFBL,7,3.285714286,4,0.857142857,0,0,0.428571429,0,0,0,0.571428571,58.98
B07JJLTZYR,4,4,0,1,0,0,0.25,0,0,0,0.75,9.49
B07JJS6R73,33,4.909090909,3,0.939393939,0.03030303,0.03030303,0,0,0,0.090909091,0.909090909,8.99
B07JKJYCQV,3,4.666666667,1,1,0,0,0,0,0,0.333333333,0.666666667,
B07JKLX3MJ,9,2.888888889,2,0.888888889,0,0,0.333333333,0.111111111,0.222222222,0,0.333333333,19.99
B07JLMKW5D,12,3.833333333,4,1,0,0,0.166666667,0.083333333,0.083333333,0.083333333,0.583333333,28.97
B07JM6LSLJ,1,4,0,1,0,0,0,0,0,1,0,
B07JMLSZFW,23,4.260869565,25,1,0,0,0.173913043,0,0,0.043478261,0.782608696,29.99
B07JMMN1VQ,6,5,0,1,0,0,0,0,0,0,1,49
B07JMNYK7X,19,4.578947368,13,0.947368421,0.052631579,0.052631579,0.052631579,0,0.052631579,0.105263158,0.789473684,22.49
B07JMQLC1R,13,3.692307692,19,1,0,0,0.153846154,0.153846154,0,0.230769231,0.461538462,
B07JMV39GX,21,3.047619048,3,1,0,0,0.19047619,0.285714286,0.142857143,0.047619048,0.333333333,
B07JPCRNFZ,10,4.6,0,1,0.1,0.1,0.1,0,0,0,0.9,16.99
B07JPJPKDD,10,4.7,5,1,0,0,0,0,0.1,0.1,0.8,9.99
B07JPLX4CV,27,3.518518519,43,1,0.074074074,0.074074074,0.333333333,0,0.037037037,0.074074074,0.555555556,
B07JQ644T2,23,4.47826087,26,1,0.130434783,0.304347826,0.043478261,0.086956522,0,0.086956522,0.782608696,29.99
B07JQQPHQ4,2,5,0,1,0,0,0,0,0,0,1,14.51
B07JQXHVRW,28,4.5,1,1,0.071428571,0.178571429,0.071428571,0,0.071428571,0.071428571,0.785714286,27.79
B07JR6LZQZ,8,3.375,2,1,0.125,0.125,0.25,0.125,0.125,0,0.5,
B07JV8C3QK,3,3.333333333,6,1,0,0,0.333333333,0,0,0.333333333,0.333333333,
B07JV9D3S2,4,3.5,2,1,0.25,0.25,0,0.5,0,0,0.5,47.46
B07JVQMFDB,4,4.25,2,1,0,0,0,0.25,0,0,0.75,9.99
B07JW9V6GB,27,4.185185185,1,1,0.037037037,0.037037037,0.074074074,0.111111111,0.037037037,0.111111111,0.666666667,19.77
B07JXY3Q6W,3,4.666666667,0,1,0,0,0,0,0,0.333333333,0.666666667,20.99
B07JXZ1BJ7,14,3.785714286,2,1,0.071428571,0.142857143,0.071428571,0.142857143,0.214285714,0.071428571,0.5,17.99
B07JZ8KFHW,1,4,0,1,0,0,0,0,0,1,0,26.88
B07JZZ1YSG,19,4.368421053,7,1,0.052631579,0.052631579,0.052631579,0,0.105263158,0.210526316,0.631578947,38.67
B07K1577L9,7,5,0,1,0,0,0,0,0,0,1,19.59
B07K15KDPJ,18,4.722222222,57,1,0,0,0,0.055555556,0,0.111111111,0.833333333,29.99
B07K1RVDD7,9,4.888888889,0,1,0,0,0,0,0,0.111111111,0.888888889,23.99
B07K2PV2R9,5,3,5,1,0.4,0.4,0.4,0,0.2,0,0.4,14.99
B07K38NQGL,6,4.333333333,4,1,0.166666667,0.166666667,0.166666667,0,0,0,0.833333333,18.85
B07K3P1BNZ,1,5,0,1,0,0,0,0,0,0,1,19.41
B07K43RYDC,2,4,1,1,0.5,0.5,0,0,0.5,0,0.5,
B07K472TGW,5,4.2,0,1,0,0,0.2,0,0,0,0.8,
B07K47ZTQT,11,4.272727273,1,1,0,0,0.090909091,0,0.090909091,0.181818182,0.636363636,36.77
B07K5N9PVP,1,5,0,1,0,0,0,0,0,0,1,20.95
B07K6GBNW4,5,4.4,1,1,0,0,0,0.2,0,0,0.8,
B07K7B6SNN,1,5,0,1,0,0,0,0,0,0,1,30.99
B07K7FFMG1,3,4,3,1,0,0,0,0.333333333,0,0,0.666666667,159.99
B07K8RXC18,4,4,2,1,0,0,0.25,0,0,0,0.75,34.95
B07K8YTQZC,3,5,0,1,0,0,0,0,0,0,1,7.97
B07K8YVPMM,2,5,0,1,0,0,0,0,0,0,1,39.99
B07K8Z98GM,4,4,1,1,0,0,0.25,0,0,0,0.75,22.99
B07K91CR9Z,25,4.48,5,1,0,0,0.12,0,0,0.04,0.84,6.99
B07KB9RTPV,2,4,6,1,0.5,0.5,0,0,0.5,0,0.5,
B07KBD8TP2,12,3.666666667,6,1,0,0,0.25,0.083333333,0,0.083333333,0.583333333,39.99
B07KCVMFC5,3,2.333333333,5,1,0,0,0.333333333,0,0.666666667,0,0,
B07KDYR7J3,4,4.25,0,1,0,0,0,0.25,0,0,0.75,
B07KDYTT3Z,6,3.166666667,2,1,0,0,0.333333333,0.166666667,0,0,0.5,19.49
B07KF1P138,5,4.8,5,1,0.2,0.2,0,0,0,0.2,0.8,20.69
B07KF89K5D,9,4.777777778,12,1,0,0,0,0,0,0.222222222,0.777777778,13.99
B07KF8VK8C,41,4.024390244,83,0.975609756,0.024390244,0.073170732,0.195121951,0.024390244,0.048780488,0.024390244,0.707317073,26.88
B07KFJ8154,9,3.666666667,0,1,0,0,0.222222222,0.111111111,0,0.111111111,0.555555556,23.96
B07KHZKV4V,6,3.333333333,7,1,0,0,0.333333333,0,0.166666667,0,0.5,42.99
B07KMMJJ8N,1,1,0,1,0,0,1,0,0,0,0,44.49
B07KNTTQ1V,9,4.111111111,14,1,0.111111111,0.111111111,0.111111111,0,0.111111111,0.222222222,0.555555556,67.95
B07KP253ZZ,5,4,1,0.8,0.2,0.2,0.2,0,0,0.2,0.6,11.99
B07KP6X4YK,59,3.779661017,44,0.983050847,0,0,0.220338983,0.016949153,0.101694915,0.084745763,0.576271186,29.99
B07KPKY2HH,3,4.666666667,0,1,0,0,0,0,0,0.333333333,0.666666667,11.95
B07KPL5XR7,16,2.875,4,1,0.125,0.125,0.4375,0.0625,0.0625,0.0625,0.375,19.95
B07KPLSTXR,14,4.928571429,1,1,0,0,0,0,0,0.071428571,0.928571429,39.95
B07KPMB4NG,24,4.958333333,0,1,0,0,0,0,0,0.041666667,0.958333333,5.95
B07KQG7GT8,4,5,1,1,0,0,0,0,0,0,1,34.5
B07KQN6Z57,19,4.315789474,6,1,0.052631579,0.105263158,0.105263158,0.052631579,0,0.105263158,0.736842105,31.64
B07KSP2VW8,10,4.7,0,1,0,0,0,0.1,0,0,0.9,
B07KVQL1VP,2,5,0,1,0,0,0,0,0,0,1,
B07KVVT6HK,4,4.25,40,1,0,0,0,0.25,0,0,0.75,
B07KZJCM7Z,5,5,0,1,0,0,0,0,0,0,1,5.95
B07KZRPF9L,1,4,0,1,0,0,0,0,0,1,0,
B07L1448HF,6,5,0,1,0,0,0,0,0,0,1,
B07L14H2ZK,7,5,1,1,0,0,0,0,0,0,1,23.95
B07L14V267,11,2.363636364,4,1,0.181818182,0.272727273,0.454545455,0.181818182,0,0.272727273,0.090909091,19.95
B07L23FYZK,6,3.666666667,0,1,0,0,0.166666667,0.166666667,0,0.166666667,0.5,37.99
B07L291CYQ,8,4.25,0,1,0,0,0.125,0,0,0.25,0.625,22.99
B07L3LWM3B,7,4.285714286,0,1,0,0,0.142857143,0,0,0.142857143,0.714285714,
B07L3PNM5T,7,5,1,0.857142857,0,0,0,0,0,0,1,13.88
B07L4KRL9Y,9,4.555555556,3,1,0,0,0,0.111111111,0,0.111111111,0.777777778,48.99
B07L4YZJ1Y,6,3.666666667,2,1,0,0,0.166666667,0,0.333333333,0,0.5,10.97
B07L4Z8P28,1,5,0,1,0,0,0,0,0,0,1,
B07L5JPHXY,7,4.857142857,1,0.857142857,0,0,0,0,0,0.142857143,0.857142857,25.69
B07L6BLHJB,11,4.363636364,3,1,0.090909091,0.090909091,0.090909091,0,0,0.272727273,0.636363636,30.99
B07L732BQS,3,4,2,1,0,0,0,0.333333333,0,0,0.666666667,29.88
B07L74TRYD,4,4.25,1,1,0,0,0,0.25,0,0,0.75,
B07L792D9N,6,4.666666667,0,1,0,0,0,0,0.166666667,0,0.833333333,
B07L7DJYP5,1,1,2,1,1,1,1,0,0,0,0,
B07L7X2J2B,2,2.5,1,1,0,0,0.5,0,0,0.5,0,14.99
B07L89PP5R,7,3.571428571,10,1,0.285714286,0.571428571,0.142857143,0.142857143,0.142857143,0.142857143,0.428571429,
B07L8B7VDM,4,5,4,1,0.25,0.25,0,0,0,0,1,21.99
B07L8BSHMD,9,4.888888889,9,1,0,0,0,0,0,0.111111111,0.888888889,14.97
B07L8F53H4,7,4.142857143,0,1,0,0,0.142857143,0,0,0.285714286,0.571428571,13.97
B07L8GFMSP,9,4.111111111,1,0.888888889,0,0,0.222222222,0,0,0,0.777777778,19.99
B07L964WTH,15,3.066666667,5,1,0.066666667,0.133333333,0.133333333,0.333333333,0.066666667,0.266666667,0.2,24.45
B07L97LBSG,1,1,1,1,0,0,1,0,0,0,0,
B07L9H5J23,6,3,4,1,0.166666667,0.166666667,0.333333333,0.166666667,0,0.166666667,0.333333333,19.49
B07L9Y7BMX,16,4.5,1,1,0.0625,0.0625,0.0625,0,0.0625,0.125,0.75,25.58
B07LB74NRS,10,3.7,1,1,0.1,0.1,0.2,0.1,0,0.2,0.5,7.99
B07LB8TFZ7,8,4.625,0,1,0,0,0,0.125,0,0,0.875,17.15
B07LBFQTTP,2,5,0,1,0,0,0,0,0,0,1,
B07LBKP498,2,2.5,5,1,0,0,0,0.5,0.5,0,0,
B07LBWLLT6,5,3.8,4,1,0,0,0.2,0,0.2,0,0.6,9.99
B07LC2QZSX,8,5,0,1,0,0,0,0,0,0,1,8.39
B07LC3CHQS,18,4.722222222,14,1,0,0,0.055555556,0,0,0.055555556,0.888888889,9.97
B07LC3NFMN,4,4,0,1,0,0,0,0,0.25,0.5,0.25,8.59
B07LCQXBR8,6,3.666666667,12,1,0,0,0.166666667,0,0.166666667,0.333333333,0.333333333,24.45
B07LCSK4JY,17,3.058823529,38,0.941176471,0.117647059,0.294117647,0.411764706,0,0.058823529,0.176470588,0.352941176,298.99
B07LF2JCB4,2,3.5,2,1,0.5,0.5,0,0.5,0,0,0.5,10.2
B07LF7M4ZD,4,4.25,0,1,0,0,0,0.25,0,0,0.75,15.87
B07LF7MWPZ,1,5,0,1,0,0,0,0,0,0,1,
B07LFQKMCR,3,5,0,1,0,0,0,0,0,0,1,15.99
B07LFYCHXW,6,2.5,8,0.833333333,0,0,0.5,0,0.166666667,0.166666667,0.166666667,
B07LG253CV,1,5,0,1,0,0,0,0,0,0,1,
B07LG439RQ,1,5,0,1,0,0,0,0,0,0,1,9.5
B07LG47GHH,15,3.8,2,1,0.066666667,0.066666667,0.266666667,0,0.066666667,0,0.666666667,13.97
B07LG8QYFW,121,3.644628099,48,0.975206612,0.049586777,0.082644628,0.247933884,0.05785124,0.049586777,0.090909091,0.553719008,39.99
B07LGDXYRK,9,4,10,1,0,0,0,0.222222222,0.111111111,0.111111111,0.555555556,5.99
B07LH2TS28,3,5,0,1,0,0,0,0,0,0,1,6.49
B07LH8VXPY,6,4.5,7,1,0.166666667,0.166666667,0,0,0.166666667,0.166666667,0.666666667,11.99
B07LHCJ3PV,5,4.8,0,1,0,0,0,0,0,0.2,0.8,24.97
B07LHDCDCD,43,3.744186047,80,0.930232558,0,0,0.186046512,0.093023256,0.046511628,0.139534884,0.534883721,89.99
B07M5CL1JZ,2,3.5,0,1,0,0,0,0.5,0,0,0.5,9.99
B07M5HKW96,9,4.222222222,2,1,0,0,0.111111111,0,0,0.333333333,0.555555556,10.27
B07M5M2C9V,4,4.5,0,1,0,0,0,0,0.25,0,0.75,9.96
B07M718BHT,1,5,0,1,0,0,0,0,0,0,1,18.99
B07M77M4XW,2,5,0,1,0,0,0,0,0,0,1,
B07M7BHTF2,8,5,3,1,0,0,0,0,0,0,1,
B07M7BQ7N8,3,5,0,1,0,0,0,0,0,0,1,25.99
B07M7FQ1CP,16,4.3125,29,0.875,0,0,0.0625,0,0.125,0.1875,0.625,466.24
B07M7XYN2K,18,3.722222222,8,1,0,0,0.222222222,0.055555556,0.055555556,0.111111111,0.555555556,9.99
B07M8JMYHQ,57,2.824561404,287,0.824561404,0.105263158,0.192982456,0.403508772,0.105263158,0.087719298,0.070175439,0.333333333,249.99
B07M93XRJ8,4,2,0,1,0.25,0.25,0.75,0,0,0,0.25,11.99
B07M94KNSG,5,3.4,2,1,0,0,0.4,0,0,0,0.6,18.99
B07M99ZPP1,5,4.4,2,1,0,0,0,0,0.2,0.2,0.6,9.99
B07MBF5R3T,3,2,2,1,0,0,0.666666667,0,0,0.333333333,0,
B07MBQ4NWP,4,3.25,1,1,0.25,0.75,0.25,0,0.25,0.25,0.25,
B07MC2D2SK,6,3.333333333,0,1,0,0,0.333333333,0,0.166666667,0,0.5,24.95
B07MC5TBNS,72,3.819444444,25,0.986111111,0.027777778,0.041666667,0.208333333,0.041666667,0.069444444,0.083333333,0.597222222,23.99
B07MCBLPSL,3,3.333333333,2,0.666666667,0,0,0,0.333333333,0.333333333,0,0.333333333,
B07MCTF19S,3,4.666666667,0,1,0,0,0,0,0,0.333333333,0.666666667,
B07MCTYSXN,41,3.048780488,57,1,0.048780488,0.097560976,0.341463415,0.12195122,0.048780488,0.12195122,0.365853659,49.99
B07MDF82WP,3,5,0,1,0,0,0,0,0,0,1,38.99
B07MDLD8FJ,7,5,1,1,0,0,0,0,0,0,1,51.71
B07MF3G6LK,2,5,0,1,0,0,0,0,0,0,1,
B07MH3N2TK,2,5,0,1,0,0,0,0,0,0,1,21.19
B07MH8LW2R,4,4.25,0,1,0,0,0,0,0.25,0.25,0.5,14.99
B07MHVBSBS,3,5,0,1,0,0,0,0,0,0,1,
B07MJ8R11L,9,4.777777778,1,1,0,0,0,0,0.111111111,0,0.888888889,19.95
B07MJK1CM3,17,3.647058824,17,1,0,0,0.176470588,0.117647059,0.058823529,0.176470588,0.470588235,
B07MKB2772,13,3.153846154,3,0.923076923,0.076923077,0.230769231,0.384615385,0.076923077,0,0.076923077,0.461538462,76.9
B07MKLWGBD,10,4.9,21,0.9,0,0,0,0,0,0.1,0.9,
B07MKNXQZ6,5,4.4,3,1,0.2,0.2,0,0,0.2,0.2,0.6,89.99
B07MKSCFPL,6,2.666666667,1,1,0,0,0.333333333,0.333333333,0,0,0.333333333,19.99
B07MKV9637,3,3,2,1,0,0,0.333333333,0,0.333333333,0,0.333333333,99.88
B07MKVTGW3,51,4.294117647,21,1,0.019607843,0.019607843,0.058823529,0.039215686,0.117647059,0.117647059,0.666666667,7.99
B07MLV25P9,10,3.9,0,1,0,0,0.1,0.1,0.1,0.2,0.5,
B07MLWJZH7,31,3.451612903,50,1,0.064516129,0.129032258,0.193548387,0.129032258,0.129032258,0.129032258,0.419354839,51.99
B07MMQKRDC,3,5,0,1,0,0,0,0,0,0,1,10.89
B07MN3MK34,31,4.064516129,95,1,0.064516129,0.129032258,0.064516129,0.064516129,0.193548387,0.096774194,0.580645161,9.99
B07MNBJTVG,2,5,0,1,0,0,0,0,0,0,1,13.5
B07MP1FHT8,5,2.4,42,1,0.2,0.2,0.4,0.2,0.2,0,0.2,
B07MP4MG76,6,3.833333333,0,1,0,0,0.166666667,0,0,0.5,0.333333333,
B07MP9SK23,36,3.888888889,22,0.916666667,0,0,0.166666667,0.055555556,0.083333333,0.111111111,0.583333333,
B07MPP5W6T,5,4.2,3,1,0.2,0.2,0,0,0.2,0.4,0.4,8.81
B07MPPCRZW,4,2.75,6,1,0.25,0.25,0.25,0.25,0,0.5,0,
B07MPTHTKJ,2,3,0,1,0.5,0.5,0.5,0,0,0,0.5,
B07MPWR2R4,20,4.1,15,0.9,0.2,0.35,0.05,0.1,0.15,0.1,0.6,
B07MR7V7P4,9,3.222222222,2,1,0.111111111,0.111111111,0.222222222,0.111111111,0.111111111,0.333333333,0.222222222,
B07MRLQ2ZL,2,5,0,1,0,0,0,0,0,0,1,
B07MSBV24T,3,4,0,1,0,0,0,0.333333333,0,0,0.666666667,
B07MSC9YM9,3,4,0,1,0,0,0,0.333333333,0,0,0.666666667,
B07MSD23B5,8,4,1,1,0,0,0.25,0,0,0,0.75,
B07MSF3GR3,2,2.5,1,1,0.5,1,0.5,0,0,0.5,0,9.14
B07MTR59LM,4,1.75,0,1,0.25,0.5,0.25,0.75,0,0,0,
B07MTTL2C5,6,4.833333333,1,1,0,0,0,0,0,0.166666667,0.833333333,16.91
B07MTXRQ18,5,4.4,1,1,0,0,0,0.2,0,0,0.8,
B07MV7BBK3,9,4.111111111,2,1,0.222222222,0.444444444,0,0.111111111,0.222222222,0.111111111,0.555555556,15.99
B07MVGYBCL,20,4,2,1,0,0,0.1,0.1,0.05,0.2,0.55,26.97
B07MVKH4KN,3,3.666666667,0,1,0,0,0,0.333333333,0,0.333333333,0.333333333,17.57
B07MVKTYC6,18,3.222222222,6,1,0,0,0.166666667,0.166666667,0.222222222,0.166666667,0.277777778,26.77
B07MW38GX9,5,4.8,7,1,0,0,0,0,0,0.2,0.8,7.99
B07MW463VX,9,3.333333333,8,0.777777778,0,0,0.333333333,0,0.111111111,0.111111111,0.444444444,6.99
B07MWHNMDJ,6,4,1,0.833333333,0,0,0,0.333333333,0,0,0.666666667,13.84
B07MX5CQPL,3,3,2,1,0,0,0.333333333,0,0.333333333,0,0.333333333,9.95
B07MX5DV3G,1,5,0,1,0,0,0,0,0,0,1,7.95
B07MXQ2GRJ,2,5,1,1,0,0,0,0,0,0,1,
B07MXXVHX9,3,4.333333333,0,1,0,0,0,0,0.333333333,0,0.666666667,24.3
B07MXZFDHQ,9,3.666666667,0,0.888888889,0,0,0.111111111,0.222222222,0.111111111,0,0.555555556,23.99
B07MY2GRGJ,7,2.571428571,1,1,0.142857143,0.285714286,0.428571429,0.142857143,0.142857143,0,0.285714286,
B07MYMJHW3,5,3.8,0,1,0,0,0,0.4,0,0,0.6,
B07MZGSKP7,40,4.575,4,1,0,0,0.05,0,0.025,0.175,0.75,22.49
B07MZMM1RZ,8,2.5,23,1,0,0,0.25,0.5,0,0,0.25,21.99
B07N14Q6LQ,1,5,0,1,0,0,0,0,0,0,1,20.5
B07N1QT6JS,5,4.2,3,1,0.2,0.2,0,0.2,0,0.2,0.6,26.97
B07N57SMSK,60,4.516666667,13,0.983333333,0,0,0.05,0.033333333,0.05,0.083333333,0.783333333,26.83
B07N6GN5JK,3,2,1,1,0,0,0.666666667,0,0,0.333333333,0,9.09
B07NBH5P9W,4,4,4,1,0,0,0.25,0,0,0,0.75,30.68
B07NDNJDLK,3,5,0,1,0,0,0,0,0,0,1,
B07NDTJF8S,17,3.941176471,21,1,0.058823529,0.058823529,0.058823529,0.058823529,0.235294118,0.176470588,0.470588235,29.21
B07NDTZ8XR,1,4,0,1,0,0,0,0,0,1,0,47.31
B07NF7MP15,3,5,0,1,0,0,0,0,0,0,1,
B07NGRJLMT,3,4.666666667,0,1,0,0,0,0,0,0.333333333,0.666666667,
B07NHBTJ3F,3,4.666666667,0,1,0,0,0,0,0,0.333333333,0.666666667,9.48
B07NKRGXYY,3,4.666666667,0,1,0,0,0,0,0,0.333333333,0.666666667,9.99
B07NNHYH5N,5,3.8,0,1,0,0,0,0.4,0,0,0.6,
B07NNKP8SL,10,4.1,6,0.9,0.1,0.3,0.2,0,0,0.1,0.7,8.99
B07NNV4GPZ,7,4.285714286,4,1,0,0,0,0,0.285714286,0.142857143,0.571428571,19.99
B07NP68PW4,16,4.75,1,1,0.0625,0.0625,0.0625,0,0,0,0.9375,16.78
B07NPW4SFH,11,3.727272727,12,1,0,0,0.272727273,0,0.090909091,0,0.636363636,19.5
B07NQ8NBWJ,1,5,1,1,0,0,0,0,0,0,1,489.99
B07NQPBM5B,8,5,0,1,0,0,0,0,0,0,1,24.99
B07NQS274T,28,3.821428571,25,0.928571429,0,0,0.071428571,0.178571429,0.142857143,0.071428571,0.535714286,
B07NR6ZZXP,4,4.5,0,1,0,0,0,0,0.25,0,0.75,22.99
B07NRB7W1G,7,4.285714286,0,1,0.285714286,0.285714286,0,0.142857143,0.142857143,0,0.714285714,15.99
B07NS9N17G,113,4.185840708,117,0.955752212,0.008849558,0.008849558,0.088495575,0.044247788,0.088495575,0.150442478,0.628318584,20.99
B07NVD3PL3,19,4.157894737,4,1,0.105263158,0.105263158,0.105263158,0.052631579,0.052631579,0.157894737,0.631578947,
B07NVJP82G,397,3.382871537,232,0.9697733,0.04534005,0.068010076,0.231738035,0.128463476,0.095717884,0.113350126,0.430730479,89.94
B07NWJS2LY,4,2,0,1,0,0,0.75,0,0,0,0.25,50.99
B07NWKDKFN,4,4,0,1,0,0,0.25,0,0,0,0.75,21.96
B07NWYY74V,39,4.025641026,34,0.948717949,0,0,0.076923077,0.076923077,0.128205128,0.179487179,0.538461538,
B07NX1MPFT,10,4.3,4,1,0,0,0.1,0,0,0.3,0.6,
B07NXS8C24,3,5,0,1,0,0,0,0,0,0,1,8.97
B07NXWJ7CN,15,4.2,18,0.4,0.066666667,0.6,0,0.066666667,0.2,0.2,0.533333333,12.95
B07NXYLXY8,3,3.666666667,0,1,0,0,0.333333333,0,0,0,0.666666667,7.99
B07NY5FN3Y,8,3.875,1,1,0,0,0.125,0.125,0.125,0,0.625,12.99
B07NYS814P,3,2,0,1,0,0,0.666666667,0,0,0.333333333,0,54.99
B07NYTQPKV,50,4.6,9,0.94,0,0,0.02,0,0.08,0.16,0.74,
B07NZB8BH9,10,4.4,2,1,0,0,0.1,0,0.1,0,0.8,22.38
B07NZW8K5Q,15,3.333333333,7,1,0.066666667,0.066666667,0.2,0.133333333,0.133333333,0.2,0.333333333,59.99
B07NZZY2BV,22,2.863636364,7,0.954545455,0,0,0.363636364,0.181818182,0,0.136363636,0.318181818,24.99
B07P13ZDSM,48,3.75,54,1,0.020833333,0.020833333,0.145833333,0.083333333,0.125,0.166666667,0.479166667,54.99
B07P16G5SM,2,1,3,1,0,0,1,0,0,0,0,6.97
B07P38WM5T,2,5,1,1,0,0,0,0,0,0,1,10.19
B07P4F77XX,2,5,1,1,0,0,0,0,0,0,1,17.09
B07P5MSFWC,8,3.25,1,1,0.125,0.125,0.375,0,0.125,0,0.5,17.99
B07P66L54T,4,4,2,1,0.25,0.25,0,0.25,0,0.25,0.5,19.97
B07P6RGDKR,7,4.428571429,2,1,0,0,0.142857143,0,0,0,0.857142857,16.19
B07P7S1XBX,6,4.666666667,1,1,0,0,0,0,0.166666667,0,0.833333333,23.49
B07P8B2YHR,8,2.25,1,0.875,0.25,0.5,0.5,0.125,0.125,0.125,0.125,9.99
B07P8S72LW,5,5,2,1,0,0,0,0,0,0,1,16.08
B07P93DSR4,4,4,1,1,0,0,0.25,0,0,0,0.75,12.99
B07P98DSN4,26,4.115384615,2,1,0.038461538,0.076923077,0.115384615,0.115384615,0.038461538,0,0.730769231,8.99
B07PCNLCJD,14,3.714285714,4,1,0,0,0.142857143,0.142857143,0.142857143,0,0.571428571,20.99
B07PCT4S23,6,3.666666667,9,1,0.166666667,0.5,0,0.166666667,0.333333333,0.166666667,0.333333333,9.99
B07PD1YSX5,2,3,1,1,0,0,0.5,0,0,0,0.5,23.47
B07PDXVJRC,1,3,0,1,0,0,0,0,1,0,0,
B07PF1ZJ8M,1,5,0,1,0,0,0,0,0,0,1,
B07PF9974C,11,4.636363636,1,1,0,0,0,0,0.090909091,0.181818182,0.727272727,9.59
B07PFFBN8P,18,4.833333333,12,1,0,0,0,0,0.055555556,0.055555556,0.888888889,11.99
B07PFFGVQZ,3,5,0,1,0,0,0,0,0,0,1,
B07PFJ19QT,1,2,0,1,0,0,0,1,0,0,0,
B07PFYRM8P,8,4.125,9,1,0.125,0.5,0,0.125,0.125,0.25,0.5,20.3
B07PG7CMNC,3,4.333333333,0,1,0,0,0,0,0.333333333,0,0.666666667,
B07PGK43G7,4,4.5,7,1,0,0,0,0,0.25,0,0.75,139.99
B07PGP577N,3,2.666666667,9,1,0,0,0.333333333,0.333333333,0,0,0.333333333,
B07PH477F8,7,3.428571429,8,0.857142857,0.142857143,0.142857143,0.285714286,0.142857143,0,0,0.571428571,275.25
B07PH47W6T,3,3,0,1,0,0,0.333333333,0,0.333333333,0,0.333333333,11.87
B07PHBLBDZ,3,3.666666667,0,1,0,0,0.333333333,0,0,0,0.666666667,
B07PJ3YK3X,3,5,0,1,0,0,0,0,0,0,1,10.99
B07PJ7ZBZZ,13,3.923076923,4,1,0.076923077,0.153846154,0.153846154,0.076923077,0,0.230769231,0.538461538,29.99
B07PJ8H3W5,1,5,0,1,0,0,0,0,0,0,1,26.99
B07PK92BKL,8,5,4,1,0,0,0,0,0,0,1,7.99
B07PKV75YF,25,4.2,21,0.92,0.08,0.08,0.08,0,0.16,0.16,0.6,6.85
B07PLLVFJC,2,4.5,1,1,0,0,0,0,0,0.5,0.5,
B07PLS93C7,5,4,1,1,0,0,0.2,0,0,0.2,0.6,25.99
B07PM23B5H,14,4.642857143,2,0.928571429,0,0,0.071428571,0,0,0.071428571,0.857142857,80.29
B07PM26JJB,3,3.333333333,0,1,0,0,0.333333333,0,0,0.333333333,0.333333333,
B07PM8DD4V,7,3.571428571,13,0.857142857,0,0,0.142857143,0.285714286,0,0,0.571428571,49.99
B07PMF4PCF,3,5,3,1,0,0,0,0,0,0,1,13.99
B07PMFS215,9,4.444444444,2,1,0,0,0.111111111,0,0,0.111111111,0.777777778,29.99
B07PMLC156,5,4.8,0,1,0,0,0,0,0,0.2,0.8,
B07PNGRGNM,8,2.875,24,1,0.25,0.625,0.5,0,0,0.125,0.375,
B07PNKT1RZ,13,3.153846154,5,1,0.076923077,0.076923077,0.384615385,0,0.076923077,0.153846154,0.384615385,32.99
B07PNM4T8R,4,5,1,1,0,0,0,0,0,0,1,23.61
B07PPB37QS,7,4.714285714,1,1,0,0,0,0,0,0.285714286,0.714285714,14.99
B07PPK22MD,9,4.777777778,2,1,0,0,0,0,0.111111111,0,0.888888889,33.99
B07PPR4LF3,8,3.75,170,0.75,0.125,0.125,0.125,0.125,0,0.375,0.375,88.98
B07PRVFN9L,6,2.833333333,0,0.833333333,0.166666667,0.666666667,0.333333333,0.166666667,0.166666667,0,0.333333333,
B07PSB1CGR,10,4.2,23,1,0.1,0.1,0,0.1,0.2,0.1,0.6,
B07PTPCYHN,3,4,1,1,0,0,0,0.333333333,0,0,0.666666667,20.49
B07PTRTN2K,7,3.571428571,7,1,0.142857143,0.142857143,0,0.285714286,0.285714286,0,0.428571429,9.95
B07PVHW1KZ,6,4.333333333,3,1,0,0,0,0,0.166666667,0.333333333,0.5,
B07PWJV7CJ,3,5,0,1,0,0,0,0,0,0,1,14.99
B07PWPX8W9,7,4.285714286,3,1,0.142857143,0.428571429,0,0,0.285714286,0.142857143,0.571428571,15.99
B07PWWVHR8,3,5,4,1,0,0,0,0,0,0,1,
B07PX3ZLTQ,7,3.857142857,7,1,0,0,0.285714286,0,0,0,0.714285714,29.86
B07PXTQ1X9,2,3.5,0,1,0,0,0,0.5,0,0,0.5,
B07PY1TF57,5,3.2,0,1,0.2,0.4,0,0.6,0,0,0.4,10.99
B07PY75QM4,10,4.3,12,0.9,0,0,0.1,0,0.1,0.1,0.7,29.99
B07PY8GNN4,6,3.833333333,0,1,0,0,0,0.333333333,0,0.166666667,0.5,
B07PYDR18S,8,4.125,5,1,0,0,0.125,0.125,0,0,0.75,25.37
B07PYZS5PK,5,3.2,19,1,0.2,1.2,0.2,0.2,0,0.4,0.2,
B07Q2DP283,8,4.75,4,1,0,0,0,0,0.125,0,0.875,15.45
B07Q2G85J8,8,2.25,10,1,0.375,1,0.625,0,0,0.25,0.125,
B07Q2HXM13,2,3,0,1,0,0,0.5,0,0,0,0.5,
B07Q2RJC9K,3,4.666666667,0,1,0,0,0,0,0,0.333333333,0.666666667,
B07Q34QCTJ,85,3.917647059,43,1,0.058823529,0.094117647,0.188235294,0.058823529,0.035294118,0.082352941,0.635294118,34.99
B07Q45D1G7,3,5,0,1,0,0,0,0,0,0,1,11.99
B07Q49KFFC,2,2.5,2,1,0,0,0.5,0,0,0.5,0,13.99
B07Q4F7LB5,2,3,0,1,0.5,0.5,0.5,0,0,0,0.5,20.99
B07Q4P92V9,1,5,1,1,0,0,0,0,0,0,1,
B07Q59JFJJ,34,3.441176471,1055,0.941176471,0,0,0.294117647,0.058823529,0.058823529,0.088235294,0.5,119.99
B07Q5G2FQJ,13,4.461538462,13,1,0.153846154,0.230769231,0.076923077,0.076923077,0,0,0.846153846,86
B07Q5GR251,5,3.2,6,1,0,0,0.4,0,0,0.2,0.4,
B07Q5P39QY,9,5,0,1,0,0,0,0,0,0,1,5.09
B07Q5RY3TL,3,4,0,1,0,0,0,0,0.333333333,0.333333333,0.333333333,
B07Q6M6C9Q,6,5,2,1,0,0,0,0,0,0,1,
B07Q6SD7W5,5,3.6,0,1,0,0,0,0.4,0,0.2,0.4,
B07Q7H4TS5,18,4.5,5,1,0.055555556,0.055555556,0.111111111,0,0,0.055555556,0.833333333,25
B07Q81D31N,1,4,0,1,0,0,0,0,0,1,0,
B07Q9J8NPF,3,4,1,1,0,0,0,0.333333333,0,0,0.666666667,
B07Q9KKR6D,52,4.634615385,7,0.980769231,0.076923077,0.134615385,0,0.057692308,0.057692308,0.076923077,0.807692308,24.97
B07QB63VN9,23,4,33,0.869565217,0.043478261,0.043478261,0.130434783,0.086956522,0.043478261,0.130434783,0.608695652,10.99
B07QC5T94Z,5,3.4,1,1,0,0,0,0.4,0.2,0,0.4,
B07QC7JRDP,245,3.689795918,28,0.991836735,0.085714286,0.085714286,0.2,0.089795918,0.06122449,0.118367347,0.530612245,7.9
B07QC9DPH3,3,3.333333333,0,1,0,0,0.333333333,0,0,0.333333333,0.333333333,32.99
B07QCN1W56,101,4.544554455,9,0.98019802,0,0,0.059405941,0.03960396,0.01980198,0.059405941,0.821782178,17.95
B07QD1YQSW,4,4,0,1,0,0,0.25,0,0,0,0.75,10.99
B07QDZS1N4,9,3.777777778,12,1,0.111111111,0.111111111,0,0.333333333,0,0.222222222,0.444444444,22.62
B07QF7KDPW,6,5,0,1,0,0,0,0,0,0,1,
B07QFG55SY,18,3.666666667,11,0.888888889,0,0,0.166666667,0.111111111,0.111111111,0.111111111,0.5,28.81
B07QFPKG9V,36,3.833333333,15,1,0.083333333,0.111111111,0.111111111,0.166666667,0.083333333,0.055555556,0.583333333,24.95
B07QFR6J5J,86,3.825581395,95,0.976744186,0.023255814,0.046511628,0.197674419,0.058139535,0.046511628,0.11627907,0.581395349,34.99
B07QG825Y6,1,1,0,1,0,0,1,0,0,0,0,
B07QGQ4RJZ,40,3.725,58,1,0,0,0.225,0.05,0.1,0.025,0.6,11.99
B07QGVYYYX,8,4.625,10,1,0,0,0,0.125,0,0,0.875,
B07QHWSX4M,3,3.666666667,0,1,0,0,0.333333333,0,0,0,0.666666667,39.99
B07QHWWYR9,22,4.272727273,33,1,0.045454545,0.045454545,0.136363636,0,0.045454545,0.090909091,0.727272727,26.99
B07QK79CZF,10,4.8,6,1,0,0,0,0,0.1,0,0.9,10.79
B07QKHPB2T,5,4.4,2,1,0,0,0,0.2,0,0,0.8,15.99
B07QKVTFBN,3,3.333333333,5,1,0,0,0.333333333,0,0,0.333333333,0.333333333,
B07QL5GRKD,2,3,3,1,0,0,0.5,0,0,0,0.5,
B07QL69VJJ,22,2.136363636,19,1,0.045454545,0.045454545,0.409090909,0.318181818,0.090909091,0.090909091,0.090909091,12.99
B07QL9JGRY,5,4.2,0,1,0,0,0.2,0,0,0,0.8,
B07QLCL94B,11,5,1,1,0.090909091,0.090909091,0,0,0,0,1,7.17
B07QMQM7HZ,3,2.666666667,0,1,0,0,0.333333333,0.333333333,0,0,0.333333333,24.98
B07QMZL448,84,3.19047619,16,1,0.095238095,0.130952381,0.25,0.166666667,0.119047619,0.071428571,0.392857143,6.95
B07QPBS3KR,4,5,0,1,0,0,0,0,0,0,1,12.83
B07QPGQK77,4,4.5,0,1,0,0,0,0,0.25,0,0.75,10.97
B07QQBQ1TG,4,4,0,1,0,0,0,0.25,0,0.25,0.5,
B07QQFF4JL,7,4.428571429,0,1,0,0,0,0.142857143,0,0.142857143,0.714285714,7.5
B07QQG4GKR,4,5,0,1,0,0,0,0,0,0,1,25
B07QQV9K3K,23,3.260869565,9,0.956521739,0.043478261,0.086956522,0.173913043,0.173913043,0.173913043,0.173913043,0.304347826,
B07QR495QN,3,2.333333333,3,1,0.333333333,0.333333333,0.333333333,0.333333333,0,0.333333333,0,33.99
B07QRZPDPN,10,2.8,1,1,0,0,0.5,0,0.1,0,0.4,11.99
B07QS22G94,24,4.166666667,11,1,0.041666667,0.041666667,0.083333333,0.041666667,0.125,0.125,0.625,28.99
B07QS564MT,3,5,0,1,0,0,0,0,0,0,1,107.25
B07QS7BSQM,2,3,1,1,0,0,0.5,0,0,0,0.5,10.97
B07QS8GLCZ,8,4.25,0,1,0,0,0.125,0,0,0.25,0.625,
B07QS8VSXV,1,5,0,1,0,0,0,0,0,0,1,
B07QST39Z1,13,4.615384615,1,1,0,0,0.076923077,0,0,0.076923077,0.846153846,
B07QT21357,10,2.7,2,1,0,0,0.5,0,0.1,0.1,0.3,10.86
B07QT8SCHN,15,4.266666667,19,1,0.066666667,0.066666667,0.133333333,0,0,0.2,0.666666667,41.99
B07QTHKXY2,16,3.75,9,1,0.125,0.125,0.25,0,0.0625,0.125,0.5625,19.99
B07QV4YMLF,6,3.333333333,3,1,0.166666667,0.333333333,0.333333333,0,0,0.333333333,0.333333333,
B07QVKSMKK,5,2.6,2,1,0,0,0.6,0,0,0,0.4,16.48
B07QWPW9DT,5,3.6,2,1,0,0,0.2,0,0.2,0.2,0.4,12.99
B07QX4CG99,3,3.666666667,6,1,0,0,0.333333333,0,0,0,0.666666667,36.99
B07QX4TP72,12,3.083333333,27,1,0,0,0.25,0.083333333,0.25,0.166666667,0.25,
B07QX5HL7K,5,4.6,1,1,0,0,0,0,0.2,0,0.8,19.67
B07QXKVJ7S,1,5,1,1,0,0,0,0,0,0,1,79.99
B07QYM859M,3,4.666666667,31,1,0,0,0,0,0,0.333333333,0.666666667,289.99
B07QYPZ86N,1,5,15,1,0,0,0,0,0,0,1,
B07QYQR3VW,2,5,0,1,0,0,0,0,0,0,1,7.85
B07QYX961S,19,4.473684211,9,1,0,0,0.105263158,0,0.052631579,0,0.842105263,12.85
B07QYXFQLH,14,4.928571429,5,1,0,0,0,0,0,0.071428571,0.928571429,27.77
B07QZF3HRR,2,3,1,1,0,0,0.5,0,0,0,0.5,125.95
B07R2DTGRX,18,4.833333333,0,1,0,0,0,0,0,0.166666667,0.833333333,13.99
B07R3C4QJV,6,3.333333333,1,1,0.166666667,0.166666667,0.166666667,0.333333333,0,0,0.5,48.95
B07R3YF9Q7,11,4.454545455,1,1,0.272727273,0.272727273,0.090909091,0,0,0.181818182,0.727272727,13.99
B07R46Q7LT,3,3.666666667,1,1,0,0,0,0.333333333,0,0.333333333,0.333333333,
B07R48P1KV,10,5,7,0.9,0.1,0.1,0,0,0,0,1,16.99
B07R4RHC4H,194,3.994845361,93,0.994845361,0.041237113,0.056701031,0.175257732,0.056701031,0.046391753,0.041237113,0.680412371,35.99
B07R4YMFY7,7,3.714285714,0,1,0,0,0.142857143,0.142857143,0.142857143,0,0.571428571,7.99
B07R5PHY3X,4,4,1,1,0,0,0.25,0,0,0,0.75,69.99
B07R69VMXS,8,4.25,15,1,0.125,0.125,0.125,0,0.125,0,0.75,21.98
B07R6P7R33,2,4.5,3,1,0.5,0.5,0,0,0,0.5,0.5,
B07R6TW26G,2,5,0,1,0,0,0,0,0,0,1,24.95
B07R8W8J2C,3,3.666666667,17,1,0,0,0.333333333,0,0,0,0.666666667,11.99
B07R9WNBRR,7,2.571428571,1,1,0.142857143,0.285714286,0.571428571,0,0,0.142857143,0.285714286,35.95
B07RBPBWXP,8,4.625,11,0.875,0,0,0,0.125,0,0,0.875,
B07RBTWJ2F,6,5,0,1,0,0,0,0,0,0,1,
B07RBXZD5N,2,5,1,1,0,0,0,0,0,0,1,29.9
B07RC2298B,5,4.2,0,1,0,0,0.2,0,0,0,0.8,30.99
B07RCMB9ZG,7,3.428571429,5,1,0.142857143,0.571428571,0.285714286,0,0.142857143,0.142857143,0.428571429,
B07RCXZ23R,3,5,0,1,0,0,0,0,0,0,1,7.99
B07RDQLKWQ,14,3.071428571,3,1,0.214285714,0.214285714,0.285714286,0.071428571,0.285714286,0,0.357142857,10.97
B07RFSYHF6,3,3.333333333,0,1,0,0,0.333333333,0,0,0.333333333,0.333333333,
B07RG6R5J5,22,4.727272727,13,1,0.045454545,0.136363636,0.045454545,0,0,0.090909091,0.863636364,23.49
B07RGHTCMH,7,4.857142857,0,1,0,0,0,0,0,0.142857143,0.857142857,
B07RGS5MHK,10,4.8,4,1,0,0,0,0,0,0.2,0.8,58.99
B07RGTSVDN,4,3.75,0,1,0,0,0.25,0,0,0.25,0.5,15.47
B07RH7KHVM,7,1.428571429,11,1,0,0,0.714285714,0.142857143,0.142857143,0,0,
B07RH9ML71,19,3.789473684,14,1,0.052631579,0.052631579,0.210526316,0.052631579,0,0.210526316,0.526315789,28.26
B07RHCV3WR,2,4.5,0,1,0,0,0,0,0,0.5,0.5,7.99
B07RHLPJ7X,8,4.125,0,1,0.125,0.125,0.125,0,0.125,0.125,0.625,
B07RHRXPSF,8,4.625,0,1,0,0,0,0.125,0,0,0.875,23.95
B07RHYHS9Y,82,4.231707317,174,1,0.048780488,0.097560976,0.109756098,0.036585366,0.06097561,0.097560976,0.695121951,21.98
B07RJDXWR5,28,4.714285714,55,1,0.071428571,0.107142857,0.035714286,0,0,0.142857143,0.821428571,27.99
B07RJKDKMD,7,4.714285714,1,1,0,0,0,0,0,0.285714286,0.714285714,10.95
B07RJKT7WB,12,3.5,2,1,0,0,0.166666667,0.166666667,0.083333333,0.166666667,0.416666667,21.95
B07RJWVTVR,6,2.5,3,1,0,0,0.5,0.166666667,0,0,0.333333333,9.99
B07RK588Q6,2,5,0,1,0,0,0,0,0,0,1,29.79
B07RKKHZPC,7,4.285714286,2,1,0,0,0.142857143,0,0,0.142857143,0.714285714,12.95
B07RKT9ZN2,8,4.375,0,1,0,0,0.125,0,0,0.125,0.75,10.99
B07RKZBNGX,3,3.666666667,0,1,0,0,0.333333333,0,0,0,0.666666667,23.99
B07RLPWYBW,4,4.25,1,1,0,0,0,0,0.25,0.25,0.5,
B07RLWTLPH,3,5,0,1,0,0,0,0,0,0,1,19.95
B07RMTXV4R,3,5,0,1,0,0,0,0,0,0,1,7.94
B07RMXTX9R,2,4.5,2,1,0,0,0,0,0,0.5,0.5,6.99
B07RNJY499,1003,4.036889332,256,0.986041874,0.01894317,0.026919242,0.118644068,0.0777667,0.06779661,0.119641077,0.616151545,
B07RNQV8NQ,61,3.606557377,29,1,0.032786885,0.049180328,0.245901639,0.081967213,0.032786885,0.098360656,0.540983607,10.99
B07RP5CW35,13,3.923076923,0,1,0,0,0.153846154,0.076923077,0.076923077,0.076923077,0.615384615,22.77
B07RPNWQ89,17,4.235294118,2,1,0,0,0.058823529,0.058823529,0.117647059,0.117647059,0.647058824,11.99
B07RR8HK8B,8,4,2,1,0,0,0.125,0,0.125,0.25,0.5,14.99
B07RS2GRG9,4,4.5,2,1,0.25,0.75,0,0,0.25,0,0.75,
B07RS9Q8F7,10,2.7,14,1,0.2,0.3,0.3,0.2,0.2,0.1,0.2,18.27
B07RT4TTW2,12,4.166666667,3,1,0,0,0.083333333,0,0.166666667,0.166666667,0.583333333,9.77
B07RT76PF8,4,4.5,0,1,0,0,0,0,0,0.5,0.5,17
B07RTLDPW4,8,4.75,0,1,0,0,0,0,0.125,0,0.875,12.42
B07RTSZP3Q,5,4.4,5,1,0,0,0,0.2,0,0,0.8,32.46
B07RV4GZ1M,5,4.8,0,1,0,0,0,0,0,0.2,0.8,18.99
B07RV9PJNZ,5,2,4,1,0,0,0.4,0.4,0,0.2,0,
B07RVB2XL7,1,4,0,1,0,0,0,0,0,1,0,
B07RWDTY7T,15,2.666666667,0,1,0,0,0.533333333,0,0.066666667,0.066666667,0.333333333,49.95
B07RXJ4P6H,4,4.75,1,1,0,0,0,0,0,0.25,0.75,7.99
B07RZ4MGXR,240,4.6625,65,0.975,0.016666667,0.020833333,0.025,0.0125,0.05,0.1,0.8125,17.99
B07RZ6KY6V,4,1.25,10,0.75,0,0,0.75,0.25,0,0,0,35.99
B07RZBNHGR,3,5,0,1,0,0,0,0,0,0,1,10.95
B07RZJ282S,10,4.7,0,1,0,0,0,0.1,0,0,0.9,9.99
B07RZV1F7B,27,4.037037037,14,1,0.074074074,0.074074074,0.074074074,0.148148148,0.074074074,0.074074074,0.62962963,12.99
B07RZWJHFF,5,5,0,1,0,0,0,0,0,0,1,
B07RZX273V,6,4.5,0,1,0,0,0,0.166666667,0,0,0.833333333,16.97
B07S1BK91C,7,4.428571429,0,1,0,0,0.142857143,0,0,0,0.857142857,7.49
B07S1F9TKX,9,4,3,1,0.111111111,0.111111111,0.111111111,0.111111111,0.111111111,0,0.666666667,
B07S1ZT1SX,16,4.1875,0,1,0,0,0.0625,0,0.1875,0.1875,0.5625,
B07S25C9YQ,6,3,1,1,0,0,0.5,0,0,0,0.5,7.99
B07S2TMC1G,1,1,0,1,0,0,1,0,0,0,0,36.99
B07S2Y4D17,4,4.25,1,1,0,0,0,0,0.25,0.25,0.5,13.39
B07S32QJNS,2,5,0,1,0,0,0,0,0,0,1,14.77
B07S37QXP8,4,4,0,1,0,0,0.25,0,0,0,0.75,19.95
B07S37XGX2,7,4.571428571,5,1,0,0,0,0,0.142857143,0.142857143,0.714285714,9.49
B07S388MQP,14,3.357142857,39,0.785714286,0,0,0.214285714,0.071428571,0.214285714,0.142857143,0.357142857,
B07S42ZJMK,4,1.75,0,1,0,0,0.5,0.25,0.25,0,0,7.95
B07S4778LZ,11,2.636363636,4,1,0,0,0.545454545,0,0,0.181818182,0.272727273,
B07S4HH4KB,19,3.947368421,9,0.947368421,0,0,0.263157895,0,0,0,0.736842105,26.99
B07S5G2DQN,7,4.857142857,15,1,0,0,0,0,0,0.142857143,0.857142857,10.78
B07S6M9BD9,18,4,88,0.888888889,0.055555556,0.055555556,0.111111111,0.111111111,0,0.222222222,0.555555556,97.99
B07S7RVVC9,3,4.333333333,5,1,0,0,0,0,0.333333333,0,0.666666667,16.99
B07S8DQGY2,5,4.8,9,1,0,0,0,0,0,0.2,0.8,24.95
B07S9JYMMS,2,3,0,1,0,0,0.5,0,0,0,0.5,
B07S9XLCMM,3,4.666666667,0,1,0,0,0,0,0,0.333333333,0.666666667,
B07SB2DNHS,10,4.2,81,1,0.2,0.5,0.1,0.1,0,0.1,0.7,51.5
B07SBVF58H,1,5,0,1,0,0,0,0,0,0,1,18.69
B07SC8Y7TZ,3,3.333333333,0,1,0.333333333,0.666666667,0.333333333,0,0,0.333333333,0.333333333,14.99
B07SC99S1H,5,3.6,0,1,0,0,0.2,0,0.2,0.2,0.4,
B07SCZCH8P,1,1,0,1,0,0,1,0,0,0,0,
B07SD2569D,3,4.666666667,0,1,0,0,0,0,0,0.333333333,0.666666667,14.39
B07SD378KV,2,5,0,1,0,0,0,0,0,0,1,
B07SF4Y6D9,21,4.047619048,42,1,0.095238095,0.142857143,0.095238095,0.095238095,0.095238095,0.095238095,0.619047619,12.99
B07SFJCG64,9,5,11,1,0,0,0,0,0,0,1,
B07SGLCN3F,6,4.666666667,3,1,0,0,0,0,0,0.333333333,0.666666667,29.99
B07SGYV8PK,8,4.125,0,0.875,0,0,0.125,0,0.125,0.125,0.625,23.99
B07SHFKCR7,26,4.307692308,8,1,0.115384615,0.269230769,0.076923077,0.038461538,0.076923077,0.115384615,0.692307692,7.99
B07SHKBXP5,38,2.921052632,100,0.947368421,0.052631579,0.078947368,0.368421053,0.078947368,0.157894737,0.052631579,0.342105263,10.99
B07SHPNX8N,10,4.4,1,1,0.1,0.1,0.1,0,0.1,0,0.8,
B07SJRHC6P,11,3.545454545,11,1,0,0,0.181818182,0.090909091,0.181818182,0.090909091,0.454545455,
B07SK13698,9,4.111111111,5,1,0,0,0,0.111111111,0.222222222,0.111111111,0.555555556,14.99
B07SKTNJ9S,28,4.071428571,14,1,0,0,0.142857143,0,0.107142857,0.142857143,0.607142857,189.99
B07SM6CWSL,11,3.727272727,6,1,0,0,0.181818182,0.090909091,0.090909091,0.090909091,0.545454545,
B07SMN2C5S,8,4.875,9,1,0.125,0.375,0,0,0,0.125,0.875,16.99
B07SMRM9JW,14,3.785714286,2,1,0.071428571,0.142857143,0.142857143,0.071428571,0.214285714,0,0.571428571,31.79
B07SMSX2SY,6,4.333333333,28,1,0,0,0,0.166666667,0,0.166666667,0.666666667,12.88
B07SN41HLV,15,3.6,3,1,0.066666667,0.066666667,0.266666667,0,0.133333333,0.066666667,0.533333333,7.37
B07SNBCC4L,8,4.75,3,1,0,0,0,0,0,0.25,0.75,14.09
B07SPLBDKY,21,4.761904762,47,1,0,0,0.047619048,0,0,0.047619048,0.904761905,12.99
B07SPYWGNS,2,3,2,1,0,0,0,0,1,0,0,119.99
B07SQ8KGRQ,27,3.888888889,21,1,0.111111111,0.111111111,0.111111111,0.074074074,0.148148148,0.148148148,0.518518519,23.77
B07SQPCTV7,3,3,0,1,0,0,0.333333333,0,0.333333333,0,0.333333333,
B07SRKC83C,3,4.666666667,0,1,0,0,0,0,0,0.333333333,0.666666667,29.99
B07SRRTQ24,6,3.5,1,1,0.166666667,0.166666667,0,0.5,0,0,0.5,12.49
B07SRVXTS7,5,3.4,0,1,0,0,0,0.2,0.4,0.2,0.2,21.45
B07SSKGS39,5,4.2,1,1,0,0,0.2,0,0,0,0.8,45.87
B07SVCR8K4,3,4.333333333,0,1,0.333333333,0.333333333,0,0,0,0.666666667,0.333333333,
B07SVNYN8M,6,4.833333333,0,1,0.166666667,0.333333333,0,0,0,0.166666667,0.833333333,8.9
B07SVXPYR7,16,4.375,0,1,0.0625,0.125,0.0625,0,0.0625,0.25,0.625,
B07SXTHB93,3,4.333333333,0,1,0,0,0,0,0.333333333,0,0.666666667,
B07SXV4YRT,21,4.19047619,3,1,0.047619048,0.047619048,0.047619048,0.142857143,0.047619048,0.095238095,0.666666667,15.5
B07SZ79SBW,4,3.75,6,1,0,0,0,0.25,0.25,0,0.5,12.97
B07SZ9W1LW,1,2,0,1,0,0,0,1,0,0,0,
B07SZFRZ92,6,4.666666667,2,1,0.166666667,0.166666667,0,0,0,0.333333333,0.666666667,14.99
B07T192RPC,8,4.5,4,1,0.125,0.375,0.125,0,0,0,0.875,25.91
B07T3YWNH3,7,2.428571429,1,1,0.285714286,0.285714286,0.142857143,0.571428571,0.142857143,0,0.142857143,9.99
B07T4HRNWN,3,5,0,1,0,0,0,0,0,0,1,
B07T4KKLKH,1,5,0,1,0,0,0,0,0,0,1,
B07T5MJCC9,1,5,0,1,0,0,0,0,0,0,1,29.95
B07T5XT6YR,3,4,0,1,0,0,0,0.333333333,0,0,0.666666667,
B07T6LPB2W,5,4,11,1,0.2,0.2,0,0.2,0.2,0,0.6,
B07T75L88B,17,4.235294118,21,1,0.117647059,0.117647059,0.058823529,0,0.176470588,0.176470588,0.588235294,27.41
B07T7MR9RM,26,3.423076923,14,0.884615385,0.038461538,0.076923077,0.153846154,0.153846154,0.192307692,0.115384615,0.384615385,13.57
B07T85X5PV,10,4.2,1,1,0,0,0.1,0,0.2,0,0.7,85.95
B07T8G8G5S,7,1.714285714,1,1,0.142857143,0.142857143,0.714285714,0.142857143,0,0,0.142857143,
B07T93CHKJ,7,4.142857143,19,1,0,0,0,0.142857143,0.142857143,0.142857143,0.571428571,219
B07TBM9GSB,4,5,1,1,0,0,0,0,0,0,1,34.99
B07TCGQCNR,3,3.666666667,0,1,0,0,0.333333333,0,0,0,0.666666667,
B07TCJ1DS3,4,4.75,3,1,0,0,0,0,0,0.25,0.75,18.99
B07TCZMC68,4,2.25,0,1,0.25,0.25,0.5,0.25,0,0,0.25,9.89
B07TD495V9,3,5,0,1,0,0,0,0,0,0,1,
B07TDHPL6D,3,3.666666667,0,1,0,0,0,0.333333333,0,0.333333333,0.333333333,8.77
B07TF7PSLL,12,4.166666667,0,1,0,0,0.166666667,0,0,0.166666667,0.666666667,13.97
B07TG72N2K,4,4,0,1,0,0,0,0.25,0,0.25,0.5,21.99
B07THC8PMM,17,3.352941176,17,1,0.058823529,0.058823529,0.352941176,0.058823529,0,0.058823529,0.529411765,
B07TK5YPZW,4,4.75,0,1,0,0,0,0,0,0.25,0.75,14.91
B07TK664PX,4,2.5,1,1,0,0,0.25,0,0.75,0,0,
B07TKGJMJT,12,1.916666667,8,0.75,0,0,0.5,0.333333333,0,0.083333333,0.083333333,
B07TLBTXGW,4,4.5,0,1,0,0,0,0,0.25,0,0.75,14.88
B07TLG4MZ2,2,5,0,1,0,0,0,0,0,0,1,26.99
B07TLHLTZ2,3,4,0,1,0,0,0,0.333333333,0,0,0.666666667,
B07TM5FCSD,20,2.75,62,0.9,0.25,0.5,0.4,0.05,0.2,0.1,0.25,
B07TNH5WM4,8,2.875,2,1,0.125,0.125,0.25,0.25,0.125,0.125,0.25,26.47
B07TNP39M7,3,4.666666667,0,1,0,0,0,0,0,0.333333333,0.666666667,
B07TNQCMBQ,7,4.428571429,5,1,0.142857143,0.142857143,0,0.142857143,0,0.142857143,0.714285714,34.34
B07TNZBXKL,12,4.416666667,1,1,0,0,0.083333333,0,0,0.25,0.666666667,64.87
B07TP267QR,21,4.095238095,3,0.952380952,0.142857143,0.333333333,0.095238095,0.047619048,0.047619048,0.285714286,0.523809524,16.87
B07TP6LVSC,12,2.75,3,1,0.083333333,0.166666667,0.416666667,0.083333333,0.166666667,0,0.333333333,52.88
B07TQ5LSV5,3,5,2,1,0,0,0,0,0,0,1,
B07TQ7R31S,5,5,0,1,0,0,0,0,0,0,1,19.99
B07TS387QY,4,1.25,3,1,0,0,0.75,0.25,0,0,0,7.99
B07TSG8F98,7,2.857142857,0,1,0.428571429,0.571428571,0.428571429,0.142857143,0,0,0.428571429,15.95
B07TSYG1K9,4,2.75,0,1,0,0,0.25,0.25,0,0.5,0,18.99
B07TT21PJ4,147,3.863945578,77,0.993197279,0.034013605,0.047619048,0.163265306,0.102040816,0.054421769,0.068027211,0.612244898,39.99
B07TT7C7J8,3,2,0,1,0,0,0.666666667,0,0,0.333333333,0,
B07TTTWQ5H,1,2,0,1,0,0,0,1,0,0,0,29.99
B07TVQ8758,4,3,1,1,0.25,0.25,0.5,0,0,0,0.5,8.69
B07TVQF65C,3,4,0,1,0,0,0,0.333333333,0,0,0.666666667,11.99
B07TVV85NC,1,5,0,1,0,0,0,0,0,0,1,
B07TW2HWTB,45,4.844444444,1,0.933333333,0,0,0,0,0.044444444,0.066666667,0.888888889,15.96
B07TWJGNH1,5,3.4,11,1,0,0,0.4,0,0,0,0.6,
B07TXRQQKZ,2,5,2,1,0.5,1,0,0,0,0,1,7.88
B07TYB4R6M,3,3.666666667,1,1,0.333333333,0.333333333,0.333333333,0,0,0,0.666666667,
B07TZCBLZ1,4,2.75,2,1,0.5,0.75,0.5,0,0,0.25,0.25,
B07V27F827,5,3.4,6,1,0,0,0.4,0,0,0,0.6,16.99
B07V2FPQ24,6,2.833333333,1,1,0.166666667,0.5,0.333333333,0.166666667,0.166666667,0,0.333333333,23.89
B07V2JRKTF,10,5,0,1,0.2,0.2,0,0,0,0,1,14.1
B07V2XZQKX,2,5,0,1,0,0,0,0,0,0,1,37.8
B07V329KWB,8,3.5,5,1,0.125,0.25,0.25,0,0.25,0,0.5,23.19
B07V33VC28,11,4.818181818,1,1,0.090909091,0.090909091,0,0,0.090909091,0,0.909090909,8.88
B07V34KCJ6,2,5,1,1,0,0,0,0,0,0,1,9.99
B07V36DNRG,3,3.333333333,0,1,0,0,0.333333333,0,0,0.333333333,0.333333333,10.99
B07V3765S6,34,3.323529412,9,1,0.088235294,0.088235294,0.264705882,0.176470588,0,0.088235294,0.470588235,23.99
B07V39SQ6J,1,1,2,1,0,0,1,0,0,0,0,13.99
B07V3NJBPM,4,5,3,0.75,0,0,0,0,0,0,1,
B07V45LJQ5,3,5,1,1,0,0,0,0,0,0,1,29.97
B07V4T578S,4,2.5,0,1,0,0,0,0.5,0.5,0,0,
B07V579SPB,28,4,2,1,0.107142857,0.107142857,0.107142857,0.035714286,0.142857143,0.178571429,0.535714286,26.45
B07V5QJLNZ,3,5,0,1,0,0,0,0,0,0,1,
B07V5QPRFL,9,4.333333333,9,1,0,0,0.111111111,0,0.111111111,0,0.777777778,27.99
B07V5RDKQL,3,4.666666667,0,1,0,0,0,0,0,0.333333333,0.666666667,124.14
B07V5X6JS5,3,5,0,1,0,0,0,0,0,0,1,11.95
B07V5X6RF8,2,1,0,1,0,0,1,0,0,0,0,9.95
B07V5Y8375,9,4.444444444,5,0.888888889,0.111111111,0.222222222,0,0,0.222222222,0.111111111,0.666666667,14.95
B07V712CBJ,1,5,0,1,0,0,0,0,0,0,1,19.95
B07V7CP23L,7,4.714285714,0,1,0,0,0,0,0.142857143,0,0.857142857,6.27
B07V7FFM9W,4,2.25,1,1,0.25,0.5,0.5,0.25,0,0,0.25,
B07V9PLKZY,18,3.777777778,9,1,0.111111111,0.111111111,0.222222222,0.111111111,0,0,0.666666667,37.98
B07VB141SL,11,4.363636364,4,1,0,0,0.090909091,0,0.090909091,0.090909091,0.727272727,8.99
B07VBCD1SC,14,4,1,0.928571429,0,0,0.142857143,0.071428571,0.071428571,0.071428571,0.642857143,29.99
B07VCJJGND,6,4.333333333,1,1,0,0,0.166666667,0,0,0,0.833333333,6.99
B07VDX3W4J,8,3.75,0,1,0.125,0.125,0,0.125,0.25,0.375,0.25,20.99
B07VF48T4Y,1,5,0,1,0,0,0,0,0,0,1,209.35
B07VF49NKF,5,1.8,6,1,0,0,0.8,0,0,0,0.2,
B07VFG2G6R,5,5,0,1,0,0,0,0,0,0,1,6.59
B07VFQ438P,34,4.264705882,15,0.970588235,0.058823529,0.088235294,0.058823529,0.029411765,0.147058824,0.117647059,0.647058824,11.97
B07VFVNXJ5,2,3,1,1,0,0,0,0,1,0,0,15.89
B07VGCSGTZ,9,4.222222222,2,1,0,0,0.111111111,0,0,0.333333333,0.555555556,27.5
B07VGD8Z5Z,15,4.8,1,1,0,0,0,0,0.066666667,0.066666667,0.866666667,29.99
B07VGKB924,7,4.285714286,4,1,0.142857143,0.142857143,0,0.142857143,0.142857143,0,0.714285714,13.99
B07VGM5MWF,4,3.5,1,1,0,0,0.25,0,0,0.5,0.25,42.91
B07VHBDMXP,1,1,1,1,0,0,1,0,0,0,0,
B07VHF7KQB,11,4.636363636,3,1,0,0,0.090909091,0,0,0,0.909090909,9.21
B07VHFM3YP,2,5,0,1,0,0,0,0,0,0,1,11.47
B07VHZYDSR,7,4.285714286,2,1,0,0,0.142857143,0,0,0.142857143,0.714285714,51.99
B07VJFT681,2,5,0,1,0,0,0,0,0,0,1,9.95
B07VK6LDZT,1,5,0,1,0,0,0,0,0,0,1,15.99
B07VK72PTM,2,5,0,1,0,0,0,0,0,0,1,6.95
B07VLBXVR9,3,4.666666667,1,1,0,0,0,0,0,0.333333333,0.666666667,8.5
B07VMC18P6,2,3,0,1,0,0,0.5,0,0,0,0.5,54.99
B07VN1VDFB,2,5,0,1,0,0,0,0,0,0,1,10.97
B07VN8K9WC,1,5,0,1,0,0,0,0,0,0,1,
B07VNH92R3,5,3.6,3,1,0,0,0.2,0,0.2,0.2,0.4,9.39
B07VNPD4V9,50,3.98,1,1,0.04,0.04,0.16,0.04,0.08,0.1,0.62,17.32
B07VNPVCDM,6,4.166666667,2,1,0.166666667,0.166666667,0,0.166666667,0,0.333333333,0.5,8.99
B07VP8XSHQ,7,4.714285714,6,1,0,0,0,0,0.142857143,0,0.857142857,58.21
B07VPSFKGM,8,3.75,2,1,0.125,0.125,0.25,0,0.125,0,0.625,
B07VQ184GS,3,4.666666667,1,1,0,0,0,0,0,0.333333333,0.666666667,18.99
B07VQYL3W3,15,5,1,1,0,0,0,0,0,0,1,7.99
B07VRDN8B9,23,4.695652174,169,0.956521739,0.130434783,0.130434783,0.043478261,0,0,0.130434783,0.826086957,
B07VRTN6JX,28,4.178571429,10,1,0,0,0.142857143,0.035714286,0.035714286,0.071428571,0.714285714,18.42
B07VRVTTT9,7,4.285714286,4,1,0,0,0.142857143,0,0,0.142857143,0.714285714,33.99
B07VSPS7YN,7,4.428571429,15,1,0,0,0.142857143,0,0,0,0.857142857,31.99
B07VT2QT7G,5,4.2,0,1,0,0,0.2,0,0,0,0.8,29.99
B07VTPCH63,2,5,0,1,0,0,0,0,0,0,1,
B07VTPN6LS,2,1,2,1,0,0,1,0,0,0,0,
B07VTPNNLF,4,2.75,0,1,0,0,0.5,0,0,0.25,0.25,
B07VV4B4VJ,4,3,0,1,0,0,0.5,0,0,0,0.5,14.25
B07VV4SDV1,1,5,0,1,1,1,0,0,0,0,1,
B07VVMK4Z1,7,3.857142857,0,1,0,0,0.142857143,0.142857143,0,0.142857143,0.571428571,26.99
B07VWBFRPH,36,3.944444444,4,1,0,0,0.166666667,0,0.166666667,0.055555556,0.611111111,7.77
B07VWBKZ2W,2,5,0,1,0,0,0,0,0,0,1,21.99
B07VWGBR75,1,4,0,1,0,0,0,0,0,1,0,15.99
B07VWM1XPJ,2,3.5,2,1,0,0,0,0.5,0,0,0.5,19.99
B07VWQPPZT,6,4.333333333,18,1,0,0,0,0.166666667,0,0.166666667,0.666666667,
B07VWXPRVS,8,3.875,12,1,0.125,0.125,0.25,0,0,0.125,0.625,59.99
B07VXCWLWR,5,5,0,1,0,0,0,0,0,0,1,
B07VXLVHGL,96,3.489583333,193,0.947916667,0.03125,0.072916667,0.229166667,0.083333333,0.104166667,0.135416667,0.447916667,119.99
B07VYLGJWB,11,4.909090909,0,1,0,0,0,0,0,0.090909091,0.909090909,11.88
B07VYNWVM9,4,4.5,0,1,0,0,0,0,0.25,0,0.75,8.99
B07VZV2WTH,2,5,0,1,0,0,0,0,0,0,1,14.89
B07VZVN3JN,6,4.833333333,0,1,0.166666667,0.333333333,0,0,0,0.166666667,0.833333333,11.99
B07W1P4DS2,11,2.909090909,4,1,0.090909091,0.181818182,0.454545455,0,0.090909091,0.090909091,0.363636364,19.99
B07W4Y612T,6,3.333333333,2,1,0,0,0.333333333,0,0.166666667,0,0.5,33.99
B07W56HTJP,2,5,0,1,0,0,0,0,0,0,1,13.99
B07W5NMBDD,4,5,0,1,0,0,0,0,0,0,1,
B07W5WJYFZ,4,1.75,0,0.75,0,0,0.25,0.75,0,0,0,8.99
B07W5Z5X8Y,2,5,1,1,0.5,1,0,0,0,0,1,23.99
B07W7KWB6P,10,4.7,1,1,0,0,0,0,0,0.3,0.7,19.49
B07W7ML4PP,2,4,0,1,0,0,0,0,0.5,0,0.5,69.79
B07W7RNRMW,7,3.571428571,0,1,0,0,0.285714286,0,0,0.285714286,0.428571429,19.77
B07W8LQQCQ,5,3.4,1,1,0,0,0.4,0,0,0,0.6,9.77
B07W97BQJS,4,3.75,53,1,0,0,0.25,0,0,0.25,0.5,
B07WBZ8TTB,14,4.071428571,5,1,0,0,0.142857143,0.071428571,0,0.142857143,0.642857143,10.99
B07WC1XNZP,8,4.375,2,1,0,0,0.125,0,0,0.125,0.75,29.99
B07WC5M1XX,3,2,2,1,0,0,0.666666667,0,0,0.333333333,0,399
B07WDH7QLF,7,2.857142857,17,1,0.142857143,0.142857143,0.285714286,0.142857143,0.285714286,0,0.285714286,
B07WDHQ44G,1,5,0,1,0,0,0,0,0,0,1,27.47
B07WFB5YSD,6,2.333333333,6,1,0,0,0.5,0.166666667,0,0.166666667,0.166666667,99.99
B07WFFXFZB,40,4.425,89,0.95,0.025,0.1,0.05,0.05,0.05,0.125,0.725,149
B07WFHTD82,6,4.5,4,1,0,0,0,0,0.166666667,0.166666667,0.666666667,22.99
B07WFN7KVT,1,2,0,1,1,1,0,1,0,0,0,23.19
B07WHP9TR1,3,4,0,1,0.333333333,0.333333333,0,0.333333333,0,0,0.666666667,21.98
B07WKHCHKP,1,3,0,1,0,0,0,0,1,0,0,26.47
B07WL89ZND,1,1,0,1,1,1,1,0,0,0,0,
B07WLD3SQM,10,3.8,5,1,0.3,0.5,0.1,0.1,0.2,0.1,0.5,
B07WLDGXM8,40,3.625,10,1,0.025,0.075,0.2,0.075,0.15,0.05,0.525,39.95
B07WLV1DQ9,15,4,22,1,0.133333333,0.2,0.066666667,0.066666667,0.2,0.133333333,0.533333333,199.99
B07WLZLXXQ,8,3.25,3,1,0,0,0.125,0.125,0.375,0.125,0.25,23.99
B07WMSV53H,2,1,0,1,0.5,1,1,0,0,0,0,15.99
B07WMTZCBF,1,4,1,1,0,0,0,0,0,1,0,24
B07WN37DKT,3,3.333333333,3,1,0,0,0,0.333333333,0.333333333,0,0.333333333,20.91
B07WNHJZG3,3,4.333333333,10,1,0,0,0,0,0,0.666666667,0.333333333,
B07WNQ6ZCB,33,3.878787879,86,0.818181818,0.090909091,0.212121212,0.151515152,0.060606061,0.03030303,0.272727273,0.484848485,
B07WQF3T67,4,3.5,1,1,0,0,0,0.25,0.25,0.25,0.25,
B07WQVSSFL,5,4.4,0,1,0,0,0,0.2,0,0,0.8,10.99
B07WRSS8VY,5,4,31,0.8,0,0,0,0,0.4,0.2,0.4,
B07WSRL9DZ,6,2.666666667,0,1,0,0,0.5,0,0.166666667,0,0.333333333,9.99
B07WSSTD64,4,2.25,0,1,0.25,0.5,0.5,0.25,0,0,0.25,7.69
B07WTXWC32,741,4.396761134,153,0.986504723,0.074224022,0.106612686,0.060728745,0.045883941,0.060728745,0.101214575,0.731443995,11.95
B07WV9XX94,9,4.555555556,6,1,0,0,0.111111111,0,0,0,0.888888889,18.98
B07WVNVLWY,16,3.0625,2,1,0.0625,0.125,0.25,0.1875,0.1875,0,0.375,
B07WVT22CZ,70,4.214285714,98,1,0.014285714,0.028571429,0.1,0.057142857,0.057142857,0.1,0.685714286,31.99
B07WWLDWMP,22,3.772727273,39,1,0.090909091,0.136363636,0.090909091,0.090909091,0.181818182,0.227272727,0.409090909,15.99
B07WXL69LX,3,3.666666667,0,1,0,0,0.333333333,0,0,0,0.666666667,
B07WYJ7W6B,7,4.857142857,0,1,0,0,0,0,0,0.142857143,0.857142857,26.82
B07X11YVFD,3,3.666666667,0,1,0,0,0.333333333,0,0,0,0.666666667,12.97
B07X1BF61F,4,5,2,1,0,0,0,0,0,0,1,24.57
B07X25W7CS,3,4.666666667,0,1,0,0,0,0,0,0.333333333,0.666666667,7.99
B07X2LCTTT,2,5,1,1,0,0,0,0,0,0,1,19.31
B07X2W3HBS,7,4.571428571,0,1,0,0,0,0.142857143,0,0,0.857142857,13.99
B07X35HNDY,3,4.333333333,1,1,0,0,0,0,0.333333333,0,0.666666667,9.97
B07X3C8GMC,7,3.142857143,4,1,0.142857143,0.142857143,0.285714286,0.142857143,0.142857143,0,0.428571429,8.99
B07X3GJVYL,9,3,7,1,0,0,0.444444444,0,0,0.222222222,0.333333333,12.99
B07X4CBPZ2,8,2.25,4,1,0.125,0.5,0.5,0.25,0,0,0.25,27.59
B07X4YYJG2,1,5,0,1,0,0,0,0,0,0,1,
B07X5GTF2S,4,4.75,0,1,0,0,0,0,0,0.25,0.75,11.99
B07X7LBRW7,16,3.8125,8,0.875,0.0625,0.25,0.25,0,0.0625,0.0625,0.625,15.99
B07X8SNNQ9,2,3.5,0,1,0,0,0,0.5,0,0,0.5,9.99
B07X9RSLLC,3,3.333333333,1,1,0,0,0.333333333,0,0,0.333333333,0.333333333,
B07XBXZP2H,29,4.103448276,9,0.965517241,0.103448276,0.172413793,0.206896552,0,0,0.068965517,0.724137931,
B07XBZ18GY,10,3.7,10,1,0,0,0.2,0.1,0.1,0,0.6,56.47
B07XC4T5VP,45,4.755555556,17,1,0.022222222,0.022222222,0,0.044444444,0.022222222,0.066666667,0.866666667,13.95
B07XCVW2DQ,2,5,0,1,0,0,0,0,0,0,1,
B07XCWJ3WH,4,5,0,1,0,0,0,0,0,0,1,39.49
B07XFD824C,2,3.5,0,1,0,0,0,0.5,0,0,0.5,22.99
B07XG8QQL5,26,3.653846154,2,1,0.076923077,0.076923077,0.269230769,0.038461538,0.038461538,0.076923077,0.576923077,26.57
B07XGQ7Q53,9,2.555555556,19,0.888888889,0.111111111,0.222222222,0.444444444,0.111111111,0.111111111,0.111111111,0.222222222,42.99
B07XGQTXLD,6,4,0,1,0,0,0,0.166666667,0.166666667,0.166666667,0.5,
B07XGZZQGH,5,4,0,1,0.4,0.6,0.2,0,0,0.2,0.6,16.99
B07XJ11D8Z,3,4.666666667,0,1,0,0,0,0,0,0.333333333,0.666666667,
B07XJHCYY5,5,3.6,3,1,0,0,0.2,0.2,0,0,0.6,19.87
B07XJJ9WDP,2,5,0,1,0,0,0,0,0,0,1,20.37
B07XKGZ2HJ,3,5,0,1,0,0,0,0,0,0,1,19.59
B07XKJRP4G,1,2,0,1,0,0,0,1,0,0,0,25.95
B07XL39SVR,11,3.909090909,12,1,0.363636364,0.454545455,0.090909091,0.181818182,0,0.181818182,0.545454545,17.99
B07XL6D2NL,17,3.588235294,13,1,0,0,0.352941176,0,0,0,0.647058824,159.99
B07XLKHCCX,3,2.666666667,1,1,0,0,0.333333333,0.333333333,0,0,0.333333333,
B07XLQYTFS,3,5,0,1,0,0,0,0,0,0,1,
B07XM593ZV,14,4.357142857,2,1,0,0,0.071428571,0.071428571,0,0.142857143,0.714285714,12.96
B07XNPL2RW,1,5,0,1,0,0,0,0,0,0,1,7.99
B07XPTSLGW,5,4.8,4,1,0.2,0.2,0,0,0,0.2,0.8,31.39
B07XQ5WWHC,2,4.5,0,1,0,0,0,0,0,0.5,0.5,79.59
B07XRS6DTH,6,2,23,1,0.333333333,0.666666667,0.666666667,0,0,0.333333333,0,49.99
B07XS8DVPT,51,3.647058824,28,0.960784314,0.019607843,0.019607843,0.196078431,0.098039216,0.137254902,0,0.568627451,
B07XT8PB2T,6,4.333333333,0,1,0,0,0,0,0.166666667,0.333333333,0.5,27.39
B07XTBTKDJ,10,4.3,1,1,0,0,0.1,0.1,0,0,0.8,26.77
B07XTDMYS9,8,3.75,1,1,0,0,0,0.125,0.25,0.375,0.25,35.99
B07XTNMCN6,8,5,13,1,0.125,0.125,0,0,0,0,1,26.49
B07XVTY8ND,3,4,0,1,0,0,0,0.333333333,0,0,0.666666667,34.99
B07XXLLPN6,7,4.428571429,1,1,0,0,0.142857143,0,0,0,0.857142857,5.99
B07XXMWQXB,7,4.857142857,0,1,0.142857143,0.142857143,0,0,0,0.142857143,0.857142857,
B07XXNJWL7,3,5,0,1,0,0,0,0,0,0,1,
B07XXPS93S,4,3,0,1,0,0,0.5,0,0,0,0.5,19.99
B07XXSXFFC,9,3.888888889,1,1,0,0,0.222222222,0,0.111111111,0,0.666666667,17.99
B07XY177HY,4,4.75,1,1,0,0,0,0,0,0.25,0.75,9.47
B07XY9YTFW,10,3.9,2,1,0.1,0.2,0.2,0,0.1,0.1,0.6,79.99
B07XZ2FBT4,5,4.6,1,1,0,0,0,0,0,0.4,0.6,27.17
B07XZMCBSK,31,4.258064516,26,1,0.032258065,0.032258065,0.129032258,0.032258065,0,0.129032258,0.709677419,14.99
B07Y1DXXY3,4,3.5,0,1,0,0,0.25,0,0.25,0,0.5,26.99
B07Y1FLPZM,5,4,6,1,0.2,0.2,0.2,0,0,0.2,0.6,
B07Y1SVPYH,53,3.754716981,62,0.924528302,0.018867925,0.037735849,0.113207547,0.132075472,0.113207547,0.169811321,0.471698113,23.09
B07Y2FF8TY,4,4.75,3,1,0,0,0,0,0,0.25,0.75,
B07Y2G1RNP,3,3.666666667,3,1,0,0,0.333333333,0,0,0,0.666666667,21
B07Y2Z4R3G,8,3.375,3,1,0,0,0.375,0,0,0.125,0.5,32.32
B07Y36CLKX,1,2,0,1,0,0,0,1,0,0,0,
B07Y54ZJM3,10,4.4,0,1,0,0,0.1,0,0.1,0,0.8,15.24
B07Y62G2NL,1,5,0,1,0,0,0,0,0,0,1,15.89
B07Y6S2L49,6,3.666666667,12,1,0.166666667,0.166666667,0.333333333,0,0,0,0.666666667,16.99
B07Y8SPCS3,2,3,0,1,0,0,0.5,0,0,0,0.5,29.98
B07Y9Q3JQ5,20,3.45,30,0.95,0.05,0.05,0.3,0.1,0,0.05,0.55,199.99
B07Y9S7L29,41,4.268292683,32,0.951219512,0.048780488,0.12195122,0.146341463,0,0.048780488,0.048780488,0.756097561,18.99
B07YBP7HZJ,10,4.3,3,1,0,0,0,0.1,0.2,0,0.7,
B07YCDQ39L,11,3.272727273,133,1,0.090909091,0.090909091,0.272727273,0.090909091,0.090909091,0.181818182,0.363636364,
B07YCVJ9JG,1,5,0,1,0,0,0,0,0,0,1,34.95
B07YCVVTVV,40,3.8,25,1,0,0,0.175,0.1,0.025,0.15,0.55,14.99
B07YD51B5J,4,4,4,1,0,0,0.25,0,0,0,0.75,
B07YD8294N,4,2.5,0,0.75,0,0,0.25,0.5,0,0,0.25,11.95
B07YDY9ZQ3,4,5,0,1,0.25,0.25,0,0,0,0,1,
B07YFF5N69,2,4.5,0,1,0,0,0,0,0,0.5,0.5,
B07YFFVWG2,4,5,1,1,0,0,0,0,0,0,1,9.45
B07YFQJ2R2,2,4,0,0.5,0,0,0,0,0.5,0,0.5,
B07YG1KCMD,10,4.6,0,1,0,0,0,0,0.1,0.2,0.7,17.09
B07YHH41LW,1,5,0,1,0,0,0,0,0,0,1,47.78
B07YHLD8XF,21,4.857142857,4,1,0.095238095,0.095238095,0,0,0.047619048,0.047619048,0.904761905,63.99
B07YJCN2ML,13,3.769230769,14,1,0.153846154,0.384615385,0.076923077,0,0.230769231,0.461538462,0.230769231,15.99
B07YJDHV8W,12,4.75,8,0.916666667,0.166666667,0.25,0,0.083333333,0,0,0.916666667,59.99
B07YNC9HJD,4,2,2,1,0,0,0.5,0,0.5,0,0,22.87
B07YNKXHT9,8,3.875,2,1,0.125,0.25,0.25,0,0,0.125,0.625,7.47
B07YQ7YV5K,1,1,0,1,1,1,1,0,0,0,0,31.99
B07YQD7N2V,15,4.533333333,1,1,0,0,0.066666667,0,0.066666667,0.066666667,0.8,10.85
B07YR2YY5D,1,5,0,1,0,0,0,0,0,0,1,
B07YRBZYTR,2,4.5,0,1,0,0,0,0,0,0.5,0.5,
B07YRH21KV,11,3.454545455,32,1,0.181818182,0.454545455,0.181818182,0.181818182,0.090909091,0.090909091,0.454545455,24.19
B07YT3GPBM,2,5,13,1,0,0,0,0,0,0,1,890.72
B07YWH98V2,8,5,0,1,0,0,0,0,0,0,1,13.77
B07YWQZ436,3,5,5,1,0,0,0,0,0,0,1,23.99
B07YXRTY6F,53,3.056603774,9,0.981132075,0.056603774,0.075471698,0.339622642,0.094339623,0.094339623,0.113207547,0.358490566,19.99
B07YXY11SG,18,2.833333333,5,0.944444444,0,0,0.5,0.055555556,0,0,0.444444444,52
B07YXY45GN,1,4,0,1,0,0,0,0,0,1,0,
B07Z1CBHGG,1,5,0,1,0,0,0,0,0,0,1,
B07Z3513QY,3,5,0,1,0,0,0,0,0,0,1,26.99
B07Z391Q1W,2,5,1,1,0,0,0,0,0,0,1,19.99
B07Z3G9JMB,16,3.625,3,1,0.0625,0.0625,0.1875,0.0625,0.1875,0.0625,0.5,15.99
B07Z3L9SQL,4,4,0,1,0,0,0,0,0.5,0,0.5,15.99
B07Z412R7W,5,4.8,0,1,0,0,0,0,0,0.2,0.8,13.99
B07Z4NN14F,12,4.916666667,1,1,0,0,0,0,0,0.083333333,0.916666667,12.27
B07Z4T9WNW,7,3.857142857,0,1,0,0,0.142857143,0.142857143,0,0.142857143,0.571428571,11.88
B07Z67CQN6,16,3.0625,0,1,0,0,0.4375,0.0625,0,0,0.5,11.99
B07Z67ZCSD,9,4,9,0.888888889,0.222222222,0.444444444,0.111111111,0,0.222222222,0.111111111,0.555555556,37.77
B07Z6N9275,20,4.5,1,1,0,0,0.1,0,0.05,0,0.85,24.69
B07Z8H6BLP,8,4.25,4,1,0.125,1,0,0,0.375,0,0.625,19.99
B07Z91ZSYC,2,2,0,1,0,0,0,1,0,0,0,37.87
B07ZBV44YJ,4,4.75,0,1,0,0,0,0,0,0.25,0.75,9.5
B07ZCGTQBL,2,3,0,1,0,0,0.5,0,0,0,0.5,38.57
B07ZCM5639,5,3,4,0.8,0,0,0.4,0,0.2,0,0.4,
B07ZCPR3P4,4,5,5,1,0,0,0,0,0,0,1,38.77
B07ZCZK5X3,1,5,0,1,0,0,0,0,0,0,1,
B07ZFGJ67K,3,3.333333333,0,1,0,0,0.333333333,0,0,0.333333333,0.333333333,8.99
B07ZH8255T,3,4,0,1,0,0,0,0.333333333,0,0,0.666666667,16.99
B07ZJB8J46,3,3,2,1,0,0,0.333333333,0,0,0.666666667,0,19.99
B07ZKDNDS1,2,5,0,1,0,0,0,0,0,0,1,8.99
B07ZKJJLH1,5,4.8,0,1,0,0,0,0,0,0.2,0.8,18.88
B07ZKLJ4WD,3,4.333333333,0,1,0,0,0,0,0,0.666666667,0.333333333,23.99
B07ZL2VL1Q,1,5,50,0,1,1,0,0,0,0,1,
B07ZLSH28V,9,5,0,1,0,0,0,0,0,0,1,23.27
B07ZNM48TS,11,4.636363636,1,1,0,0,0,0,0.090909091,0.181818182,0.727272727,25.89
B07ZPTSL7L,6,5,1,1,0,0,0,0,0,0,1,
B07ZQ8HK6P,4,5,0,1,0,0,0,0,0,0,1,12.27
B07ZR5WXYH,25,3.8,8,0.96,0.08,0.16,0.16,0.08,0.04,0.24,0.48,35.99
B07ZS4D35X,22,4.5,0,1,0.090909091,0.227272727,0.045454545,0.090909091,0,0.045454545,0.818181818,33.68
B07ZS9F8KM,3,5,10,1,0,0,0,0,0,0,1,94.99
B07ZT569D8,1,5,1,1,0,0,0,0,0,0,1,20.99
B07ZV2NPWL,3,3.666666667,2,1,0,0,0.333333333,0,0,0,0.666666667,10.98
B07ZVDFPMW,2,5,0,1,0,0,0,0,0,0,1,27.99
B07ZVLV39J,1,5,1,1,1,1,0,0,0,0,1,
B07ZVMJKBJ,13,3.538461538,26,0.923076923,0.153846154,0.538461538,0.230769231,0.076923077,0.153846154,0,0.538461538,
B07ZWQ7W7R,2,5,0,1,0,0,0,0,0,0,1,
B07ZWZM9SS,8,2.75,1,1,0.125,0.125,0.5,0,0.125,0,0.375,
B07ZYGG924,38,3.657894737,11,1,0,0,0.184210526,0.052631579,0.184210526,0.078947368,0.5,29.96
B07ZYQQS5C,2,5,0,1,0,0,0,0,0,0,1,18.77
B07ZYYPXW7,2,5,0,1,0.5,1.5,0,0,0,0,1,28.99
B07ZZ27G6K,6,3.666666667,0,1,0,0,0.166666667,0,0.333333333,0,0.5,11.99
B0811C6NDZ,32,4.53125,19,1,0.03125,0.03125,0.0625,0,0.09375,0.03125,0.8125,25.99
B0811Y6WW3,2,5,5,1,0.5,0.5,0,0,0,0,1,9.69
B08129DVHG,1,1,0,1,0,0,1,0,0,0,0,19.97
B0812YLGX5,3,2.666666667,5,1,0,0,0.333333333,0.333333333,0,0,0.333333333,10.79
B0812ZJQ35,1,1,3,1,0,0,1,0,0,0,0,7.99
B08131RR8C,8,4,1,1,0,0,0.125,0,0.25,0,0.625,
B08132636B,15,4.266666667,6,1,0,0,0.066666667,0,0.133333333,0.2,0.6,13.99
B08132LXKY,4,4.5,2,1,0,0,0,0,0.25,0,0.75,16.77
B08132V6ZP,2,5,0,1,0,0,0,0,0,0,1,14.99
B08136MBYD,24,3.083333333,3,0.958333333,0,0,0.375,0.083333333,0.041666667,0.083333333,0.416666667,37.99
B0813Z5QKV,4,4.5,21,0.75,0.25,0.5,0,0,0,0.5,0.5,306.49
B08141PFW4,3,3.666666667,2,0.666666667,0,0,0.333333333,0,0,0,0.666666667,194
B08147QSXJ,2,3,0,1,0,0,0.5,0,0,0,0.5,32.7
B081696TG4,11,3.272727273,1,1,0.090909091,0.090909091,0.181818182,0.181818182,0.090909091,0.272727273,0.272727273,23.34
B0816DD2FC,3,5,0,1,0,0,0,0,0,0,1,
B0817G5T6V,5,4.4,0,1,0,0,0,0.2,0,0,0.8,11.9
B08192YMT5,4,5,1,1,0,0,0,0,0,0,1,
B081DG1BRW,35,3.114285714,234,1,0.114285714,0.171428571,0.257142857,0.2,0.085714286,0.085714286,0.371428571,
B081DGB6NV,4,3.75,8,1,0.25,1,0.25,0,0,0.25,0.5,57.5
B081DYTC1D,6,2.166666667,0,1,0.166666667,0.333333333,0.5,0.166666667,0.166666667,0,0.166666667,
B081DZYXVS,2,2.5,0,1,0,0,0.5,0,0,0.5,0,9.99
B081FHNDH5,3,4.333333333,0,1,0,0,0,0,0,0.666666667,0.333333333,13.49
B081FLRG3H,7,4.142857143,5,1,0,0,0.142857143,0,0.142857143,0,0.714285714,13.98
B081GPP7VK,7,5,1,1,0.142857143,0.142857143,0,0,0,0,1,
B081GPRXCJ,10,3.7,3,1,0.2,0.3,0.3,0,0,0.1,0.6,
B081JSGJCD,11,3.909090909,0,1,0,0,0.181818182,0,0.090909091,0.181818182,0.545454545,33.46
B081K4Q6KQ,328,4.737804878,158,0.984756098,0.067073171,0.115853659,0.030487805,0.012195122,0.027439024,0.048780488,0.881097561,7.99
B081KVD8M4,7,4.857142857,2,1,0,0,0,0,0,0.142857143,0.857142857,19.8
B081L3W32K,3,1.333333333,0,1,0.666666667,0.666666667,0.666666667,0.333333333,0,0,0,
B081N7GGCM,5,4.6,0,1,0,0,0,0,0.2,0,0.8,10.79
B081N7Y4R3,3,4,1,1,0,0,0,0.333333333,0,0,0.666666667,13.95
B081RB9TMF,15,4.866666667,3,1,0,0,0,0,0.066666667,0,0.933333333,29.99
B081RSKQ8R,12,4.666666667,0,0.916666667,0.083333333,0.333333333,0,0,0.166666667,0,0.833333333,9.99
B081S8RTB2,2,5,0,1,0,0,0,0,0,0,1,14.97
B081S91N21,8,4.375,21,1,0.25,0.25,0,0,0.125,0.375,0.5,18.49
B081SS7JL6,3,5,1,1,0,0,0,0,0,0,1,21.28
B081SSDJYC,5,4.2,0,1,0,0,0,0,0.4,0,0.6,49.95
B081SYZJFD,4,3.5,0,1,0,0,0.25,0,0.25,0,0.5,26.95
B081SZVR5K,3,5,1,1,0.333333333,0.333333333,0,0,0,0,1,21.99
B081TLZFK8,35,2.2,20,0.971428571,0.114285714,0.114285714,0.6,0.114285714,0,0.057142857,0.228571429,23.99
B081V8N437,22,3.045454545,9,0.954545455,0.090909091,0.090909091,0.318181818,0.136363636,0.045454545,0.181818182,0.318181818,23.99
B081VBBWGZ,4,4.75,2,1,0,0,0,0,0,0.25,0.75,37.99
B081W69ZHV,8,3.5,2,1,0,0,0.125,0.25,0.125,0,0.5,35.99
B081X2V1SX,21,4.142857143,8,1,0.047619048,0.047619048,0.047619048,0.142857143,0.047619048,0.142857143,0.619047619,12.89
B081ZFD5BT,1,4,0,1,0,0,0,0,0,1,0,
B081ZFPYPS,2,3,0,1,0,0,0.5,0,0,0,0.5,79.99
B081ZVY7C9,2,5,0,1,0,0,0,0,0,0,1,19.27
B0821763QX,2,5,1,1,0,0,0,0,0,0,1,
B08219JPQF,3,2.333333333,0,0.666666667,0.333333333,0.333333333,0.666666667,0,0,0,0.333333333,9.99
B0821KZHTL,1,5,0,1,0,0,0,0,0,0,1,
B0821QGHPD,8,4.25,3,1,0,0,0.125,0,0.125,0,0.75,
B08222DQW3,1,1,0,1,0,0,1,0,0,0,0,11.97
B08224JXXY,16,3.125,3,1,0,0,0.25,0.125,0.1875,0.125,0.3125,
B08225X2CT,2,5,0,1,0,0,0,0,0,0,1,14.97
B08227RZQG,4,4.25,0,1,0,0,0,0,0.25,0.25,0.5,15.99
B08228MFJ1,3,2.666666667,1,1,0,0,0.333333333,0.333333333,0,0,0.333333333,8.99
B0822CMQMM,4,3,3,1,0,0,0.5,0,0,0,0.5,13.47
B0822CP6B4,5,4.2,9,1,0,0,0.2,0,0,0,0.8,
B0823BNVFC,1,5,0,1,0,0,0,0,0,0,1,
B0823J8KLG,18,3.888888889,51,0.944444444,0.166666667,0.333333333,0.166666667,0.111111111,0,0.111111111,0.611111111,
B0823P5GLQ,29,4.034482759,5,1,0.034482759,0.068965517,0.137931034,0,0.172413793,0.068965517,0.620689655,5.99
B082682JZM,11,3.181818182,2,1,0,0,0.363636364,0.090909091,0,0.090909091,0.454545455,
B0826BPZF6,5,3,1,1,0,0,0.2,0.2,0.2,0.2,0.2,16.88
B0826N5X4Y,50,4.54,20,1,0.04,0.04,0.04,0.06,0.02,0.08,0.8,33.99
B08287T43K,2,4,1,1,0.5,1.5,0,0,0.5,0,0.5,
B08289R1HX,8,3.5,21,0.875,0.125,0.125,0.25,0,0.125,0.25,0.375,551.66
B0828G499X,2,5,0,1,0,0,0,0,0,0,1,21.99
B0828W18WP,4,3,2,1,0.25,0.5,0.25,0,0.5,0,0.25,23.27
B0828XQCVJ,6,3.833333333,6,0.833333333,0,0,0.166666667,0,0,0.5,0.333333333,
B0829JMTCY,7,3.285714286,0,1,0.142857143,0.142857143,0.285714286,0,0.285714286,0,0.428571429,
B082BMHHRH,6,4.833333333,1,1,0,0,0,0,0,0.166666667,0.833333333,10.99
B082CVP3F7,6,4.333333333,1,1,0,0,0.166666667,0,0,0,0.833333333,
B082D1FQL3,4,3,0,1,0,0,0.5,0,0,0,0.5,
B082D6NC6P,6,4.333333333,0,1,0,0,0.166666667,0,0,0,0.833333333,
B082DJ4WP1,45,4.288888889,18,0.977777778,0,0,0.066666667,0.066666667,0.066666667,0.111111111,0.688888889,39.11
B082DJK7ZD,4,4.75,0,1,0,0,0,0,0,0.25,0.75,15.97
B082DK4BZS,4,4.75,1,1,0,0,0,0,0,0.25,0.75,14.97
B082DXY2QM,3,3.666666667,3,1,0,0,0.333333333,0,0,0,0.666666667,
B082DY662P,5,5,1,1,0,0,0,0,0,0,1,
B082F2R589,4,4,0,1,0,0,0,0,0.25,0.5,0.25,
B082F4HCVG,8,4.125,1,1,0.125,0.125,0.125,0.125,0,0,0.75,55.99
B082G2ZT81,12,4.833333333,0,1,0.083333333,0.166666667,0,0,0,0.166666667,0.833333333,11.99
B082GQWQLZ,3,3,2,1,0,0,0.333333333,0,0.333333333,0,0.333333333,
B082GX5KRR,1,5,0,1,0,0,0,0,0,0,1,35.37
B082H2T91B,4,4.5,0,1,0,0,0,0,0.25,0,0.75,
B082H6FHCC,4,4,0,1,0,0,0.25,0,0,0,0.75,92.99
B082HPBZXK,5,3,0,1,0.4,0.4,0.4,0,0.2,0,0.4,31.47
B082KG6C59,10,3.2,0,1,0,0,0.2,0.3,0,0.1,0.4,39.91
B082KH2VSB,1,5,0,1,0,0,0,0,0,0,1,
B082KR1HBP,3,3.333333333,1,1,0,0,0.333333333,0,0,0.333333333,0.333333333,5.77
B082L4CGV6,7,2.285714286,1,1,0,0,0.428571429,0.142857143,0.285714286,0,0.142857143,
B082L63DL7,1,5,0,1,0,0,0,0,0,0,1,34.29
B082LZJQZ5,7,3.857142857,0,1,0,0,0.285714286,0,0,0,0.714285714,
B082MJRJSP,6,2.5,0,1,0,0,0.5,0,0.166666667,0.166666667,0.166666667,9.99
B082MRV84L,1,4,0,1,0,0,0,0,0,1,0,10.99
B082MV8XGC,5,3.8,0,1,0.2,0.4,0.2,0,0.2,0,0.6,14.95
B082NHTRY3,4,4,0,1,0,0,0.25,0,0,0,0.75,
B082NYDDNC,2,5,0,1,0,0,0,0,0,0,1,18.99
B082PKPJ5L,7,3.142857143,5,1,0,0,0.428571429,0,0,0.142857143,0.428571429,27.99
B082PKYFRL,2,3.5,1,1,0,0,0,0,0.5,0.5,0,18.88
B082PKYYY9,3,5,0,1,0,0,0,0,0,0,1,27.77
B082PM6B9Y,2,4,2,1,0,0,0,0,0.5,0,0.5,11.27
B082QN9R48,2,3,0,1,0,0,0.5,0,0,0,0.5,13.99
B082RWPSMS,25,4.28,9,1,0.04,0.16,0.16,0,0.04,0,0.8,28.99
B082S3K4GF,2,3.5,0,1,0,0,0,0.5,0,0,0.5,
B082S9JRRX,86,4.593023256,29,0.988372093,0.034883721,0.046511628,0.023255814,0.046511628,0.046511628,0.081395349,0.802325581,8.99
B082SF3X69,20,3.25,61,0.9,0.05,0.05,0.3,0.1,0.1,0.05,0.45,
B082SJ5PKX,27,4.37037037,3,0.962962963,0,0,0.074074074,0.037037037,0.037037037,0.148148148,0.703703704,25.47
B082SZBBNH,3,3,2,1,0,0,0,0.333333333,0.333333333,0.333333333,0,26.94
B082TV197H,4,4.5,4,0.75,0,0,0,0,0,0.5,0.5,
B082TVJ867,18,3.722222222,53,0.777777778,0.166666667,0.222222222,0.166666667,0.111111111,0.111111111,0.055555556,0.555555556,
B082TXLTX2,21,3.80952381,1,0.952380952,0,0,0.095238095,0.19047619,0.047619048,0.142857143,0.523809524,30.97
B082TYDZ7P,6,4.666666667,2,1,0.166666667,0.166666667,0,0,0.166666667,0,0.833333333,39.88
B082V1QDGN,8,4.125,1,1,0.125,0.125,0.125,0.125,0,0,0.75,27.87
B082VYTCDH,19,3.210526316,23,1,0.210526316,0.421052632,0.263157895,0.105263158,0.210526316,0,0.421052632,24.88
B082W2C4WM,4,3,2,1,0,0,0.5,0,0,0,0.5,17.87
B082W732T2,19,3.842105263,1,1,0.157894737,0.263157895,0.263157895,0,0.052631579,0,0.684210526,19.87
B082WH315T,9,4.111111111,1,1,0,0,0.111111111,0.111111111,0,0.111111111,0.666666667,28.88
B082WH7W24,10,3.2,7,1,0.1,0.1,0.4,0,0.1,0,0.5,27.99
B082WHGHHD,3,3.333333333,2,1,0,0,0.333333333,0,0,0.333333333,0.333333333,21.99
B082WPRYMD,2,3,0,1,0,0,0.5,0,0,0,0.5,9.41
B082X3GY76,2,3.5,3,1,0,0,0,0.5,0,0,0.5,18.75
B082XLY1VB,5,4.6,2,1,0,0,0,0,0.2,0,0.8,27.47
B082XR9CYH,9,3.666666667,1,1,0.111111111,0.111111111,0.222222222,0.111111111,0,0.111111111,0.555555556,
B082YF5WSF,3,3.666666667,0,1,0.333333333,1,0,0,0.666666667,0,0.333333333,24.99
B082YNTL7Q,1,5,0,1,0,0,0,0,0,0,1,5.73
B082Z6QGC5,2,5,0,1,0,0,0,0,0,0,1,74.95
B082ZYSFPF,4,4.75,0,1,0,0,0,0,0,0.25,0.75,18.99
B08315FGLN,10,4.9,0,1,0,0,0,0,0,0.1,0.9,6.99
B08318JRM7,8,4.5,10,1,0,0,0.125,0,0,0,0.875,
B0831RCGT1,7,4.142857143,27,1,0,0,0.142857143,0,0.142857143,0,0.714285714,1679
B0831SSSCH,8,4.375,3,1,0,0,0,0.125,0,0.25,0.625,29.99
B083296DKY,23,4.565217391,13,1,0,0,0,0.043478261,0.086956522,0.130434783,0.739130435,24.99
B0832GQ66M,4,4,1,1,0,0,0,0,0.5,0,0.5,12.98
B0833D34NH,12,3.75,11,1,0.083333333,0.083333333,0.166666667,0.083333333,0.083333333,0.166666667,0.5,305.99
B0833NYW1X,9,4.333333333,2,1,0,0,0,0.111111111,0,0.333333333,0.555555556,7.87
B083453NKM,6,2.666666667,0,1,0,0,0.333333333,0.333333333,0,0,0.333333333,39.8
B0834XZSVH,6,4.666666667,0,1,0.166666667,0.166666667,0,0,0,0.333333333,0.666666667,18.99
B0835XHH37,11,4.454545455,1,1,0,0,0.090909091,0,0,0.181818182,0.727272727,16.99
B0836LP3SW,9,3.777777778,4,1,0,0,0.222222222,0,0,0.333333333,0.444444444,11.37
B08374623N,4,2,3,1,0.25,0.25,0.75,0,0,0,0.25,539.99
B0837BM7JK,3,4.333333333,0,1,0.333333333,0.333333333,0,0,0.333333333,0,0.666666667,399.99
B0837FXSCY,5,3.2,2,1,0,0,0.2,0,0.4,0.2,0.2,18.99
B0837L8JFB,3,3.333333333,3,1,0.666666667,0.666666667,0.333333333,0,0,0.333333333,0.333333333,
B0838D3DDP,1,5,0,1,0,0,0,0,0,0,1,23.97
B0839198K4,13,4.384615385,2,1,0,0,0.076923077,0.076923077,0,0.076923077,0.769230769,11.27
B08393FW34,5,4,1,1,0,0,0,0.2,0.2,0,0.6,12.69
B08393L6BJ,3,3.666666667,9,1,0.333333333,0.333333333,0.333333333,0,0,0,0.666666667,12.49
B08397HHVR,7,4.285714286,0,1,0,0,0,0,0.285714286,0.142857143,0.571428571,27.47
B08397VK61,4,5,0,1,0,0,0,0,0,0,1,11.99
B08398RM34,6,4.166666667,0,1,0,0,0.166666667,0,0,0.166666667,0.666666667,18.77
B083B8M7R3,4,4,0,1,0.25,0.75,0.25,0,0,0,0.75,
B083B9DQQV,3,5,1,1,0,0,0,0,0,0,1,
B083BKR731,2,5,1,1,0,0,0,0,0,0,1,9.97
B083BRXSPM,5,5,0,1,0,0,0,0,0,0,1,13.88
B083DCBLZY,4,4.25,0,1,0,0,0,0,0.25,0.25,0.5,14.97
B083DLLRNX,12,4.083333333,3,1,0,0,0.166666667,0.083333333,0,0,0.75,12.99
B083DLS41T,5,4.8,1,1,0,0,0,0,0,0.2,0.8,20.85
B083DN6DXQ,3,5,0,1,0,0,0,0,0,0,1,16.98
B083DRFD3N,4,5,0,1,0,0,0,0,0,0,1,17.98
B083DY49J6,9,4.111111111,1,1,0,0,0.111111111,0.111111111,0,0.111111111,0.666666667,24.99
B083FDCGR1,5,4.8,1,1,0,0,0,0,0,0.2,0.8,8.27
B083FQY7CV,3,5,0,1,0.333333333,0.666666667,0,0,0,0,1,34.97
B083G9MFKM,18,4.833333333,8,1,0.111111111,0.166666667,0,0,0,0.166666667,0.833333333,48.99
B083G9PRCZ,7,4.428571429,5,1,0.285714286,0.285714286,0,0,0.285714286,0,0.714285714,318.67
B083HRNMML,19,4.526315789,1,1,0.105263158,0.105263158,0.105263158,0,0,0.052631579,0.842105263,27.99
B083HYXC4Q,21,4.333333333,8,1,0.047619048,0.142857143,0.095238095,0,0,0.285714286,0.619047619,25.97
B083JRQG9X,12,4.5,2,1,0,0,0.083333333,0,0.083333333,0,0.833333333,24.88
B083JV2G1W,5,4.2,0,1,0.4,0.4,0.2,0,0,0,0.8,33.97
B083KNHK33,2,3,0,1,0.5,1,0.5,0,0,0,0.5,65.95
B083LJJYPV,8,4.75,5,1,0.125,0.375,0,0,0,0.25,0.75,13.88
B083LTHLJR,3,3.333333333,0,1,0,0,0,0.333333333,0,0.666666667,0,6.77
B083LYQFSS,10,3.9,1,1,0,0,0,0.3,0.1,0,0.6,7.99
B083M15JQW,4,3.25,12,1,0,0,0.25,0.25,0,0,0.5,7.98
B083NFP5JS,6,3.166666667,8,1,0,0,0.333333333,0,0.166666667,0.166666667,0.333333333,
B083NLDD5R,6,5,2,1,0.166666667,0.333333333,0,0,0,0,1,29.77
B083NQB58D,7,4.428571429,0,1,0,0,0.142857143,0,0,0,0.857142857,18.97
B083NTMQ4B,3,3.333333333,11,1,0,0,0.333333333,0,0,0.333333333,0.333333333,34.99
B083NTNGQS,3,5,3,1,0,0,0,0,0,0,1,15.77
B083PRDBSB,24,2.958333333,73,0.958333333,0.125,0.25,0.333333333,0.125,0.125,0.083333333,0.333333333,329.98
B083PWDFTS,54,4.518518519,35,0.907407407,0.222222222,0.240740741,0.074074074,0,0.018518519,0.148148148,0.759259259,145.37
B083PWPVFX,25,4.52,3,1,0.08,0.08,0.08,0,0.04,0.08,0.8,5.87
B083Q3D241,5,4.4,0,1,0.2,0.2,0,0.2,0,0,0.8,10.99
B083QBQV5K,6,1,2,1,0,0,1,0,0,0,0,
B083QNDRKM,4,3.75,0,1,0.25,0.5,0,0.25,0.25,0,0.5,19.99
B083QPW2G9,16,4.8125,5,1,0,0,0,0.0625,0,0,0.9375,8.48
B083S5L257,6,4.833333333,4,1,0,0,0,0,0,0.166666667,0.833333333,18.47
B083TQWVJ7,4,3.75,3,1,0,0,0.25,0,0,0.25,0.5,17.57
B083TZHG91,50,4.54,5,1,0.06,0.1,0.04,0.06,0.02,0.08,0.8,17.99
B083WG47G9,9,3,12,1,0,0,0.444444444,0,0.111111111,0,0.444444444,24.49
B083XX2W3P,6,2.5,15,0.833333333,0,0,0.5,0,0.166666667,0.166666667,0.166666667,179.99
B083XXW7PV,5,2.4,1,1,0,0,0.6,0,0,0.2,0.2,
B083Y6FJD6,4,5,4,1,0,0,0,0,0,0,1,22.95
B083YTV3R1,10,3,84,1,0.1,0.1,0.3,0.1,0.1,0.3,0.2,
B083YXWRR2,9,3.333333333,34,1,0,0,0.333333333,0,0.111111111,0.111111111,0.444444444,159.99
B0846LMMT5,39,4.051282051,44,0.948717949,0.051282051,0.076923077,0.102564103,0.102564103,0.051282051,0.128205128,0.615384615,5.49
B084HMT9BL,1,5,0,1,0,0,0,0,0,0,1,
B084J9BZ6J,3,4.333333333,0,0.666666667,0,0,0,0,0,0.666666667,0.333333333,24.16
B084JCW8HX,4,3,0,1,0,0,0.5,0,0,0,0.5,67.99
B084JDVVSB,4,2.5,1,1,0,0,0.5,0,0.25,0,0.25,107.99
B084JPFKGS,5,4.8,0,1,0,0,0,0,0,0.2,0.8,85.49
B084KRR1B4,4,3,0,1,0,0,0.25,0.25,0,0.25,0.25,12.95
B084KZSRSV,10,4.1,0,1,0.1,0.1,0.2,0,0,0.1,0.7,32.33
B084KZY4B5,2,2.5,1,1,0,0,0.5,0,0,0.5,0,277.85
B084M5KBF5,2,3,0,0.5,0,0,0.5,0,0,0,0.5,6.08
B084P7GVDM,18,3.055555556,17,1,0.055555556,0.055555556,0.333333333,0.055555556,0.166666667,0.111111111,0.333333333,209.99
B084Q7D2X9,2,5,1,1,0,0,0,0,0,0,1,41.99
B084T5SDPD,3,3.666666667,0,1,0,0,0.333333333,0,0,0,0.666666667,8.99
B084TBY4W4,6,4.833333333,0,1,0,0,0,0,0,0.166666667,0.833333333,
B084WRZWKQ,6,5,23,1,0,0,0,0,0,0,1,8.88
B084XB1KJJ,8,3.375,11,1,0,0,0.375,0,0,0.125,0.5,28.99
B084ZLWMCP,9,4.555555556,2,1,0,0,0,0.111111111,0,0.111111111,0.777777778,41.99
B08512BJCC,1,5,0,1,0,0,0,0,0,0,1,33.99
B08516YWMF,6,4.166666667,0,1,0,0,0.166666667,0,0,0.166666667,0.666666667,19.99
B08527L62M,9,4.888888889,3,1,0,0,0,0,0,0.111111111,0.888888889,13.88
B0852SKL3B,5,3.4,0,1,0,0,0.4,0,0,0,0.6,16.99
B0854245SY,6,3.333333333,1,1,0.166666667,1.666666667,0.333333333,0,0,0.333333333,0.333333333,33.97
B08544SNNP,10,3.6,2,0.8,0.2,0.6,0.1,0.3,0,0.1,0.5,
B08546YPQY,4,4.25,2,1,0.25,0.75,0,0.25,0,0,0.75,
B0854DD5X7,4,3.25,2,1,0.25,0.25,0.25,0.25,0,0,0.5,23.67
B0855KHG9L,39,4.820512821,3,1,0.025641026,0.076923077,0.025641026,0,0.025641026,0.025641026,0.923076923,14.77
B0855TV7XS,2,4,2,1,0,0,0,0,0.5,0,0.5,
B0856PP512,16,4.875,0,1,0,0,0,0,0.0625,0,0.9375,24.5
B0856W6VCR,10,3.7,2,1,0.1,0.1,0.3,0,0,0.1,0.6,17.47
B0857554XT,33,3.181818182,138,0.909090909,0.060606061,0.121212121,0.333333333,0.060606061,0.090909091,0.121212121,0.393939394,15.58
B0857XGSCQ,4,3.5,12,1,0,0,0,0.25,0.25,0.25,0.25,609.12
B08593DZDV,6,3,0,1,0,0,0.5,0,0,0,0.5,6.99
B085C6C7WH,3,1,2,1,0,0,1,0,0,0,0,
B085CBN5NG,9,4.222222222,2,0.888888889,0.111111111,0.111111111,0.111111111,0.111111111,0,0,0.777777778,8.55
B085F2M117,16,4.875,1,1,0,0,0,0,0,0.125,0.875,6.88
B085F2NV31,4,5,0,1,0,0,0,0,0,0,1,
B085FY4TFV,4,3.5,3,1,0,0,0.25,0,0.25,0,0.5,
B085FYM3CM,2,4,0,1,0,0,0,0,0.5,0,0.5,14.95
B085FZZNP5,21,3.904761905,11,0.952380952,0.047619048,0.047619048,0.142857143,0.047619048,0.142857143,0.095238095,0.571428571,6.99
B085G747BK,8,4.5,0,1,0,0,0.125,0,0,0,0.875,7.77
B085H7BJ1W,3,4.333333333,0,1,0.333333333,0.333333333,0,0,0.333333333,0,0.666666667,49.95
B085HLSDQ9,5,5,0,1,0,0,0,0,0,0,1,8.99
B085J2JV64,37,3.486486486,27,1,0.054054054,0.081081081,0.243243243,0.135135135,0.054054054,0.027027027,0.540540541,21.95
B085L1BQ88,8,3.625,0,1,0,0,0.25,0.125,0,0,0.625,
B085L7RFR1,1,5,0,1,0,0,0,0,0,0,1,
B085M7PDJX,6,4.333333333,2,1,0,0,0.166666667,0,0,0,0.833333333,26.97
B085NL55DK,41,3.048780488,3,1,0.12195122,0.268292683,0.292682927,0.195121951,0.097560976,0,0.414634146,18.98
B085PP63QB,3,5,3,1,0,0,0,0,0,0,1,
B085PQFCF3,2,5,0,1,0,0,0,0,0,0,1,12.99
B085PRLRSL,6,5,1,1,0,0,0,0,0,0,1,28.47
B085PWL6SY,2,4,0,1,0,0,0,0,0.5,0,0.5,
B085QLCR43,7,3.857142857,1,1,0,0,0.285714286,0,0,0,0.714285714,14.99
B085QMNSHH,2,5,4,1,0,0,0,0,0,0,1,30.62
B085R91V61,164,4.268292683,7,0.993902439,0.073170732,0.115853659,0.097560976,0.073170732,0.036585366,0.048780488,0.743902439,7.99
B085RK8FVZ,7,3.142857143,3,1,0.142857143,0.285714286,0.142857143,0.428571429,0,0,0.428571429,50
B085RNS1G7,10,2,2,1,0.2,0.4,0.5,0.3,0,0.1,0.1,15.99
B085TDSPMB,3,4.666666667,1,1,0,0,0,0,0,0.333333333,0.666666667,
B085TN9RXZ,3,2.333333333,0,1,0.333333333,0.333333333,0.666666667,0,0,0,0.333333333,
B085WQM7CY,18,2.944444444,15,0.944444444,0,0,0.277777778,0.222222222,0.111111111,0.055555556,0.333333333,21.98
B085XS8ZTH,7,4,1,1,0,0,0.142857143,0.142857143,0,0,0.714285714,109.99
B085Y2GJLQ,7,3.285714286,5,1,0.285714286,0.428571429,0.285714286,0.142857143,0,0.142857143,0.428571429,11.99
B085Y5859Z,4,3,1,1,0,0,0.5,0,0,0,0.5,
B085YBLD9V,6,4.166666667,1,1,0,0,0,0.166666667,0.166666667,0,0.666666667,27.5
B085ZFLFPC,7,3.142857143,2,1,0.142857143,0.142857143,0.428571429,0,0,0.142857143,0.428571429,
B085ZV19N4,3,5,0,1,0,0,0,0,0,0,1,49.99
B086C1FRS2,7,3.571428571,0,1,0,0,0.142857143,0.142857143,0.142857143,0.142857143,0.428571429,13.95
B086HDMGHX,13,3.923076923,1,1,0,0,0.230769231,0,0.076923077,0,0.692307692,34
B086KXR9TN,3,4.666666667,2,1,0,0,0,0,0,0.333333333,0.666666667,19.99
B086L7WS44,38,3.421052632,4,0.973684211,0.052631579,0.052631579,0.210526316,0.184210526,0.078947368,0.026315789,0.5,11.99
B086M778P9,5,4.8,2,1,0,0,0,0,0,0.2,0.8,
B086NR627X,3,4,0,1,0.333333333,0.333333333,0,0.333333333,0,0,0.666666667,34.99
B086SLJ3GY,14,4.714285714,1,1,0,0,0,0.071428571,0,0.071428571,0.857142857,27.77
B086XH1WX4,3,5,1,1,0,0,0,0,0,0,1,39.45
B086YRSQPY,8,3.75,16,1,0.125,0.5,0.125,0.125,0.125,0.125,0.5,11.88
B087199LKT,4,2,0,1,0.25,0.25,0.75,0,0,0,0.25,
B0872C8JD7,1,4,0,1,0,0,0,0,0,1,0,
B0872PG68F,5,2.2,0,1,0,0,0.4,0.4,0,0,0.2,
B0874SQXF4,6,3.833333333,0,1,0,0,0.166666667,0,0.166666667,0.166666667,0.5,8.99
B08767RJ4M,5,3.6,15,1,0.2,0.2,0,0.4,0,0.2,0.4,12.99
B0877XKXZZ,10,2.9,4,1,0,0,0.3,0.1,0.2,0.2,0.2,31.99
B0878TN3PT,3,2.333333333,2,1,0.333333333,0.333333333,0.666666667,0,0,0,0.333333333,149.99
B087927R4Q,4,4.25,0,1,0.25,0.25,0,0,0.25,0.25,0.5,99.99
B087BT4C71,15,3.666666667,6,1,0.2,0.4,0.2,0.066666667,0.133333333,0.066666667,0.533333333,28.01
B087C2Y192,14,4.142857143,0,1,0.142857143,0.214285714,0.214285714,0,0,0,0.785714286,8.9
B087CRN8Y2,8,3.75,4,1,0.125,0.125,0.25,0,0.125,0,0.625,10.97
B087DW1LW8,13,4,6,1,0,0,0.153846154,0,0.153846154,0.076923077,0.615384615,8.99
B087FGQ3DN,4,5,0,1,0,0,0,0,0,0,1,26.97
B087FVNS8H,5,3.4,3,1,0,0,0.4,0,0,0,0.6,
B087GCPJ33,1,4,1,1,0,0,0,0,0,1,0,8.95
B087LPJC1Q,12,4.333333333,0,1,0,0,0.083333333,0,0.083333333,0.166666667,0.666666667,28.77
B087LX7VLQ,3,5,0,1,0,0,0,0,0,0,1,19.99
B087M14TPW,4,4.25,0,1,0,0,0,0,0.25,0.25,0.5,28.47
B087M4QPS6,2,5,0,1,0,0,0,0,0,0,1,27.77
B087M62BBV,13,4.461538462,3,1,0.076923077,0.076923077,0.076923077,0.076923077,0,0,0.846153846,27.27
B087MCMVR1,6,4.333333333,0,1,0,0,0,0,0.166666667,0.333333333,0.5,
B087P73F5C,5,5,0,1,0,0,0,0,0,0,1,
B087PJ2392,222,4.594594595,13,0.995495495,0.009009009,0.009009009,0.063063063,0.013513514,0.022522523,0.067567568,0.833333333,27.99
B087PZN98S,9,3,0,1,0,0,0.333333333,0.111111111,0.111111111,0.111111111,0.333333333,52.99
B087QHY9PM,2,1,1,1,0.5,0.5,1,0,0,0,0,
B087QLCGJW,6,3.166666667,1,1,0,0,0,0.333333333,0.333333333,0.166666667,0.166666667,12.99
B087QMYW15,10,4.4,2,0.9,0.1,0.1,0,0.2,0,0,0.8,11.49
B087RHXQPJ,1,3,0,1,0,0,0,0,1,0,0,6.62
B087RJ8NNV,2,1.5,0,1,0,0,0.5,0.5,0,0,0,
B087T715KL,3,2.333333333,0,1,0.333333333,0.666666667,0.666666667,0,0,0,0.333333333,
B087TKK1LK,1,5,0,1,0,0,0,0,0,0,1,15.99
B087W6KJCZ,4,3.25,3,0.75,0.25,0.25,0.25,0.25,0,0,0.5,
B087WHXG9L,5,4,2,1,0,0,0,0.2,0.2,0,0.6,22.6
B087WT9PCC,2,4.5,0,1,0,0,0,0,0,0.5,0.5,
B087WVH4D6,3,5,23,1,0,0,0,0,0,0,1,
B087WZ54D6,1,5,0,1,0,0,0,0,0,0,1,
B087XBP58N,6,3.833333333,3,1,0,0,0.166666667,0.166666667,0,0,0.666666667,69.97
B087YST1PP,8,4.5,38,1,0,0,0.125,0,0,0,0.875,27.99
B087Z3MM2V,4,3.5,0,1,0,0,0.25,0,0,0.5,0.25,
B0881J19DK,2,4,0,1,0,0,0,0,0.5,0,0.5,11.5
B0881N67ST,4,4.5,1,1,0,0,0,0,0,0.5,0.5,
B0882ZJ48W,102,3.450980392,121,0.931372549,0.098039216,0.166666667,0.303921569,0.019607843,0.098039216,0.078431373,0.5,46.92
B0883582PF,1,5,0,1,0,0,0,0,0,0,1,19.97
B0885W5FT6,6,3.666666667,0,1,0,0,0.166666667,0,0.333333333,0,0.5,26.97
B0885XQZVS,1,5,0,1,0,0,0,0,0,0,1,8.99
B088661L4F,4,2,1,1,0.5,0.75,0.75,0,0,0,0.25,18.76
B0887J74NH,3,5,0,1,0,0,0,0,0,0,1,25.5
B0888C6BLG,1,5,0,1,0,0,0,0,0,0,1,13.99
B0888CW327,10,2.8,2,1,0.1,0.2,0.4,0.2,0,0,0.4,
B0888DWYJ5,4,4.5,0,1,0,0,0,0,0.25,0,0.75,16.97
B088BH2HNQ,1,4,0,1,0,0,0,0,0,1,0,999.99
B088CP7HFJ,5,3.4,2,1,0,0,0.4,0,0,0,0.6,
B088CQKP46,4,2.5,0,0.75,0,0,0.25,0.5,0,0,0.25,
B088FGP6WN,3,5,2,1,0,0,0,0,0,0,1,29.87
B088FT9S24,2,3,4,1,0,0,0.5,0,0,0,0.5,79.9
B088GLBKPL,6,3.833333333,1,1,0,0,0.166666667,0,0.166666667,0.166666667,0.5,18.19
B088GRBFYX,3,3.666666667,1,1,0,0,0.333333333,0,0,0,0.666666667,25.83
B088LJV8CD,1,5,5,1,0,0,0,0,0,0,1,
B088LNN1D8,5,4.4,1,1,0.2,0.2,0,0,0,0.6,0.4,387.27
B088LYGYS5,15,4.266666667,5,0.933333333,0.2,0.4,0.133333333,0,0,0.2,0.666666667,86.99
B088NPDY7S,2,5,4,1,0,0,0,0,0,0,1,16.27
B088NY3825,2,3.5,2,1,0,0,0,0,0.5,0.5,0,16.47
B088QVYGSV,4,4,1,1,0,0,0.25,0,0,0,0.75,22.99
B088QXZDYJ,7,5,1,0.857142857,0,0,0,0,0,0,1,5.69
B088R3LQFB,4,4.25,1,1,0,0,0,0.25,0,0,0.75,13.99
B088R7W2FG,6,4.166666667,2,1,0,0,0.166666667,0,0,0.166666667,0.666666667,
B088SZDX7R,3,3,0,1,0.333333333,0.333333333,0.333333333,0,0.333333333,0,0.333333333,
B088TDK1B1,3,5,0,1,0,0,0,0,0,0,1,9.99
B088TGZJWX,2,5,0,1,0,0,0,0,0,0,1,
B088TVQ3RX,1,5,0,1,1,3,0,0,0,0,1,36.99
B088TYMJ2W,2,5,7,1,0,0,0,0,0,0,1,19.99
B088VJ1NG2,3,4.333333333,4,1,0,0,0,0,0.333333333,0,0.666666667,239.99
B088WGNX75,2,5,0,1,0,0,0,0,0,0,1,
B088X5Y56W,6,2.833333333,0,1,0,0,0.333333333,0,0.333333333,0.166666667,0.166666667,13.87
B088YPDZSX,10,4.6,1,1,0,0,0,0.1,0,0.1,0.8,16.99
B088YTS4SW,2,4,0,1,0,0,0,0,0.5,0,0.5,12.88
B08915VHCZ,7,3.857142857,0,1,0,0,0.142857143,0.142857143,0,0.142857143,0.571428571,28.88
B0891ZQGGL,1,5,0,1,1,1,0,0,0,0,1,
B08925C7K1,4,5,0,1,0,0,0,0,0,0,1,
B0892B3VWM,11,4.090909091,15,0.818181818,0.090909091,0.090909091,0.090909091,0,0.090909091,0.363636364,0.454545455,59.99
B0892BNSSZ,4,3.75,0,1,0,0,0.25,0,0,0.25,0.5,19.97
B0892CWJ4M,1,4,1,1,0,0,0,0,0,1,0,10.27
B08934C878,3,1,0,1,0.333333333,0.666666667,1,0,0,0,0,
B08934JBRS,1,2,0,1,0,0,0,1,0,0,0,
B08935F5WY,6,5,2,0.833333333,0.166666667,1.166666667,0,0,0,0,1,108.99
B0893VT8TJ,12,2.583333333,33,1,0.166666667,0.166666667,0.333333333,0.083333333,0.416666667,0,0.166666667,
B0895G7PWC,16,2.25,6,1,0,0,0.5,0.1875,0.0625,0.0625,0.1875,19.99
B0895LWDSX,26,4,19,1,0,0,0.153846154,0,0.115384615,0.153846154,0.576923077,13.95
B0895N8M94,6,2,12,1,0,0,0.666666667,0,0.166666667,0,0.166666667,17.67
B0895T5FY9,2,4,0,1,0,0,0,0,0.5,0,0.5,
B08963KVQ9,1,1,4,1,0,0,1,0,0,0,0,608.31
B0897HZ1DQ,6,5,3,1,0,0,0,0,0,0,1,10.98
B089998TRS,3,4,0,0.666666667,0,0,0,0.333333333,0,0,0.666666667,17.85
B0899K884D,5,3.8,17,1,0.2,0.4,0.2,0,0.2,0,0.6,159.99
B0899NYBCC,2,5,0,1,0,0,0,0,0,0,1,25.99
B089B1KDXK,4,4,22,1,0.25,0.25,0,0,0.5,0,0.5,
B089B1X3XJ,32,3.5625,22,0.96875,0.03125,0.09375,0.1875,0.15625,0.03125,0.15625,0.46875,10.49
B089D5CVHX,3,4,1,1,0,0,0,0,0.333333333,0.333333333,0.333333333,
B089DMYHQW,98,3.540816327,273,0.908163265,0.091836735,0.193877551,0.224489796,0.06122449,0.091836735,0.193877551,0.428571429,85.49
B089FNKPXW,2,1.5,0,1,0,0,0.5,0.5,0,0,0,109.14
B089GRS5FY,1,5,0,1,0,0,0,0,0,0,1,
B089K1N3LZ,9,3.333333333,6,1,0.111111111,0.222222222,0.111111111,0.222222222,0.222222222,0.111111111,0.333333333,12
B089KT8M2K,5,3.8,1,0.8,0.4,0.6,0,0.2,0.2,0.2,0.4,
B089M4S7GH,10,3.2,3,0.9,0.1,0.1,0.2,0.3,0,0.1,0.4,7.99
B089NHGGQD,23,3.913043478,1,0.913043478,0.043478261,0.043478261,0.130434783,0.086956522,0.086956522,0.130434783,0.565217391,
B089P2T5Z1,9,4.888888889,0,1,0.222222222,0.333333333,0,0,0,0.111111111,0.888888889,11.99
B089QCLDC5,1,5,0,1,0,0,0,0,0,0,1,9.99
B089R482MY,4,5,1,1,0,0,0,0,0,0,1,11.99
B089R6C98S,1,5,0,1,0,0,0,0,0,0,1,11.46
B089RDD9CT,7,4.142857143,6,1,0.285714286,0.428571429,0.142857143,0,0.142857143,0,0.714285714,21.99
B089RF26KM,8,4.375,2,1,0,0,0.125,0,0,0.125,0.75,12.88
B089RJZ8JR,4,4.5,0,1,0,0,0,0,0,0.5,0.5,25
B089SMDSKD,8,4.375,0,1,0,0,0.125,0,0,0.125,0.75,
B089W1Z4QX,2,5,1,0.5,0,0,0,0,0,0,1,
B089XCCM4Y,5,3.6,4,1,0.4,0.4,0,0.2,0.4,0,0.4,
B089Y2RC7N,5,4.6,6,1,0,0,0,0,0,0.4,0.6,
B089Y6466R,10,4.1,0,1,0,0,0.1,0.1,0,0.2,0.6,
B089Y83PQT,7,5,1,1,0.142857143,0.142857143,0,0,0,0,1,8.99
B089YC6672,6,2.333333333,5,1,0.5,1,0.333333333,0.166666667,0.333333333,0.166666667,0,25.99
B08B132TYV,4,2.25,5,1,0.5,0.75,0.5,0.25,0,0,0.25,13.99
B08B32V2R3,3,4.666666667,0,1,0,0,0,0,0,0.333333333,0.666666667,59.99
B08B3HCJLM,8,3.5,4,1,0.25,0.25,0.375,0,0,0,0.625,54.99
B08B4F7C73,5,4,1,1,0,0,0.2,0,0,0.2,0.6,9.99
B08B4PWGW3,21,3.952380952,36,1,0.047619048,0.047619048,0.142857143,0,0.19047619,0.095238095,0.571428571,13.99
B08B5WHVM9,8,4,28,1,0,0,0.125,0,0.25,0,0.625,
B08B7NCBBY,6,5,0,1,0,0,0,0,0,0,1,11.99
B08B7VST7V,9,4.444444444,2,1,0,0,0,0.111111111,0,0.222222222,0.666666667,6.1
B08B7YNGTP,3,4,1,1,0,0,0,0,0.333333333,0.333333333,0.333333333,79.99
B08B7ZNP68,4,4.25,2,1,0,0,0,0.25,0,0,0.75,11.49
B08BCSZM43,1,5,3,1,1,4,0,0,0,0,1,
B08BDKHFXL,12,2.333333333,6,1,0,0,0.5,0.166666667,0.083333333,0,0.25,
B08BF1TK82,2,4,0,0.5,0,0,0,0,0.5,0,0.5,
B08BFGMCCS,1,5,1,1,0,0,0,0,0,0,1,23.99
B08BHK3PBS,3,5,0,1,0,0,0,0,0,0,1,
B08BJ6ZC1L,7,4.285714286,1,1,0.142857143,0.142857143,0,0.142857143,0,0.285714286,0.571428571,
B08BJJ2L5M,5,4.8,0,1,0,0,0,0,0,0.2,0.8,147.5
B08BJZMPD1,2,4.5,0,1,0,0,0,0,0,0.5,0.5,11.99
B08BL1TMCK,5,4.6,4,1,0.4,0.4,0,0,0.2,0,0.8,359.99
B08BLFN9ZL,1,5,0,1,0,0,0,0,0,0,1,9.57
B08BLJYTD4,10,4.3,2,1,0.2,0.2,0.1,0,0.1,0.1,0.7,30.99
B08BLQV89X,9,3.777777778,6,1,0.222222222,0.444444444,0.222222222,0.111111111,0,0,0.666666667,25.99
B08BNNH5PW,65,4.353846154,8,0.969230769,0.015384615,0.015384615,0.092307692,0.030769231,0.061538462,0.061538462,0.753846154,11
B08BNVT3B9,5,4.2,6,1,0,0,0.2,0,0,0,0.8,26.99
B08BPCS1GV,4,3.25,1,1,0,0,0.25,0.25,0,0,0.5,
B08BPDTL1H,111,3.972972973,131,0.963963964,0.099099099,0.189189189,0.126126126,0.072072072,0.054054054,0.198198198,0.54954955,169.99
B08BR7Y21T,1,3,1,1,0,0,0,0,1,0,0,13.29
B08BRBDHC5,13,4.769230769,4,1,0.153846154,0.230769231,0,0,0.076923077,0.076923077,0.846153846,7.99
B08BS521ZS,5,4.2,1,1,0,0,0,0.2,0,0.2,0.6,22.95
B08BWHFSX7,7,4.571428571,3,1,0,0,0,0,0.142857143,0.142857143,0.714285714,
B08BWTGPNK,2,3,1,1,0,0,0.5,0,0,0,0.5,20.99
B08BX7HMZW,1,5,0,1,0,0,0,0,0,0,1,25.4
B08BXK8417,10,4,1,1,0,0,0.2,0,0.1,0,0.7,
B08BYJRCKF,4,4.75,3,1,0,0,0,0,0,0.25,0.75,
B08BZ3WGRM,3,3.666666667,1,1,0,0,0,0.333333333,0,0.333333333,0.333333333,
B08BZ585G1,2,5,0,0.5,0,0,0,0,0,0,1,
B08BZBJMQZ,3,2.666666667,0,1,0,0,0.333333333,0.333333333,0,0,0.333333333,
B08BZDCH95,2,3,0,1,0,0,0.5,0,0,0,0.5,
B08BZKM72M,8,4,8,0.875,0,0,0.125,0,0.125,0.25,0.5,18.99
B08C1YKGZW,5,5,2,1,0,0,0,0,0,0,1,20.99
B08C2K4YRL,1,4,0,1,0,0,0,0,0,1,0,
B08C2L98VC,3,4.666666667,0,1,0,0,0,0,0,0.333333333,0.666666667,36
B08C4QWSSC,3,4.666666667,12,1,0,0,0,0,0,0.333333333,0.666666667,35.77
B08C6GQKQW,48,4.083333333,36,0.916666667,0.0625,0.166666667,0.104166667,0.125,0.020833333,0.083333333,0.666666667,308
B08C7STN59,7,2.142857143,6,0.857142857,0,0,0.571428571,0.142857143,0,0.142857143,0.142857143,
B08C9PWVSV,4,3.5,0,0.75,0,0,0.25,0,0.25,0,0.5,11.99
B08C9RHNKP,3,5,1,1,0.333333333,0.333333333,0,0,0,0,1,
B08CB1Y4ZB,2,3,13,1,0,0,0.5,0,0,0,0.5,269.99
B08CDF7HG4,6,4.333333333,2,1,0.166666667,0.333333333,0,0,0.333333333,0,0.666666667,6.99
B08CGJVFVQ,14,4.5,6,1,0,0,0.071428571,0,0,0.214285714,0.714285714,24.49
B08CGST7RC,9,2.222222222,1,1,0.222222222,0.333333333,0.555555556,0.111111111,0.111111111,0,0.222222222,19.99
B08CJK3LDP,12,4.916666667,8,1,0,0,0,0,0,0.083333333,0.916666667,8.99
B08CL1W3N6,10,3.7,2,1,0,0,0.2,0.1,0.1,0,0.6,
B08CN5L1B8,3,3.666666667,2,1,0,0,0.333333333,0,0,0,0.666666667,25.94
B08CTDC2M5,5,1.4,9,1,0.2,0.2,0.8,0,0.2,0,0,25.99
B08CVH8ZGK,4,4.75,0,1,0,0,0,0,0,0.25,0.75,8.97
B08CW52TWQ,41,3.87804878,112,1,0.12195122,0.170731707,0.195121951,0.024390244,0.097560976,0.073170732,0.609756098,21.73
B08CXRQH2C,8,4.625,0,1,0,0,0,0,0.125,0.125,0.75,30.99
B08CXRRSRS,4,4.25,3,1,0,0,0,0,0.25,0.25,0.5,
B08CY31RS5,4,5,0,1,0,0,0,0,0,0,1,29.99
B08CY3XZMQ,6,3.5,3,1,0.166666667,0.333333333,0.333333333,0,0,0.166666667,0.5,15
B08CY8J3NT,2,3.5,0,1,0,0,0,0,0.5,0.5,0,
B08CY8KMPZ,21,3.19047619,41,1,0.047619048,0.047619048,0.238095238,0.142857143,0.142857143,0.142857143,0.333333333,369
B08D245JL8,2,4.5,3,0.5,0.5,1,0,0,0,0.5,0.5,
B08D3M2VG5,10,4.5,1,1,0,0,0.1,0,0,0.1,0.8,12.67
B08D3P9GFR,3,2.333333333,0,1,0,0,0.666666667,0,0,0,0.333333333,
B08D3PZ9C4,4,3.75,1,1,0,0,0,0.25,0.25,0,0.5,9.99
B08D3VMDVL,10,4.8,11,1,0.1,0.3,0,0,0,0.2,0.8,
B08D4S6MND,3,3.666666667,26,1,0.333333333,1,0,0,0.333333333,0.666666667,0,499
B08D6F32XN,11,3.090909091,8,1,0,0,0.363636364,0,0.181818182,0.090909091,0.363636364,
B08D6KFGW7,2,5,0,1,0,0,0,0,0,0,1,7.65
B08D75HMWL,1,5,0,1,0,0,0,0,0,0,1,11.95
B08D7J319S,2,4.5,0,1,0,0,0,0,0,0.5,0.5,
B08DBVYJPZ,70,4.7,27,1,0.014285714,0.028571429,0.014285714,0.042857143,0.028571429,0.057142857,0.857142857,11.95
B08DC9D92N,6,2.5,0,1,0.166666667,0.333333333,0.5,0.166666667,0,0,0.333333333,
B08DCLJQ17,3,4.666666667,0,1,0,0,0,0,0,0.333333333,0.666666667,35.99
B08DD818XF,1,4,3,1,0,0,0,0,0,1,0,19.99
B08DDFN7P9,4,4,0,1,0.25,0.25,0.25,0,0,0,0.75,6.99
B08DG32RMP,8,3.5,2,1,0,0,0,0.5,0,0,0.5,22.99
B08DHV86WK,10,3.7,4,1,0.1,0.1,0.2,0.1,0.1,0,0.6,35.99
B08DHW3FLD,4,3,0,1,0.5,1,0.5,0,0,0,0.5,59.99
B08DKRTQT3,29,4.068965517,29,1,0.137931034,0.275862069,0.103448276,0.034482759,0.103448276,0.206896552,0.551724138,13.95
B08DL159Z8,16,4.9375,4,1,0,0,0,0,0,0.0625,0.9375,
B08DL16T5W,4,4,0,1,0,0,0.25,0,0,0,0.75,
B08DL7XGBR,18,4.111111111,17,0.944444444,0.222222222,0.777777778,0.166666667,0.055555556,0,0.055555556,0.722222222,19.1
B08DMQDV64,7,3.714285714,0,1,0,0,0.285714286,0,0,0.142857143,0.571428571,
B08DMVK9H8,4,3.75,5,1,0,0,0.25,0,0,0.25,0.5,9.95
B08DN3CSK1,5,4.2,1,1,0,0,0.2,0,0,0,0.8,28.95
B08DQ2876N,3,3.333333333,0,1,0,0,0,0.333333333,0.333333333,0,0.333333333,
B08DQ3P16Q,8,4.375,1,1,0,0,0.125,0,0,0.125,0.75,79.99
B08DQ5GZK4,10,4.8,5,1,0.1,0.1,0,0,0.1,0,0.9,113.95
B08DS3XZRY,3,4,2,1,0,0,0,0.333333333,0,0,0.666666667,
B08DTLLFG6,2,5,0,0.5,0,0,0,0,0,0,1,27.99
B08DTZGXL8,2,4.5,42,1,0,0,0,0,0,0.5,0.5,
B08F1XRS3Y,8,4.5,8,1,0,0,0,0.125,0,0.125,0.75,21.99
B08F1Z9ZB4,5,4.2,0,1,0,0,0.2,0,0,0,0.8,
B08F2DH7WG,2,5,1,1,0,0,0,0,0,0,1,15.99
B08F2KRHQY,6,4.833333333,2,1,0,0,0,0,0,0.166666667,0.833333333,31.36
B08F3K9X1X,8,4.125,56,1,0.375,0.5,0,0.125,0.125,0.25,0.5,357.99
B08F76MFWQ,8,3.5,115,1,0.125,0.25,0.125,0.125,0.25,0.125,0.375,119
B08F79JX26,6,2.5,2,1,0.166666667,0.333333333,0.5,0.166666667,0,0,0.333333333,
B08F7DPP8T,8,4.75,1,0.625,0.25,0.625,0,0,0,0.25,0.75,
B08F9QS3TR,5,3.6,5,1,0,0,0.2,0.2,0,0,0.6,
B08FC39W7P,3,5,0,1,0,0,0,0,0,0,1,9.15
B08FC78ZVT,2,5,0,1,0,0,0,0,0,0,1,4.99
B08FCKRF74,27,4.296296296,4,1,0.074074074,0.222222222,0.074074074,0,0.148148148,0.111111111,0.666666667,8.88
B08FCZ17PW,4,4.75,3,1,0,0,0,0,0,0.25,0.75,19.21
B08FDB6W59,86,3.534883721,582,0.941860465,0.046511628,0.069767442,0.151162791,0.127906977,0.162790698,0.151162791,0.406976744,18
B08FDBL1PZ,44,3.727272727,281,0.818181818,0.022727273,0.068181818,0.090909091,0.068181818,0.204545455,0.295454545,0.340909091,109.55
B08FDBLZF4,6,3.333333333,10,1,0.166666667,0.333333333,0.333333333,0,0.166666667,0,0.5,17.66
B08FDC59PB,55,4.145454545,144,0.945454545,0.145454545,0.218181818,0.054545455,0.090909091,0.054545455,0.254545455,0.545454545,229
B08FDC5J1B,25,2.92,83,0.88,0.08,0.24,0.36,0.08,0.08,0.24,0.24,483.89
B08FDCB52N,2,4.5,0,1,0,0,0,0,0,0.5,0.5,362.41
B08FDCB547,7,4.714285714,1,1,0,0,0,0,0.142857143,0,0.857142857,17.99
B08FDCCBB3,1,5,0,1,0,0,0,0,0,0,1,23.63
B08FDCD298,3,4.333333333,2,1,0,0,0,0,0.333333333,0,0.666666667,7
B08FDCNMB1,11,4.363636364,1,1,0.090909091,0.181818182,0.090909091,0,0.090909091,0.090909091,0.727272727,68.99
B08FDCNMB3,7,3.714285714,2,1,0,0,0.142857143,0,0.285714286,0.142857143,0.428571429,31.6
B08FDCWKF4,10,4.5,0,0.9,0,0,0.1,0,0,0.1,0.8,46.24
B08FDCZRND,7,3.714285714,3,0.857142857,0,0,0.285714286,0,0,0.142857143,0.571428571,34.4
B08FDD8GYL,2,5,0,1,0,0,0,0,0,0,1,15.88
B08FDD8GZN,131,4.717557252,13,0.977099237,0.022900763,0.030534351,0.022900763,0.007633588,0.022900763,0.122137405,0.824427481,41.89
B08FDGDPGY,10,4.4,0,1,0,0,0,0,0.3,0,0.7,
B08FDR4M7R,14,3.428571429,3,1,0.142857143,0.142857143,0.214285714,0.142857143,0.142857143,0,0.5,16.99
B08FDRR434,23,3.913043478,0,0.956521739,0,0,0.173913043,0.086956522,0,0.130434783,0.608695652,6.99
B08FF4DXLD,2,5,0,1,0,0,0,0,0,0,1,12.99
B08FHS36Y2,3,3.666666667,3,1,0.333333333,0.333333333,0.333333333,0,0,0,0.666666667,
B08FHSJ6RY,6,2.333333333,3,1,0.166666667,0.333333333,0.666666667,0,0,0,0.333333333,52.97
B08FHTYVBS,2,3,2,1,0,0,0.5,0,0,0,0.5,40.97
B08FHYQ22H,2,5,1,1,0,0,0,0,0,0,1,24.77
B08FMKGX6L,45,3.955555556,20,0.977777778,0,0,0.2,0.044444444,0.022222222,0.066666667,0.666666667,54.62
B08FMXL4PL,85,4.694117647,9,0.976470588,0.023529412,0.023529412,0.023529412,0.011764706,0.035294118,0.105882353,0.823529412,8.95
B08FR9GGV3,5,2.4,11,1,0.4,1.2,0.4,0.2,0.2,0,0.2,
B08FRBBGL5,6,5,5,1,0,0,0,0,0,0,1,21.99
B08FRCQ7VT,3,3.333333333,30,1,0,0,0.333333333,0,0,0.333333333,0.333333333,409
B08FS8TRSL,1,5,1,1,0,0,0,0,0,0,1,21.99
B08FSR49RR,21,4.142857143,16,0.952380952,0,0,0.19047619,0,0,0.095238095,0.714285714,22.94
B08FT4N733,4,4.75,0,1,0,0,0,0,0,0.25,0.75,25.99
B08FT9RLY8,2,5,0,1,0,0,0,0,0,0,1,
B08FX9DSSM,4,4.75,2,1,0,0,0,0,0,0.25,0.75,19.99
B08FXV4MQX,2,4,1,1,0,0,0,0,0.5,0,0.5,10.99
B08FXYZ8S1,2,3,0,1,0,0,0.5,0,0,0,0.5,85.79
B08FY8Y5QG,7,4.428571429,0,1,0.142857143,0.285714286,0,0.142857143,0,0.142857143,0.714285714,16.97
B08G1JXH3F,27,3.814814815,2,0.888888889,0.037037037,0.037037037,0.148148148,0.074074074,0.111111111,0.148148148,0.518518519,17.99
B08G3BGJF7,1,5,0,1,0,0,0,0,0,0,1,10.99
B08G4D2P33,6,4.333333333,3,1,0,0,0.166666667,0,0,0,0.833333333,15.99
B08G4JHPWW,3,3.333333333,1,1,0,0,0.333333333,0,0,0.333333333,0.333333333,22.99
B08G5MHL8V,1,5,0,1,0,0,0,0,0,0,1,15.39
B08GC15FS9,2,4.5,2,1,0.5,0.5,0,0,0,0.5,0.5,230.86
B08GC6C8PN,2,5,3,1,0,0,0,0,0,0,1,7.88
B08GCCB1D8,1,5,0,1,0,0,0,0,0,0,1,14.99
B08GCDN5NV,6,3.666666667,2,1,0.166666667,0.166666667,0.166666667,0,0.333333333,0,0.5,16.47
B08GCFYRKD,6,3.333333333,5,1,0,0,0.166666667,0.166666667,0,0.5,0.166666667,17.99
B08GCGYHG7,17,4.352941176,3,0.941176471,0,0,0.058823529,0.058823529,0.058823529,0.117647059,0.705882353,16.47
B08GFFY5FM,1,5,0,1,0,0,0,0,0,0,1,36.87
B08GFY2KB9,11,4,55,1,0,0,0.090909091,0,0.272727273,0.090909091,0.545454545,
B08GKKRPDQ,4,5,1,0.75,0,0,0,0,0,0,1,31.99
B08GLY6XL5,3,5,0,1,1,1,0,0,0,0,1,
B08GMCBYWB,4,4.75,0,1,0,0,0,0,0,0.25,0.75,11.49
B08GNHQ165,199,4.27638191,49,0.954773869,0.025125628,0.050251256,0.100502513,0.035175879,0.060301508,0.095477387,0.708542714,6.89
B08GNJJMST,6,3.166666667,2,1,0.166666667,0.333333333,0.333333333,0.166666667,0,0,0.5,14.95
B08GSHNXST,31,4.290322581,12,1,0.032258065,0.032258065,0.032258065,0.096774194,0.096774194,0.096774194,0.677419355,7.97
B08GZ8LKBP,4,4,0,1,0,0,0.25,0,0,0,0.75,29.97
B08H1Z8N2V,5,4.2,0,1,0,0,0.2,0,0,0,0.8,
B08H213R92,7,4.285714286,1,1,0.428571429,0.571428571,0.142857143,0,0,0.142857143,0.714285714,14.99
B08H3GFDWP,3,3.666666667,4,1,0,0,0.333333333,0,0,0,0.666666667,119.99
B08H551GHQ,5,4.2,12,1,0.4,1,0.2,0,0,0,0.8,
B08H5VNNVK,5,3.6,2,1,0,0,0.2,0.2,0,0,0.6,69.95
B08H7T3KCY,3,4,0,1,0.333333333,0.333333333,0,0.333333333,0,0,0.666666667,
B08H8GY356,1,2,2,1,0,0,0,1,0,0,0,
B08HC99PNC,16,3.4375,10,1,0,0,0.0625,0.1875,0.25,0.25,0.25,14.99
B08HCYRF8F,1,2,0,1,0,0,0,1,0,0,0,11.87
B08HD944LH,4,3.75,0,1,0.25,0.25,0.25,0,0,0.25,0.5,9.99
B08HD96C4Q,10,3.7,6,1,0.3,0.5,0.2,0,0.1,0.3,0.4,53.97
B08HH27G2V,12,3.666666667,4,1,0,0,0.25,0,0,0.333333333,0.416666667,59.87
B08HJRWTZP,2,1,0,1,0,0,1,0,0,0,0,27.99
B08HMX41KW,8,4.75,2,1,0,0,0,0,0.125,0,0.875,29.59
B08HPSFQVC,3,4.666666667,9,1,0,0,0,0,0,0.333333333,0.666666667,599.99
B08HPV66R1,21,4.428571429,21,1,0,0,0.047619048,0,0.047619048,0.285714286,0.619047619,
B08HQ4BKW7,4,3,7,1,0,0,0.5,0,0,0,0.5,17.59
B08HSWVPXV,5,3,4,1,0,0,0.4,0,0,0.4,0.2,29.99
B08HSZSBGP,1,5,0,1,0,0,0,0,0,0,1,
B08HT3RGW7,4,4.25,1,1,0,0,0,0.25,0,0,0.75,
B08HV73GG7,1,5,0,1,0,0,0,0,0,0,1,
B08J9KMCVG,4,4.5,2,1,0,0,0,0,0.25,0,0.75,19.99
B08JBHK6GV,2,3.5,0,1,0,0,0,0.5,0,0,0.5,
B08JD5XPK7,5,3.2,1,1,0.4,0.6,0.4,0,0,0.2,0.4,7.99
B08JFGMB47,8,4.625,0,1,0,0,0,0.125,0,0,0.875,28.99
B08JGSDWXT,25,3.8,30,0.92,0,0,0.12,0.08,0.12,0.24,0.44,
B08JH7N2B4,5,3.6,6,1,0,0,0,0.2,0.4,0,0.4,27.48
B08JH9F4L7,6,4.833333333,0,1,0,0,0,0,0,0.166666667,0.833333333,18.99
B08JLQMTLT,5,4.8,1,1,0,0,0,0,0,0.2,0.8,36.99
B08JP8TPV8,7,4.142857143,31,0.857142857,0,0,0.142857143,0,0.142857143,0,0.714285714,11.98
B08JR287K7,5,3.4,1,0.6,0.2,0.4,0.2,0.2,0,0.2,0.4,
B08JSQMD5C,3,4,2,1,0.333333333,0.666666667,0,0,0.333333333,0.333333333,0.333333333,
B08JTXCYB6,3,4.666666667,1,0.666666667,0.666666667,0.666666667,0,0,0,0.333333333,0.666666667,31.99
B08JY7CG6H,2,2.5,0,1,0,0,0,0.5,0.5,0,0,
B08JYLSD57,14,3.714285714,21,1,0.142857143,0.357142857,0.142857143,0.142857143,0.142857143,0,0.571428571,39.99
B08K42YNN3,9,4.777777778,3,1,0,0,0,0,0.111111111,0,0.888888889,15.99
B08K4HG1XL,11,3.636363636,38,1,0.090909091,0.090909091,0.272727273,0,0.090909091,0.090909091,0.545454545,18.95
B08K4HRH58,2,5,2,0,0,0,0,0,0,0,1,15.99
B08K8GKSQC,4,2.5,6,1,0.25,0.25,0.25,0.25,0.25,0.25,0,14.99
B08KCW7CH6,11,3.545454545,3,0.818181818,0.090909091,0.818181818,0.272727273,0.090909091,0,0.090909091,0.545454545,24.98
B08KD8VTW4,8,4.5,64,0.875,0.5,0.75,0,0,0.25,0,0.75,
B08KDH7X4G,4,4,1,1,0,0,0,0,0.5,0,0.5,31.47
B08KFQKZD7,2,5,0,1,0,0,0,0,0,0,1,
B08KHZ1X52,4,4,1,1,0,0,0,0,0.5,0,0.5,11.99
B08KYNZLMZ,8,4.375,4,1,0,0,0,0,0.25,0.125,0.625,36.99
B08KZG8GL2,4,3,4,1,0,0,0.25,0.25,0,0.25,0.25,16.99
B08L37D7WV,7,4,3,1,0,0,0,0,0.428571429,0.142857143,0.428571429,8.68
B08L3FDCC4,2,4.5,0,1,0,0,0,0,0,0.5,0.5,20.99
B08L3JZ5XF,1,5,2,1,1,1,0,0,0,0,1,20.97
B08L4NQXVX,7,4.714285714,1,1,0,0,0,0,0.142857143,0,0.857142857,8.41
B08L4TP9GV,13,4.769230769,12,1,0,0,0,0,0.076923077,0.076923077,0.846153846,69.99
B08L62JY75,5,4.8,10,1,0,0,0,0,0,0.2,0.8,39.99
B08L7P3GDY,6,5,4,1,0,0,0,0,0,0,1,
B08L8DQPKW,4,3,1,1,0.5,1,0.5,0,0,0,0.5,17.99
B08L8RRDP9,19,3.421052632,3,0.947368421,0,0,0.368421053,0,0.052631579,0,0.578947368,7.47
B08LB44QNW,3,1,4,1,0,0,1,0,0,0,0,
B08LBVMJ2S,2,3.5,0,1,0.5,0.5,0,0.5,0,0,0.5,15.95
B08LD9YQRW,3,3.333333333,1,1,0.333333333,0.666666667,0,0.333333333,0.333333333,0,0.333333333,9.99
B08LG9681G,4,3.5,2,1,0,0,0,0.5,0,0,0.5,
B08LGRFT6Q,79,3.835443038,14,0.949367089,0.037974684,0.088607595,0.189873418,0.050632911,0.063291139,0.126582278,0.569620253,9.99
B08LMFGRGY,14,3.571428571,2,1,0.071428571,0.214285714,0.142857143,0.214285714,0,0.214285714,0.428571429,17.77
B08LMTF8GM,7,4.571428571,10,1,0,0,0,0,0.142857143,0.142857143,0.714285714,22.99
B08LPD8QHK,5,4.6,3,1,0.2,0.2,0,0,0.2,0,0.8,31.99
B08LPW6S33,3,3.666666667,1,1,0,0,0,0.333333333,0,0.333333333,0.333333333,8.99
B08LS914Y7,8,3.875,4,1,0.125,0.125,0.125,0.125,0.125,0,0.625,38.87
B08LV9BZ1B,1,5,0,1,0,0,0,0,0,0,1,11.39
B08LVMR61L,20,3.6,1,0.95,0.1,0.15,0.1,0.3,0,0.1,0.5,12.99
B08M1784CW,10,3.1,11,1,0,0,0.3,0.1,0.1,0.2,0.3,
B08M1GFK33,9,4.888888889,13,1,0,0,0,0,0,0.111111111,0.888888889,
B08M1JZP9P,66,4.257575758,104,0.954545455,0.090909091,0.106060606,0.136363636,0,0.045454545,0.106060606,0.712121212,275
B08M5G8MQN,8,3.875,18,1,0.25,0.5,0.125,0,0.25,0.125,0.5,
B08M5THBY4,9,3.444444444,5,0.888888889,0.444444444,0.555555556,0.111111111,0.222222222,0.111111111,0.222222222,0.333333333,159.98
B08M68CCGG,4,4,28,0.75,0.25,0.75,0.25,0,0,0,0.75,
B08M8M7WSN,3,3.333333333,6,0.666666667,0,0,0,0.333333333,0.333333333,0,0.333333333,746.51
B08M94BG53,4,4.75,0,1,0,0,0,0,0,0.25,0.75,36.47
B08MCXK7NJ,2,5,0,1,0,0,0,0,0,0,1,65.37
B08MDSRLWN,4,4.5,3,1,0.25,0.5,0,0,0,0.5,0.5,
B08MDX4RCR,15,4.533333333,1,1,0,0,0.066666667,0,0.066666667,0.066666667,0.8,34.98
B08MMJ8RM7,35,3.114285714,100,0.828571429,0.114285714,0.228571429,0.285714286,0.085714286,0.2,0.085714286,0.342857143,410.51
B08MQT4B5K,11,3.909090909,29,1,0.272727273,0.272727273,0,0.272727273,0.090909091,0.090909091,0.545454545,38.99
B08MTPB2HR,4,4,3,0.75,0,0,0,0.25,0,0.25,0.5,39.99
B08MVPM6GQ,4,5,5,1,0.25,0.25,0,0,0,0,1,20.99
B08MVQS871,9,4.444444444,0,1,0,0,0.111111111,0,0,0.111111111,0.777777778,28.99
B08MVYR2GR,3,1.666666667,0,1,0,0,0.666666667,0,0.333333333,0,0,
B08MWS7Z3K,6,3.833333333,5,0.833333333,0.333333333,0.333333333,0,0.166666667,0.333333333,0,0.5,
B08MYNGC1Q,3,5,33,1,0.333333333,0.333333333,0,0,0,0,1,
B08MZ8T5BM,1,5,0,1,0,0,0,0,0,0,1,65.87
B08MZCSKY1,6,4.5,4,1,0,0,0,0,0.166666667,0.166666667,0.666666667,36.77
B08MZV5CTF,4,5,1,1,0,0,0,0,0,0,1,12.99
B08N44VPPX,5,4.2,0,1,0,0,0,0.2,0,0.2,0.6,9.47
B08N524CSD,9,4,6,1,0,0,0.222222222,0,0,0.111111111,0.666666667,16.97
B08N66X32H,2,4.5,0,1,0,0,0,0,0,0.5,0.5,
B08N6KTS2S,1,4,0,1,0,0,0,0,0,1,0,36.99
B08N75W5MJ,7,4.428571429,11,1,0.142857143,0.428571429,0,0.142857143,0,0.142857143,0.714285714,365.15
B08NB5VNC6,20,4.8,3,1,0.1,0.15,0,0.05,0,0.05,0.9,11.76
B08NC8C6YR,5,2.6,0,1,0,0,0.6,0,0,0,0.4,39.98
B08NCLM5D6,3,4.333333333,1,1,0.333333333,0.333333333,0,0,0.333333333,0,0.666666667,7.99
B08NCYZXW6,7,4.285714286,2,1,0.142857143,0.142857143,0.142857143,0,0,0.142857143,0.714285714,10.37
B08NFS42VN,5,5,2,1,0,0,0,0,0,0,1,17.77
B08NJ2SNL9,3,3.666666667,7,1,0,0,0.333333333,0,0,0,0.666666667,44.99
B08NJ7RKYJ,12,3.083333333,23,0.916666667,0,0,0.333333333,0.083333333,0.083333333,0.166666667,0.333333333,72.99
B08NJRNHYY,4,4.75,3,1,0,0,0,0,0,0.25,0.75,24.99
B08NPSHF23,7,4.857142857,4,0.571428571,0,0,0,0,0,0.142857143,0.857142857,
B08NPT1HN1,6,3.833333333,2,1,0,0,0.166666667,0,0,0.5,0.333333333,
B08NQ62H1W,2,5,0,1,0,0,0,0,0,0,1,27.89
B08NSJZSNJ,3,3.333333333,0,1,0,0,0,0.333333333,0.333333333,0,0.333333333,28.99
B08NSRNQF2,1,5,0,1,0,0,0,0,0,0,1,10.77
B08NSWKG2R,4,4.5,1,1,0,0,0,0,0.25,0,0.75,59.98
B08NSXFR3D,2,5,1,1,0,0,0,0,0,0,1,10.99
B08NSZ8PKH,3,2,2,1,0,0,0.666666667,0,0,0.333333333,0,24.99
B08NT8Z3D7,5,4.2,1,1,0.4,0.6,0,0.2,0,0.2,0.6,35.47
B08NV72Z13,23,3.130434783,2,1,0.043478261,0.043478261,0.260869565,0.217391304,0.086956522,0,0.434782609,24.99
B08NWHL6GZ,6,3.666666667,6,0.833333333,0,0,0.333333333,0,0,0,0.666666667,
B08NWJ8L3P,3,2.666666667,1,1,0,0,0.333333333,0.333333333,0,0,0.333333333,16.95
B08NWS4FWF,2,5,0,1,0,0,0,0,0,0,1,22.49
B08NX1J8WX,5,4,3,1,0,0,0,0,0.4,0.2,0.4,12.47
B08NXTP7YP,1,5,0,1,0,0,0,0,0,0,1,12.99
B08P14MLL5,6,4.5,1,1,0,0,0,0,0.166666667,0.166666667,0.666666667,22.77
B08P1MNKYD,6,4.833333333,1,1,0,0,0,0,0,0.166666667,0.833333333,35.99
B08P2SYXYQ,14,3.857142857,13,0.857142857,0,0,0.142857143,0.071428571,0.071428571,0.214285714,0.5,15.99
B08P3S19FC,5,3.2,3,1,0.2,0.4,0.4,0,0,0.2,0.4,199.99
B08P4GF85J,3,3.666666667,0,1,0,0,0.333333333,0,0,0,0.666666667,22.99
B08P5G2MZ5,5,2.6,4,1,0,0,0.6,0,0,0,0.4,14.99
B08P6XN2RV,4,4.5,1,1,0,0,0,0,0.25,0,0.75,40
B08P7XJPRL,1,5,0,1,0,0,0,0,0,0,1,9.99
B08P828CCH,14,2.5,8,0.785714286,0,0,0.5,0.071428571,0.071428571,0.142857143,0.214285714,33.19
B08P8HQNS1,2,5,0,1,0,0,0,0,0,0,1,
B08PC7Z882,4,5,0,1,0,0,0,0,0,0,1,21.95
B08PCWTT4X,142,2.957746479,87,0.957746479,0.169014085,0.23943662,0.316901408,0.169014085,0.091549296,0.084507042,0.338028169,25.98
B08PF36P29,4,4.5,14,1,0.25,0.25,0,0,0,0.5,0.5,77.99
B08PH8G5C9,1,5,0,1,0,0,0,0,0,0,1,18.99
B08PJY5PV1,5,3,18,1,0.2,0.6,0.4,0,0.2,0,0.4,439.98
B08PL4QY1R,6,4.833333333,1,1,0,0,0,0,0,0.166666667,0.833333333,
B08PMLXKNP,1,5,0,1,0,0,0,0,0,0,1,
B08PMTGW81,1,5,0,1,0,0,0,0,0,0,1,75.69
B08PTXKTPZ,3,4.666666667,1,1,0,0,0,0,0,0.333333333,0.666666667,17.99
B08PV519SB,4,4.25,0,1,0,0,0,0.25,0,0,0.75,37.37
B08PYPQQ3Z,3,3,13,1,0.333333333,0.333333333,0,0.666666667,0,0,0.333333333,
B08PYSSNJQ,4,2.75,129,1,0,0,0.25,0.25,0.25,0,0.25,355.99
B08Q4SCY75,11,2.909090909,2,1,0,0,0.272727273,0.181818182,0.181818182,0.090909091,0.272727273,12.71
B08Q7HCNQY,8,3.875,5,1,0.125,0.125,0.125,0.125,0.125,0,0.625,34.77
B08Q86C88C,8,4,4,0.875,0.25,0.625,0.25,0,0,0,0.75,36.95
B08Q8ZJQH4,3,3.666666667,15,1,0.333333333,0.333333333,0.333333333,0,0,0,0.666666667,429.99
B08Q92M4CD,2,4,2,1,0,0,0,0,0.5,0,0.5,20
B08Q94RSR3,40,4.15,71,0.925,0,0,0.15,0.025,0,0.175,0.65,
B08Q94ZJNH,5,4.2,0,1,0,0,0.2,0,0,0,0.8,28.44
B08QD8H6WY,11,3.909090909,0,1,0.181818182,0.272727273,0.272727273,0,0,0,0.727272727,23.97
B08QFCG1CG,1,5,0,1,0,0,0,0,0,0,1,19.98
B08QFQF9HG,6,4,66,0.833333333,0.333333333,0.333333333,0.166666667,0,0,0.333333333,0.5,229.99
B08QHJYPFW,5,4.2,1,1,0,0,0.2,0,0,0,0.8,35.77
B08QHSG1RM,4,4.75,0,1,0,0,0,0,0,0.25,0.75,27.27
B08QJ94DRG,7,4.285714286,0,1,0,0,0.142857143,0,0,0.142857143,0.714285714,
B08QM4HXHH,3,5,2,1,0,0,0,0,0,0,1,11.99
B08QM8XPNL,4,4.75,3,1,0,0,0,0,0,0.25,0.75,17.17
B08QMVTZDS,6,3.666666667,1,1,0.166666667,0.333333333,0.333333333,0,0,0,0.666666667,11.59
B08QMYX4FZ,4,3.5,8,1,0.5,1,0.25,0,0,0.5,0.25,
B08QR23V4Q,5,2.2,0,1,0,0,0.6,0,0.2,0,0.2,38.87
B08QR7CWL6,4,2.25,12,1,0,0,0.5,0,0.25,0.25,0,
B08QRGTJXP,2,2.5,2,1,0,0,0.5,0,0,0.5,0,1449
B08QTZC2MD,3,3.666666667,0,1,0,0,0.333333333,0,0,0,0.666666667,18.99
B08QV46TXD,5,2.6,2,1,0,0,0.6,0,0,0,0.4,
B08QV6V3D3,3,3.666666667,2,1,0.333333333,0.666666667,0,0,0.333333333,0.666666667,0,
B08QV7L5HT,1,1,3,1,0,0,1,0,0,0,0,
B08QV8PL3R,11,3.454545455,310,0.727272727,0,0,0.181818182,0.090909091,0.181818182,0.181818182,0.363636364,149.99
B08QVQY2NT,12,4.333333333,4,1,0.083333333,0.083333333,0.166666667,0,0,0,0.833333333,18.99
B08QW3872Q,4,5,0,1,0,0,0,0,0,0,1,
B08QW3RXTR,5,5,4,1,0,0,0,0,0,0,1,36.99
B08R16X27L,14,4.5,2,1,0,0,0.071428571,0,0,0.214285714,0.714285714,7.89
B08R1NNLP3,2,3.5,0,1,0,0,0,0.5,0,0,0.5,11.29
B08R2YK27D,2,4.5,0,1,0,0,0,0,0,0.5,0.5,
B08R2Z97ZY,3,2.333333333,0,1,0,0,0.666666667,0,0,0,0.333333333,85.99
B08R317RZP,2,5,2,1,0,0,0,0,0,0,1,
B08R3HGG3J,7,4.714285714,0,1,0,0,0,0,0.142857143,0,0.857142857,5.77
B08R3MY4P9,6,4.666666667,0,1,0,0,0,0,0,0.333333333,0.666666667,20.78
B08R3SYQT2,3,4.333333333,1,1,0,0,0,0,0.333333333,0,0.666666667,28.87
B08R5TVXTH,5,5,0,1,0,0,0,0,0,0,1,28.57
B08R6327NH,1,1,3,1,0,0,1,0,0,0,0,21.97
B08R72J3YN,1,2,0,1,0,0,0,1,0,0,0,23.97
B08R751X47,15,4,11,1,0.133333333,0.333333333,0.133333333,0.066666667,0.066666667,0.133333333,0.6,
B08R7LF2K2,4,2.25,0,1,0,0,0.5,0.25,0,0,0.25,
B08R8G35L8,6,3.5,3,1,0,0,0,0.333333333,0.166666667,0.166666667,0.333333333,11.47
B08R8KMZQC,7,3.857142857,2,1,0.142857143,0.142857143,0,0.142857143,0.142857143,0.428571429,0.285714286,39.99
B08R97RDYT,9,4.444444444,1,1,0,0,0,0.111111111,0,0.222222222,0.666666667,8.99
B08R9C9LBD,31,4.580645161,5,1,0.032258065,0.032258065,0.064516129,0.032258065,0.032258065,0,0.870967742,39.99
B08R9F7S9M,11,3.636363636,2,1,0,0,0.181818182,0.090909091,0.181818182,0,0.545454545,18.87
B08R9L2MGY,6,4.833333333,1,0.666666667,0,0,0,0,0,0.166666667,0.833333333,6.99
B08R9MKQBL,6,5,0,1,0,0,0,0,0,0,1,10.5
B08R9QK4DF,6,2.666666667,0,1,0,0,0.333333333,0.333333333,0,0,0.333333333,10.47
B08R9SVYXT,4,2.5,8,1,0,0,0.5,0,0.25,0,0.25,35.97
B08R9V8S2Q,2,5,1,1,0,0,0,0,0,0,1,18.47
B08R9W68NG,6,2.333333333,0,1,0,0,0.5,0.166666667,0,0.166666667,0.166666667,
B08RBHXFJS,1,3,0,1,0,0,0,0,1,0,0,9.99
B08RCG9W8S,8,4.25,6,1,0.125,0.125,0.125,0,0.125,0,0.75,22.99
B08RCJLBFL,6,3.833333333,2,1,0.166666667,0.166666667,0.166666667,0.166666667,0,0,0.666666667,17.45
B08RD8L5KP,5,2.6,2,1,0,0,0.6,0,0,0,0.4,26.99
B08RD93Z4G,3,5,2,1,0,0,0,0,0,0,1,18.97
B08RDKX9JX,2,5,0,1,0,0,0,0,0,0,1,16.97
B08RJ3GWXW,1,1,0,1,0,0,1,0,0,0,0,53.8
B08RMKN8B1,3,4,1,1,0,0,0,0.333333333,0,0,0.666666667,25.97
B08RMPKS2Q,8,4.375,4,1,0.125,0.125,0.125,0,0,0.125,0.75,23.99
B08RMQMRY1,8,4.125,0,1,0,0,0.125,0.125,0,0,0.75,11.95
B08RMXFZ3F,5,4.8,0,1,0,0,0,0,0,0.2,0.8,13.99
B08RMZN8K4,4,4.5,2,1,0,0,0,0,0,0.5,0.5,8.77
B08RN7XQTT,1,2,0,1,0,0,0,1,0,0,0,15.99
B08RNCVVR6,7,4.285714286,1,1,0,0,0.142857143,0,0,0.142857143,0.714285714,11.99
B08RNPRML6,2,5,1,1,0,0,0,0,0,0,1,26.47
B08RP88LC7,6,3.833333333,5,0.833333333,0,0,0.166666667,0,0.166666667,0.166666667,0.5,103.75
B08RRRGHYK,5,5,3,1,0,0,0,0,0,0,1,40
B08RS6W9N4,4,3,2,1,0.25,0.25,0.5,0,0,0,0.5,16.99
B08RS7H7KY,57,4.631578947,3,1,0.052631579,0.070175439,0,0.035087719,0.052631579,0.157894737,0.754385965,8.99
B08RW9SDJ3,4,5,0,1,0,0,0,0,0,0,1,19.99
B08RXMF46S,4,4.75,0,1,0.25,0.25,0,0,0,0.25,0.75,17.99
B08RXQNDGF,4,4.25,0,1,0.25,0.5,0,0.25,0,0,0.75,24.99
B08RYBW9TZ,3,3.666666667,0,0.666666667,0,0,0.333333333,0,0,0,0.666666667,23.99
B08RYRRYR1,8,4,18,0.875,0.5,0.875,0.125,0.125,0,0.125,0.625,25.99
B08RYZ98QX,4,4,4,0.75,0,0,0.25,0,0,0,0.75,33.88
B08S2RKCSJ,6,4.833333333,0,1,0.166666667,0.5,0,0,0,0.166666667,0.833333333,8.99
B08S34C5X9,16,3.5,11,1,0.125,0.125,0.25,0.0625,0.0625,0.1875,0.4375,19.99
B08S3FH82X,5,5,1,1,0,0,0,0,0,0,1,26.7
B08S3XZ1WQ,3,5,0,1,0,0,0,0,0,0,1,28.99
B08S3ZKKNL,6,3,0,1,0.166666667,0.166666667,0.333333333,0,0.333333333,0,0.333333333,19.99
B08SBJRJGV,46,4.434782609,11,1,0.043478261,0.043478261,0.065217391,0.02173913,0.086956522,0.065217391,0.760869565,10.99
B08SC2R9GB,3,3.333333333,5,1,0,0,0,0.333333333,0.333333333,0,0.333333333,
B08SJFGYCW,4,4,0,1,0.25,0.25,0.25,0,0,0,0.75,12.89
B08SJL99GJ,18,4,13,1,0.277777778,0.666666667,0.055555556,0.111111111,0.222222222,0,0.611111111,7.99
B08SLNMCMW,4,3.25,1,1,0,0,0.25,0,0.25,0.25,0.25,8.99
B08SLSK6Y3,4,5,0,1,0,0,0,0,0,0,1,
B08SNMGB8X,6,3.333333333,10,0.5,0.333333333,1,0.333333333,0,0.166666667,0,0.5,19.99
B08SQ7MMG4,2,4.5,4,1,0,0,0,0,0,0.5,0.5,179.99
B08SVVMSCX,5,3.4,0,1,0,0,0,0.2,0.4,0.2,0.2,18.49
B08SW9RW6X,5,2.6,2,1,0.4,0.8,0.2,0.4,0,0.4,0,19.79
B08SWDL4J7,1,5,3,1,0,0,0,0,0,0,1,
B08SXWSPZJ,3,3.333333333,4,1,0,0,0,0.333333333,0.333333333,0,0.333333333,29.99
B08T14PBB2,3,5,1,1,0,0,0,0,0,0,1,8.94
B08T1F47JJ,6,4.666666667,2,1,0,0,0,0,0.166666667,0,0.833333333,11.99
B08T5J9Z65,56,4.160714286,53,1,0.071428571,0.071428571,0.125,0.017857143,0.089285714,0.107142857,0.660714286,8.94
B08T9FNHFW,3,4.333333333,1,1,0,0,0,0,0.333333333,0,0.666666667,21.99
B08TBVB8B5,2,5,0,1,0,0,0,0,0,0,1,20.99
B08TH948YB,7,4.142857143,1,1,0,0,0,0.142857143,0,0.428571429,0.428571429,17.99
B08THJNXMT,5,3.4,2,0.8,0.2,0.2,0.2,0.2,0,0.2,0.4,18.87
B08THK7PG5,1,5,0,1,0,0,0,0,0,0,1,
B08TLSPF3J,5,3.8,0,1,0,0,0.2,0,0.2,0,0.6,18.99
B08TLVZYFX,2,4.5,0,1,0,0,0,0,0,0.5,0.5,6.99
B08TMKCC91,25,4.2,176,1,0,0,0.08,0.04,0.08,0.2,0.6,
B08TQT8927,2,5,0,1,0,0,0,0,0,0,1,9.77
B08TR3J5RD,1,5,0,1,0,0,0,0,0,0,1,63.5
B08TR6BXWW,5,3.8,0,1,0,0,0.2,0,0.2,0,0.6,52.45
B08TTH7HRM,16,3.8125,8,1,0.0625,0.0625,0.1875,0,0.125,0.1875,0.5,11.69
B08TVY2RJ4,5,3.2,5,1,0.2,0.4,0,0.6,0,0,0.4,
B08TW64Q1Y,12,4.333333333,0,1,0,0,0.166666667,0,0,0,0.833333333,12.99
B08TWM2TSD,3,4.666666667,0,1,0,0,0,0,0,0.333333333,0.666666667,16.99
B08TWMBXGK,2,5,0,1,0,0,0,0,0,0,1,31.24
B08V1243HV,5,1,3,1,0,0,1,0,0,0,0,26.99
B08V1TDVGQ,1,5,1,1,0,0,0,0,0,0,1,
B08V552JZ1,9,3.777777778,5,1,0.111111111,0.222222222,0,0.333333333,0.111111111,0,0.555555556,
B08V5JRDQJ,18,4.888888889,0,1,0.055555556,0.055555556,0,0,0,0.111111111,0.888888889,35.49
B08V5LGDCN,3,3.666666667,0,1,0,0,0,0.333333333,0,0.333333333,0.333333333,
B08V8PY79G,4,4,0,1,0,0,0.25,0,0,0,0.75,
B08VCZ438B,45,3.666666667,42,0.977777778,0.044444444,0.044444444,0.2,0.111111111,0.066666667,0.066666667,0.555555556,149.95
B08VDWFRQG,5,3.4,5,1,0.4,1,0.4,0,0,0,0.6,59.99
B08VGFRGV1,6,4.833333333,6,0.833333333,0.166666667,0.166666667,0,0,0,0.166666667,0.833333333,10.49
B08VGYBLCH,1,5,0,1,0,0,0,0,0,0,1,77.95
B08W29722B,7,3.428571429,5,1,0,0,0.142857143,0.285714286,0,0.142857143,0.428571429,199.06
B08W5212FB,5,4,0,1,0,0,0.2,0,0,0.2,0.6,7.87
B08W8JJKGN,11,1.909090909,0,1,0.272727273,0.545454545,0.636363636,0.090909091,0.090909091,0.090909091,0.090909091,7.99
B08W8Q9H1M,2,5,13,1,0.5,1.5,0,0,0,0,1,
B08W9M8FN7,1,1,0,1,0,0,1,0,0,0,0,52.95
B08WFG5X92,6,2.5,11,0.833333333,0,0,0.5,0.166666667,0,0,0.333333333,129.99
B08WH755NR,3,3,5,1,0,0,0.333333333,0,0.333333333,0,0.333333333,156.45
B08WH8KPGQ,3,4.333333333,0,1,0,0,0,0,0.333333333,0,0.666666667,29.95
B08WHKYYZJ,1,5,0,1,0,0,0,0,0,0,1,32.5
B08WK97GXF,3,3.333333333,0,1,0,0,0,0.333333333,0.333333333,0,0.333333333,
B08WKJRLZH,25,4.64,15,1,0.04,0.04,0.04,0,0.04,0.12,0.8,29.99
B08WL4V6DB,5,4.4,0,1,0,0,0,0.2,0,0,0.8,33.99
B08WRMVDGP,2,5,0,1,0,0,0,0,0,0,1,34.95
B08WWGS5B6,12,3.75,1,1,0.083333333,0.083333333,0.25,0,0.083333333,0.083333333,0.583333333,51.4
B08WWKW8HT,11,2.909090909,5,1,0,0,0.272727273,0.272727273,0.090909091,0,0.363636364,18.99
B08WZ5Y9ZY,8,3.75,15,1,0.125,0.375,0.125,0.25,0,0,0.625,279.99
B08X445VQ8,8,3.875,19,1,0.125,0.125,0.125,0,0.125,0.375,0.375,649.99
B08X5V692J,2,5,21,1,0,0,0,0,0,0,1,
B08X6RRB32,2,3,3,1,0.5,0.5,0.5,0,0,0,0.5,18.99
B08X6ZJR6C,5,5,80,1,0.2,0.2,0,0,0,0,1,189.99
B08X7431GH,5,3.6,0,1,0,0,0.2,0,0.2,0.2,0.4,
B08X9GYJLM,56,3.696428571,21,1,0.035714286,0.107142857,0.196428571,0.089285714,0.071428571,0.107142857,0.535714286,
B08XJTQN9P,2,5,0,1,0,0,0,0,0,0,1,23.99
B08XM1LV3T,5,3.2,0,1,0,0,0.2,0.2,0,0.4,0.2,219.99
B08XPZP35M,2,5,0,1,0,0,0,0,0,0,1,7.99
B08XW26YXN,4,3.75,8,1,0.25,0.25,0,0.25,0.25,0,0.5,16.99
B08XWFFJYR,4,1.5,0,1,0,0,0.5,0.5,0,0,0,25
B08XWSCSVV,4,3.75,2,1,0,0,0.25,0,0,0.25,0.5,
B08XWZBBQZ,9,4.222222222,18,1,0,0,0.111111111,0,0.111111111,0.111111111,0.666666667,23.97
B08XWZG1YH,4,5,0,1,0,0,0,0,0,0,1,12.99
B08XYBD147,1,5,0,1,0,0,0,0,0,0,1,34.55
B08XYV4DHZ,8,3.75,0,1,0,0,0.25,0,0,0.25,0.5,13.99
B08XYVHWMX,5,2.8,0,1,0,0,0.2,0.2,0.4,0,0.2,32.99
B08XYVTKFP,7,3.857142857,6,1,0,0,0.142857143,0.142857143,0,0.142857143,0.571428571,17.97
B08XZF22X3,14,4.642857143,6,1,0.071428571,0.071428571,0,0.071428571,0.071428571,0,0.857142857,11.49
B08XZPMX56,2,4,0,1,0,0,0,0,0.5,0,0.5,
B08Y5JZCN3,5,5,1,1,0,0,0,0,0,0,1,7.9
B08YDF3ZQ5,2,2,0,1,0,0,0.5,0,0.5,0,0,
B08YFF4Z1B,7,3.142857143,37,1,0.142857143,0.285714286,0.428571429,0,0,0.142857143,0.428571429,30.99
B08YN7ZXWF,4,5,0,1,0.25,0.25,0,0,0,0,1,69.95
B08YNL2SL4,17,3.235294118,69,1,0.117647059,0.117647059,0.176470588,0.235294118,0.117647059,0.117647059,0.352941176,73.49
B08YQKQ8R6,22,3.181818182,29,1,0,0,0.272727273,0.090909091,0.090909091,0.272727273,0.272727273,19.99
B08YQNJ8LS,1,5,1,1,0,0,0,0,0,0,1,149
B08YWXWBZV,25,3.88,52,0.88,0.12,0.12,0.12,0.04,0.2,0.12,0.52,75.99
B08Z3DYM25,6,4.5,0,1,0,0,0,0,0.166666667,0.166666667,0.666666667,34.99
B08Z3YMZH8,5,4.2,2,1,0,0,0.2,0,0,0,0.8,19.98
B08Z79CPGW,4,5,3,1,0.25,0.25,0,0,0,0,1,9.97
B08Z7TYTCM,4,3.75,1,1,0.25,0.5,0,0.25,0.25,0,0.5,19.88
B08ZCG9TH1,7,4.428571429,0,1,0,0,0.142857143,0,0,0,0.857142857,32.99
B08ZH72Z98,25,4.72,5,1,0.08,0.08,0,0.04,0.08,0,0.88,
B08ZHD696S,147,4.734693878,198,0.979591837,0.088435374,0.176870748,0.040816327,0,0.020408163,0.06122449,0.87755102,30
B08ZHNZXJ6,24,4.375,2,1,0.041666667,0.041666667,0.041666667,0.041666667,0.083333333,0.166666667,0.666666667,25.94
B08ZHZ6TSJ,8,2.75,9,1,0,0,0.375,0.125,0.125,0.125,0.25,24.99
B08ZK1LG4L,11,3.909090909,4,0.909090909,0,0,0.090909091,0.090909091,0.181818182,0.090909091,0.545454545,8.99
B08ZMM6THL,3,4,1,1,0,0,0,0.333333333,0,0,0.666666667,16.88
B08ZN21B69,3,4.333333333,0,1,0,0,0,0,0.333333333,0,0.666666667,9.49
B08ZNY79YN,4,2,0,1,0,0,0.5,0.25,0,0.25,0,
B08ZS6XNWR,2,5,0,1,0,0,0,0,0,0,1,
B08ZSG6M8X,4,3,4,1,0.25,0.75,0.5,0,0,0,0.5,
B08ZSPJBNH,4,4,1,1,0,0,0,0,0.25,0.5,0.25,12.99
B08ZW2RN69,4,4.5,8,1,0,0,0,0,0.25,0,0.75,300.51
B08ZXNYSH1,7,2,4,1,0,0,0.714285714,0,0,0.142857143,0.142857143,69.99
B0912G773K,16,3.5625,2,1,0.0625,0.0625,0.25,0.125,0,0.0625,0.5625,15.99
B09133YZL4,25,4.08,42,1,0.04,0.04,0.08,0.08,0.12,0.12,0.6,152.99
B0914VXCBT,2,5,0,1,0,0,0,0,0,0,1,9.99
B0915JNDR6,1,5,0,1,0,0,0,0,0,0,1,32.99
B0915YVGNH,17,4.588235294,14,1,0.117647059,0.176470588,0.058823529,0,0.058823529,0.058823529,0.823529412,339
B0919DS3JN,54,3.962962963,548,0.962962963,0.018518519,0.018518519,0.111111111,0.074074074,0.148148148,0.074074074,0.592592593,27.77
B0919DS5HP,15,3.866666667,4,1,0,0,0,0.333333333,0,0.133333333,0.533333333,172.95
B091BZ98YS,6,3.666666667,0,1,0,0,0.333333333,0,0,0,0.666666667,27.18
B091D3B2XL,3,3,1,1,0,0,0.333333333,0,0.333333333,0,0.333333333,79
B091GLH6HT,5,4.4,0,1,0,0,0,0.2,0,0,0.8,18.99
B091GLQKZZ,7,5,1,1,0.142857143,0.142857143,0,0,0,0,1,12.63
B091GN419W,8,4.375,5,1,0,0,0.125,0,0,0.125,0.75,37.99
B091GNM136,7,4.428571429,9,1,0.142857143,0.142857143,0,0.142857143,0,0.142857143,0.714285714,18.99
B091HV8K1M,3,3,0,0.666666667,0,0,0.333333333,0,0.333333333,0,0.333333333,13.99
B091HXKFQF,14,4.571428571,2,1,0,0,0.071428571,0,0,0.142857143,0.785714286,12.99
B091KF6BJJ,4,4,1,1,0,0,0,0.25,0,0.25,0.5,17.99
B091XXDY6T,2,3,1,1,0,0,0,0.5,0,0.5,0,17.83
B09214CJBN,22,4.136363636,13,1,0,0,0.045454545,0.181818182,0,0.136363636,0.636363636,9.99
B0923KYXX1,3,4.666666667,2,1,0,0,0,0,0,0.333333333,0.666666667,14.88
B09261WY3K,10,4,4,0.9,0.1,0.1,0.2,0,0.1,0,0.7,6.98
B0928G77FD,4,3,0,1,0,0,0.25,0,0.5,0,0.25,17.89
B092DCFSNT,5,4.2,1,0.8,0,0,0.2,0,0,0,0.8,
B092G83KJZ,7,3.428571429,28,1,0,0,0.285714286,0,0,0.428571429,0.285714286,81.99
B092J74G4Y,2,3,2,1,0,0,0.5,0,0,0,0.5,8.99
B092JK196F,12,3.5,21,0.916666667,0.333333333,0.5,0.25,0,0.166666667,0.166666667,0.416666667,429
B092M5RTJQ,2,2.5,1,1,0,0,0,0.5,0.5,0,0,
B092MXW2BY,8,4.25,31,1,0.25,0.25,0.125,0,0.125,0,0.75,359
B092S4GXQB,4,4.5,1,1,0.25,0.25,0,0,0.25,0,0.75,299.99
B092X4THVJ,7,2.142857143,7,0.857142857,0.142857143,0.428571429,0.714285714,0,0,0,0.285714286,28.99
B092Z2BNC6,6,4.833333333,13,1,0.166666667,0.166666667,0,0,0,0.166666667,0.833333333,119.99
B092ZDD2HH,27,5,0,1,0,0,0,0,0,0,1,11.99
B09323R5KT,8,3.375,7,1,0,0,0.25,0.125,0.125,0,0.5,12.99
B0932MKV76,1,3,0,1,0,0,0,0,1,0,0,
B093BFWH7M,1,5,0,1,0,0,0,0,0,0,1,19.77
B093DHTQXL,5,4,5,1,0.2,0.2,0,0.2,0,0.4,0.4,13.49
B093FMKQZ9,3,2.333333333,1,1,0,0,0.666666667,0,0,0,0.333333333,10.39
B093KLWWZZ,22,3.272727273,37,1,0.045454545,0.045454545,0.227272727,0.227272727,0.045454545,0.045454545,0.454545455,32.49
B093L7GPTL,10,4.6,1,1,0.1,0.2,0,0,0.2,0,0.8,29.98
B093Y9QPBT,3,4.333333333,1,1,0,0,0,0,0.333333333,0,0.666666667,
B09478MRGZ,21,4.19047619,6,1,0.095238095,0.142857143,0.142857143,0.047619048,0,0.095238095,0.714285714,15.99
B094DPJ5PC,3,3.666666667,0,1,0,0,0.333333333,0,0,0,0.666666667,6.99
B094F7CQTT,7,3.428571429,17,1,0,0,0.285714286,0,0.142857143,0.142857143,0.428571429,349
B094F95328,3,3.333333333,1,1,0,0,0,0.333333333,0,0.666666667,0,18.99
B094FBBJVP,5,3.8,1,1,0,0,0.2,0,0.2,0,0.6,17.99
B094GY8XYN,3,5,0,1,0,0,0,0,0,0,1,13.99
B094HNNGZX,7,4.714285714,1,1,0,0,0,0,0,0.285714286,0.714285714,125.95
B094N27R91,1,3,1,1,0,0,0,0,1,0,0,19.99
B094PY8C63,13,4,2,0.923076923,0.076923077,0.153846154,0.076923077,0.153846154,0.076923077,0.076923077,0.615384615,
B094VVBHBP,3,5,23,1,0,0,0,0,0,0,1,
B094YVBD5R,11,4.545454545,5,1,0.090909091,0.090909091,0,0.090909091,0.090909091,0,0.818181818,10.99
B094ZCX7XR,14,4.071428571,9,0.857142857,0.071428571,0.142857143,0.142857143,0.071428571,0,0.142857143,0.642857143,22.99
B0951MTMFH,1,3,0,1,0,0,0,0,1,0,0,68.57
B0952RCGJB,1,5,0,1,0,0,0,0,0,0,1,26.99
B0958RLTSY,10,4.2,22,0.9,0.3,0.4,0,0.1,0.1,0.3,0.5,350
B095BCQMXX,3,3.666666667,11,1,0.333333333,0.666666667,0,0.333333333,0,0.333333333,0.333333333,16.99
B095BNFRYH,2,5,1,1,0,0,0,0,0,0,1,
B095C631K8,3,4.666666667,2,0.666666667,0.666666667,2,0,0,0,0.333333333,0.666666667,11.99
B095C6YC6W,9,3.222222222,2,1,0.111111111,0.222222222,0.111111111,0.222222222,0.222222222,0.222222222,0.222222222,12.99
B095C9GXN4,12,4.416666667,3,1,0.166666667,0.166666667,0.083333333,0.083333333,0,0,0.833333333,35.99
B095HNGB3D,5,3.4,11,1,0.2,0.6,0.4,0,0,0,0.6,85.99
B095JVZJJ6,17,4.176470588,27,1,0.058823529,0.058823529,0.117647059,0.058823529,0.058823529,0.058823529,0.705882353,14.99
B095JZSH3X,4,3,6,0.75,0.25,0.5,0.5,0,0,0,0.5,18.66
B095KKTCTR,3,4.333333333,0,1,0,0,0,0,0,0.666666667,0.333333333,21.19
B095L37TM2,2,2.5,6,0.5,0,0,0,0.5,0.5,0,0,106.5
B095RGB1WT,3,3.666666667,0,1,0,0,0.333333333,0,0,0,0.666666667,
B095S9GH55,43,4.302325581,77,0.953488372,0,0,0.093023256,0.023255814,0.046511628,0.162790698,0.674418605,21.99
B095VV4FRP,6,3.833333333,1,1,0.166666667,0.166666667,0.166666667,0,0,0.5,0.333333333,
B095VWQSQ1,4,3.5,1,1,0.25,0.25,0.25,0,0.25,0,0.5,16.99
B095WPQDGD,3,3.666666667,1,0.666666667,0,0,0,0.333333333,0,0.333333333,0.333333333,
B095WPVWHW,4,3.25,12,1,0.25,0.75,0,0.25,0.5,0,0.25,
B095YDK1MR,5,4.8,14,1,0.2,0.2,0,0,0,0.2,0.8,17.99
B096364PDC,4,4.5,1,1,0.25,0.25,0,0,0.25,0,0.75,
B0967MVJLH,3,4,1,1,0,0,0,0.333333333,0,0,0.666666667,68.57
B096945C1N,4,4.75,0,1,0,0,0,0,0,0.25,0.75,12.39
B0969FDFBC,6,4.833333333,3,1,0.166666667,0.166666667,0,0,0,0.166666667,0.833333333,
B096DBVZ9V,3,4.666666667,0,1,0,0,0,0,0,0.333333333,0.666666667,19.99
B096HFDJXQ,7,3.285714286,5,1,0,0,0.285714286,0.142857143,0,0.142857143,0.428571429,14.95
B096KFHWK6,9,3.444444444,3,0.888888889,0,0,0.222222222,0,0.222222222,0.222222222,0.333333333,10.99
B096MGP5K5,7,4.571428571,5,1,0,0,0,0,0.142857143,0.142857143,0.714285714,19.99
B096NHLGDC,3,3.666666667,4,1,0,0,0,0.333333333,0,0.333333333,0.333333333,16.99
B096NK2RXG,1,3,0,1,0,0,0,0,1,0,0,26.85
B096NML3CL,3,3.333333333,0,1,0,0,0.333333333,0,0,0.333333333,0.333333333,7.99
B096RXS6Y4,3,4.333333333,26,1,0,0,0,0,0,0.666666667,0.333333333,289.99
B096TWQZ3B,4,4,16,1,0.25,0.25,0,0.25,0,0.25,0.5,98.99
B096V5QM3P,3,4.333333333,0,1,0,0,0,0,0.333333333,0,0.666666667,18.99
B096VMJ168,5,3.2,1,1,0.4,0.4,0,0.2,0.6,0,0.2,
B096W7GTGY,92,3.586956522,19,0.956521739,0,0,0.22826087,0.076086957,0.065217391,0.141304348,0.489130435,17.6
B096WH4J6B,4,4.75,0,1,0.25,0.25,0,0,0,0.25,0.75,
B09723G2VJ,6,5,0,1,0,0,0,0,0,0,1,18.99
B0972K36CK,3,3,0,1,0,0,0,0,1,0,0,24.98
B0973P22MS,2,4.5,0,1,0,0,0,0,0,0.5,0.5,11.72
B0977JXD7F,6,3.333333333,2,1,0.166666667,0.333333333,0.166666667,0.333333333,0,0,0.5,30.54
B0979CJM45,3,3,0,0.666666667,0.333333333,1,0.333333333,0,0.333333333,0,0.333333333,15
B097BBJCX8,20,3.6,31,1,0.15,0.3,0.1,0.15,0.2,0.15,0.4,26.99
B097BTWGFQ,5,5,1,1,0,0,0,0,0,0,1,12.5
B097DG61JJ,6,4.333333333,5,1,0.166666667,0.166666667,0,0,0.333333333,0,0.666666667,12.99
B097F1B375,9,2.666666667,6,0.444444444,0.111111111,0.222222222,0.444444444,0.111111111,0,0.222222222,0.222222222,274
B097HBGQHR,4,4.5,7,1,0,0,0,0,0.25,0,0.75,13.99
B097KBJF48,1,5,0,1,0,0,0,0,0,0,1,199.99
B097KQ5MW7,26,4.576923077,11,1,0.038461538,0.038461538,0.038461538,0,0,0.269230769,0.692307692,58.36
B097QX32H2,9,2.111111111,6,0.888888889,0.111111111,0.111111111,0.555555556,0.222222222,0,0,0.222222222,269.25
B097XX37YK,2,5,0,1,0,0,0,0,0,0,1,59.99
B097Z77R79,6,4,0,1,0,0,0.166666667,0,0.166666667,0,0.666666667,47.95
B0981HXB9N,3,4.666666667,0,1,0,0,0,0,0,0.333333333,0.666666667,
B0986CZMP6,2,4.5,1,1,0,0,0,0,0,0.5,0.5,
B0986R1S3H,9,3.666666667,6,1,0.111111111,0.111111111,0.222222222,0.111111111,0,0.111111111,0.555555556,
B09877X7B1,6,4,0,1,0,0,0.166666667,0,0.166666667,0,0.666666667,
B0987MNJZ1,5,2.6,14,1,0.2,0.2,0.4,0,0.4,0,0.2,39.4
B09884T4N3,3,5,1,1,0,0,0,0,0,0,1,45.96
B098BLCSCH,2,4.5,0,1,0,0,0,0,0,0.5,0.5,34.95
B098CWNQ5Z,6,5,0,1,0,0,0,0,0,0,1,52.99
B098DD5JQ4,7,4,0,1,0,0,0.142857143,0.142857143,0,0,0.714285714,4.95
B098DKM1V6,7,4.142857143,10,0.857142857,0,0,0.142857143,0,0.142857143,0,0.714285714,119.99
B098FB2FNZ,3,2.666666667,1,1,0,0,0.333333333,0.333333333,0,0,0.333333333,72.64
B098G54JZF,14,4.571428571,8,0.857142857,0.142857143,0.214285714,0,0,0.142857143,0.142857143,0.714285714,6.97
B098LH9VBT,3,4,4,1,0.333333333,0.333333333,0,0.333333333,0,0,0.666666667,27.99
B098NDHV34,2,1,1,1,0,0,1,0,0,0,0,29.69
B098QC9GDB,3,4,0,1,0,0,0,0,0.333333333,0.333333333,0.333333333,26.47
B098VYW91F,2,4,0,1,0,0,0,0,0.5,0,0.5,
B098WY3QCL,5,3,0,1,0,0,0.4,0,0.2,0,0.4,28.07
B098X76P2G,5,4.6,1,0.8,0,0,0,0,0.2,0,0.8,11.95
B0995NP3DZ,2,5,0,1,0,0,0,0,0,0,1,7.89
B0996BGWVK,5,4.6,8,1,0.2,0.2,0,0,0.2,0,0.8,44.61
B0996CHGXK,6,3.833333333,4,0.833333333,0,0,0.166666667,0,0.166666667,0.166666667,0.5,13.99
B099B42TVD,2,3,0,1,0,0,0,0.5,0,0.5,0,578.75
B099FC1439,8,3.625,3,1,0,0,0.25,0,0.125,0.125,0.5,
B099GF783W,6,3.666666667,3,0.833333333,0,0,0.166666667,0.166666667,0,0.166666667,0.5,359
B099K77TSL,6,4.333333333,2,1,0,0,0,0,0.166666667,0.333333333,0.5,39.99
B099NMG3RH,3,4,1,1,0.333333333,0.666666667,0,0,0.333333333,0.333333333,0.333333333,
B099NNSDH2,4,4,19,1,0.25,0.25,0,0.25,0,0.25,0.5,
B099PNVG92,12,4.166666667,13,1,0,0,0,0.166666667,0.083333333,0.166666667,0.583333333,99.99
B099QHBFP2,52,4.461538462,15,0.980769231,0.019230769,0.019230769,0.057692308,0,0.115384615,0.076923077,0.75,17.99
B099S5PDM1,3,5,2,1,0,0,0,0,0,0,1,214.99
B099ZKQJHK,10,3.6,0,1,0,0,0.1,0.2,0.2,0,0.5,
B09B2BYC5X,4,5,0,1,0,0,0,0,0,0,1,16.95
B09B3R7R67,2,3,0,1,0,0,0.5,0,0,0,0.5,18.98
B09B75NWLG,5,3.8,9,1,0.2,0.2,0,0,0.6,0,0.4,6.98
B09B9335PM,8,4.125,5,1,0.125,0.25,0,0.25,0,0.125,0.625,329.6
B09B9D1C5X,6,4,3,1,0,0,0.166666667,0,0,0.333333333,0.5,37.99
B09BB4X4BN,15,4.733333333,1,1,0,0,0.066666667,0,0,0,0.933333333,4.84
B09BBMN93G,6,4.666666667,0,1,0,0,0,0,0.166666667,0,0.833333333,18.99
B09BBYLN17,16,4.3125,5,0.9375,0.25,0.5,0.125,0.0625,0,0,0.8125,24.95
B09BDLDGBK,5,4.8,2,1,0,0,0,0,0,0.2,0.8,41.65
B09BDW1JXR,2,3,1,1,0,0,0.5,0,0,0,0.5,
B09BJV21SF,52,4.057692308,13,1,0.115384615,0.173076923,0.076923077,0.134615385,0.057692308,0.115384615,0.615384615,14.99
B09BQ4BV5W,4,2.5,2,1,0,0,0.5,0,0.25,0,0.25,25.39
B09BXH24QV,7,3.285714286,15,1,0.285714286,0.714285714,0.142857143,0.142857143,0.285714286,0.142857143,0.285714286,539.99
B09BXVS17S,23,3.913043478,23,0.956521739,0.130434783,0.217391304,0.130434783,0.130434783,0.086956522,0,0.652173913,279.99
B09BYZLXHF,5,3.4,3,1,0,0,0.4,0,0,0,0.6,199.69
B09C15BK93,3,3.666666667,2,1,0,0,0,0.333333333,0,0.333333333,0.333333333,15.99
B09C1Q4ZQJ,5,3.8,5,1,0,0,0.2,0,0.2,0,0.6,69.8
B09C5GDT4P,3,5,0,1,0,0,0,0,0,0,1,27.99
B09C7QV9V7,4,4,1,1,0,0,0.25,0,0,0,0.75,15.99
B09CBF2XCF,273,4.340659341,32,0.985347985,0.025641026,0.04029304,0.06959707,0.051282051,0.062271062,0.102564103,0.714285714,8.99
B09CDPS8VL,3,4,13,1,0,0,0,0.333333333,0,0,0.666666667,
B09CHDQLJ4,20,4,309,0.95,0,0,0.2,0,0.05,0.1,0.65,37.98
B09CHFF3ZX,9,4.222222222,1,1,0,0,0,0.222222222,0,0.111111111,0.666666667,22.99
B09CKTB98W,4,4.5,3,1,0.25,0.25,0,0,0,0.5,0.5,21.48
B09CLZ9RQZ,2,3,0,1,0,0,0.5,0,0,0,0.5,10.77
B09CN9JC8R,2,5,0,1,0,0,0,0,0,0,1,26.99
B09CPDT71T,8,4.625,4,1,0.125,0.25,0,0.125,0,0,0.875,26.99
B09CPG4JHK,11,3.545454545,2,1,0.272727273,0.363636364,0.181818182,0.090909091,0.181818182,0.090909091,0.454545455,18.99
B09CPXDXRR,11,3.454545455,33,0.909090909,0.181818182,0.181818182,0.090909091,0.272727273,0.181818182,0,0.454545455,
B09CTS9KN5,4,3.75,0,1,0,0,0.25,0,0,0.25,0.5,17.59
B09D3B5DF9,26,3.538461538,34,1,0.115384615,0.230769231,0.115384615,0.192307692,0.153846154,0.115384615,0.423076923,16.99
B09D53VPLG,2,4,3,1,0,0,0,0,0.5,0,0.5,261.99
B09D6XS49X,1,5,0,1,0,0,0,0,0,0,1,
B09D72QCSL,3,4.666666667,2,1,0,0,0,0,0,0.333333333,0.666666667,10.58
B09D77LK8K,12,3.416666667,9,0.833333333,0,0,0.166666667,0.166666667,0.166666667,0.083333333,0.416666667,91.4
B09D7B1HPS,3,3.333333333,3,0.666666667,0,0,0.333333333,0,0,0.333333333,0.333333333,
B09DD6D48V,7,4.428571429,1,1,0.142857143,0.285714286,0,0,0.142857143,0.285714286,0.571428571,7.95
B09DFFN62W,2,3,0,1,0,0,0.5,0,0,0,0.5,32.99
B09DFYKT71,1,1,0,1,0,0,1,0,0,0,0,25.95
B09DT2WPTY,5,4.2,9,0.8,0,0,0,0,0.4,0,0.6,353.2
B09DX5CCTL,39,4.256410256,27,0.974358974,0.051282051,0.051282051,0.051282051,0.076923077,0.076923077,0.153846154,0.641025641,12.99
B09DXTZFMW,8,4.375,21,1,0.375,0.5,0.125,0,0,0.125,0.75,279.99
B09F6ZCKJW,3,3.666666667,4,1,0.333333333,0.333333333,0.333333333,0,0,0,0.666666667,399
B09F9WR2SH,8,3.875,2,1,0,0,0.125,0.125,0,0.25,0.5,
B09F9ZQ6RF,6,3,1,1,0,0,0.333333333,0.166666667,0,0.166666667,0.333333333,32.66
B09FCTLRT2,4,1.5,0,1,0,0,0.5,0.5,0,0,0,
B09FPQFDPS,1,1,0,1,0,0,1,0,0,0,0,11.95
B09FPWJBT8,2,3.5,2,1,0,0,0,0.5,0,0,0.5,39.99
B09FRY8M47,5,3.8,2,0.6,0,0,0.2,0,0,0.4,0.4,
B09FXJZ94X,3,4,1,1,0,0,0,0.333333333,0,0,0.666666667,19.59
B09G6TW3TP,5,4.6,17,1,0.2,0.2,0,0,0.2,0,0.8,154.97
B09G76121T,9,2.666666667,5,1,0.111111111,0.111111111,0.444444444,0,0.111111111,0.333333333,0.111111111,24.99
B09G97WC33,4,3,10,1,0,0,0.25,0,0.25,0.5,0,169.99
B09GHK3F4Y,28,3.964285714,15,1,0.035714286,0.035714286,0.107142857,0.107142857,0.107142857,0.071428571,0.607142857,41.5
B09GL6SRNJ,12,3.833333333,55,0.666666667,0.333333333,0.666666667,0.083333333,0.083333333,0.166666667,0.25,0.416666667,24.95
B09GMWWMHD,23,2.869565217,160,0.826086957,0.086956522,0.173913043,0.304347826,0.086956522,0.260869565,0.130434783,0.217391304,
B09GP3VZPN,1,3,0,1,0,0,0,0,1,0,0,
B09GTYM266,5,3.4,9,1,0,0,0.2,0.2,0,0.2,0.4,14.99
B09H4Y531Z,15,3.866666667,6,0.933333333,0,0,0.2,0,0.066666667,0.2,0.533333333,22.99
B09H5JSBF9,64,4.1875,6,1,0.046875,0.09375,0.109375,0.078125,0.015625,0.109375,0.6875,7.49
B09HFDP5CF,19,3.684210526,7,0.947368421,0.157894737,0.210526316,0.052631579,0.263157895,0.052631579,0.210526316,0.421052632,305.95
B09HGSHQSG,4,4.75,0,0.5,0,0,0,0,0,0.25,0.75,24.99
B09HRB1TFD,17,3.941176471,65,1,0.235294118,0.411764706,0.176470588,0,0.117647059,0.117647059,0.588235294,1360.99
B09HSBCX39,2,4.5,0,1,0,0,0,0,0,0.5,0.5,9.99
B09HTY54RK,8,4.375,3,1,0.25,0.5,0,0,0.25,0.125,0.625,17.99
B09HWCBPKD,46,3.97826087,6,1,0.043478261,0.108695652,0.152173913,0.086956522,0.065217391,0.02173913,0.673913043,16.71
B09HWVK723,1,5,1,1,0,0,0,0,0,0,1,42.99
B09HYVQ6WG,3,5,4,0.666666667,0,0,0,0,0,0,1,3.36
B09J1VYDG2,20,3.95,30,1,0,0,0.2,0.05,0,0.1,0.65,13.99
B09J2D2PR7,6,4.833333333,3,1,0,0,0,0,0,0.166666667,0.833333333,
B09J3MFWWJ,84,4,55,0.964285714,0.047619048,0.05952381,0.107142857,0.083333333,0.095238095,0.130952381,0.583333333,33.99
B09JBSSMXV,57,4.01754386,16,0.98245614,0.035087719,0.052631579,0.140350877,0.087719298,0.035087719,0.087719298,0.649122807,36.99
B09JF8ZNKP,4,2.75,1,1,0,0,0.25,0.25,0.25,0,0.25,29.7
B09JFJRN42,8,3.625,2,1,0,0,0.125,0.125,0.25,0,0.5,23.99
B09JFTP6YX,5,4.8,0,1,0,0,0,0,0,0.2,0.8,29.99
B09JFX752Z,5,4.8,1,1,0,0,0,0,0,0.2,0.8,23.66
B09JLT5L6D,3,5,0,1,0,0,0,0,0,0,1,
B09JWYL8DW,5,4.8,7,1,0.4,0.4,0,0,0,0.2,0.8,279.99
B09JY77GCY,68,2.867647059,24,0.882352941,0.073529412,0.102941176,0.352941176,0.147058824,0.088235294,0.102941176,0.308823529,312.85
B09JY8YPTK,9,2.888888889,2,1,0.222222222,0.333333333,0.333333333,0.222222222,0,0.111111111,0.333333333,309.32
B09JZFXT2H,1,5,3,1,0,0,0,0,0,0,1,26.99
B09K7MQL4G,2,1.5,4,1,0,0,0.5,0.5,0,0,0,11.99
B09K7PQQR1,4,5,50,1,0,0,0,0,0,0,1,49.99
B09K7S53MV,29,3.862068966,35,0.965517241,0.103448276,0.482758621,0.172413793,0.068965517,0.068965517,0.103448276,0.586206897,131.99
B09KCCPFMR,7,2.571428571,12,1,0,0,0.428571429,0.142857143,0,0.285714286,0.142857143,24.67
B09KCCT9PM,5,4,6,1,0,0,0,0.2,0,0.4,0.4,332
B09KRKT9TK,4,3.5,2,0.75,0,0,0.25,0,0.25,0,0.5,
B09KY4B3R7,1,4,1,0,1,2,0,0,0,1,0,23.98
B09KY5GPTC,3,2.666666667,5,0.666666667,0,0,0.333333333,0.333333333,0,0,0.333333333,33.95
B09KZRP8K8,2,3,1,0.5,0.5,0.5,0.5,0,0,0,0.5,299.99
B09KZSJMPM,3,3.333333333,0,1,0,0,0,0.333333333,0.333333333,0,0.333333333,93.52
B09L17335F,4,3.75,2,1,0.25,0.5,0.25,0,0,0.25,0.5,15.99
B09L4FSF5S,30,3.933333333,9,1,0.133333333,0.166666667,0.1,0.1,0.1,0.166666667,0.533333333,11.99
B09L4PT2R8,25,3.96,20,0.96,0,0,0.2,0,0.08,0.08,0.64,63.74
B09LH7FDF2,9,3.666666667,10,1,0.222222222,0.333333333,0.333333333,0,0,0,0.666666667,6.98
B09LLKQ7B3,3,5,1,0.666666667,0,0,0,0,0,0,1,33.99
B09LLPG387,3,5,0,0.666666667,0,0,0,0,0,0,1,
B09LM12HDY,4,4,4,1,0,0,0.25,0,0,0,0.75,49.66
B09LQ7KHSS,3,5,0,1,0,0,0,0,0,0,1,54.99
B09LR4TSPK,5,3.4,19,0.8,0.6,1,0.2,0,0.4,0,0.4,1625
B09LR6QMCX,1,4,0,1,0,0,0,0,0,1,0,24.99
B09LTWVHQ7,2,5,0,1,0,0,0,0,0,0,1,10.8
B09LTXBY22,8,4.5,2,1,0,0,0.125,0,0,0,0.875,
B09LTYQFRL,9,4,20,1,0,0,0.222222222,0,0,0.111111111,0.666666667,209.47
B09LXY5FGB,9,4.111111111,5,1,0,0,0.111111111,0,0.222222222,0,0.666666667,11.97
B09LZ3TD7X,18,3.944444444,32,1,0.166666667,0.277777778,0.111111111,0.111111111,0.055555556,0.166666667,0.555555556,23.99
B09M45QYY1,12,4,6,1,0.166666667,0.333333333,0.166666667,0,0.083333333,0.166666667,0.583333333,26.99
B09M4P5ZH2,67,4.328358209,68,0.970149254,0,0,0.089552239,0.044776119,0.044776119,0.089552239,0.731343284,49.15
B09M6VWLVH,17,4.294117647,15,0.941176471,0,0,0,0.117647059,0.117647059,0.117647059,0.647058824,14.97
B09M7Y5QZX,10,2.6,0,0.9,0,0,0.2,0.4,0.1,0.2,0.1,12.99
B09M9VN74W,4,5,2,1,0.25,1,0,0,0,0,1,33.88
B09MDN783L,4,4.25,2,1,0,0,0,0.25,0,0,0.75,329.99
B09MF4RRYZ,4,5,1,1,0.25,0.25,0,0,0,0,1,49.99
B09MFLYN2V,5,4.2,7,1,0.4,0.4,0,0.2,0,0.2,0.6,64.87
B09MG3KRM4,5,3.4,5,1,0,0,0.2,0,0.4,0,0.4,18.95
B09MGQS5MY,12,2.333333333,19,1,0.083333333,0.166666667,0.416666667,0.166666667,0.25,0,0.166666667,499.99
B09MJWFL31,20,2.5,16,0.9,0.2,0.2,0.35,0.3,0.05,0.1,0.2,
B09MKCXMQS,7,2.714285714,12,1,0,0,0.285714286,0.285714286,0.142857143,0,0.285714286,14.98
B09MLCFB99,6,2.5,9,1,0,0,0.333333333,0.333333333,0,0.166666667,0.166666667,25.99
B09MLTXZ4Z,8,3.625,1,1,0,0,0.125,0.125,0.125,0.25,0.375,9.99
B09MM7BH9P,53,4,256,1,0.150943396,0.188679245,0.113207547,0.018867925,0.056603774,0.377358491,0.433962264,79.99
B09MMCMB38,5,4.2,0,1,0,0,0,0.2,0,0.2,0.6,33.66
B09MQ44MQD,3,3.666666667,1,1,0,0,0.333333333,0,0,0,0.666666667,
B09MQLYPRR,333,3.801801802,243,0.963963964,0.009009009,0.012012012,0.219219219,0.048048048,0.051051051,0.075075075,0.606606607,58.94
B09MRWZ96Z,6,5,0,1,0.333333333,0.5,0,0,0,0,1,959.99
B09MTN3CTM,6,4.333333333,0,1,0,0,0.166666667,0,0,0,0.833333333,13.99
B09MVV717N,58,3.551724138,203,0.931034483,0.068965517,0.137931034,0.172413793,0.120689655,0.172413793,0.051724138,0.482758621,399.99
B09N17LRQJ,8,3.75,6,0.875,0.125,0.125,0.125,0.125,0.125,0.125,0.5,11.89
B09N93MMJ7,5,3.6,2,1,0,0,0.2,0,0.2,0.2,0.4,
B09NJJ1V1Y,3,5,1,1,0.333333333,0.333333333,0,0,0,0,1,17.99
B09NNZ6X2S,5,3.4,10,0.8,0,0,0.4,0,0,0,0.6,
B09NP35789,1,4,0,1,0,0,0,0,0,1,0,
B09NR17L5V,4,4.25,3,0.5,0,0,0,0,0.25,0.25,0.5,
B09NR62M32,101,3.198019802,33,0.99009901,0.02970297,0.04950495,0.297029703,0.118811881,0.069306931,0.118811881,0.396039604,
B09NTZP925,4,5,1,1,0,0,0,0,0,0,1,7.98
B09NY6QZWC,26,3.923076923,39,0.923076923,0.153846154,0.346153846,0.230769231,0.038461538,0,0.038461538,0.692307692,13.98
B09P55FK6K,15,4.666666667,9,1,0.133333333,0.266666667,0,0.066666667,0,0.133333333,0.8,127.99
B09P87TM1Y,6,5,2,1,0,0,0,0,0,0,1,49.99
B09PDF19DQ,4,4.5,0,1,0,0,0,0,0.25,0,0.75,51.99
B09PGQMSW3,12,4.5,1,1,0.083333333,0.083333333,0.083333333,0,0.083333333,0,0.833333333,36.99
B09PHDG4TL,5,4.8,3,1,0,0,0,0,0,0.2,0.8,15.95
B09PMD6FJM,1,5,0,1,0,0,0,0,0,0,1,
B09PN6YQ98,3,4.666666667,0,0.666666667,0,0,0,0,0,0.333333333,0.666666667,13.99
B09PQL8XLS,20,2.35,89,0.95,0.15,0.2,0.55,0.15,0,0,0.3,
B09PVQ4YWR,5,2.6,7,0.8,0.4,1.2,0.6,0,0,0,0.4,24.9
B09PY6BXSG,6,5,0,1,0,0,0,0,0,0,1,37.99
B09Q1754SJ,1,5,0,1,0,0,0,0,0,0,1,16.99
B09Q8JZY7Y,21,3.428571429,28,0.952380952,0.047619048,0.142857143,0.333333333,0,0.095238095,0.047619048,0.523809524,
B09Q8LC6KQ,6,4.166666667,8,1,0,0,0.166666667,0,0,0.166666667,0.666666667,102.99
B09QCSDKMV,8,4,21,1,0.375,0.375,0,0.125,0.125,0.375,0.375,82.99
B09QJLWCDV,1,5,1,1,0,0,0,0,0,0,1,
B09QKBPFYC,9,4.444444444,14,1,0.111111111,0.111111111,0.111111111,0,0,0.111111111,0.777777778,24.99
B09QPDKCT3,15,4.266666667,1,1,0,0,0,0.133333333,0.066666667,0.2,0.6,10.99
B09QPKN575,6,5,0,1,0,0,0,0,0,0,1,25.99
B09QRYNVDP,1,5,1,1,0,0,0,0,0,0,1,23.99
B09QRZJ5GS,7,4,2,0.857142857,0.142857143,0.428571429,0,0.142857143,0.285714286,0,0.571428571,17.99
B09QWZCSG8,1,5,0,1,0,0,0,0,0,0,1,
B09QXF6WTF,3,4.666666667,0,0.333333333,0,0,0,0,0,0.333333333,0.666666667,17.96
B09QYYXLWX,46,3.782608696,210,0.934782609,0,0,0.173913043,0.043478261,0.152173913,0.086956522,0.543478261,85.54
B09R72Y954,6,3.166666667,0,1,0.166666667,0.166666667,0.166666667,0.333333333,0,0.166666667,0.333333333,199.99
B09RB7V28F,2,4.5,0,1,0,0,0,0,0,0.5,0.5,31.7
B09RG9VFJD,16,4.3125,4,1,0,0,0.0625,0.125,0,0.0625,0.75,14.99
B09RGCHS15,5,4.4,0,1,0.2,0.2,0,0,0.2,0.2,0.6,19.99
B09RGLJ93M,1,5,2,1,0,0,0,0,0,0,1,14.99
B09RHF9W7B,9,3.666666667,3,1,0.111111111,0.111111111,0.222222222,0,0.222222222,0,0.555555556,23.74
B09RK8Q9LR,3,3.666666667,0,1,0,0,0,0.333333333,0,0.333333333,0.333333333,10.95
B09RK9Z5X5,14,4.642857143,64,0.928571429,0,0,0.071428571,0,0,0.071428571,0.857142857,56.44
B09RMB5NDQ,8,3.875,3,1,0.125,0.625,0,0.25,0.125,0.125,0.5,32
B09RT3FLV3,13,2.307692308,4,1,0.230769231,0.230769231,0.538461538,0.076923077,0.153846154,0,0.230769231,20.99
B09RZSPTF3,1,5,4,1,0,0,0,0,0,0,1,99.01
B09S36KB72,35,4.514285714,326,1,0.085714286,0.085714286,0.085714286,0,0.028571429,0.085714286,0.8,249.99
B09S3J9XRC,1,5,0,1,0,0,0,0,0,0,1,21.88
B09S3ZLNJX,1,5,2,1,0,0,0,0,0,0,1,25.25
B09S63Y1SZ,9,4,137,0.888888889,0.111111111,0.444444444,0.222222222,0,0,0.111111111,0.666666667,189.99
B09SHCVKBZ,2,2.5,3,1,0,0,0.5,0,0,0.5,0,169.99
B09SHV29MN,134,4.291044776,28,0.985074627,0.037313433,0.082089552,0.089552239,0.044776119,0.052238806,0.111940299,0.701492537,7.95
B09SKV4GQZ,5,3.2,3,1,0,0,0.2,0.2,0,0.4,0.2,59.89
B09SNVLH2V,17,3.470588235,65,0.941176471,0.235294118,0.647058824,0.235294118,0.058823529,0.176470588,0.058823529,0.470588235,
B09SSV5FG4,4,4.75,0,1,0,0,0,0,0,0.25,0.75,11.27
B09T1328LW,3,5,0,1,0.333333333,0.333333333,0,0,0,0,1,11.22
B09T86N1XY,1,1,0,1,0,0,1,0,0,0,0,35.88
B09T88DR2M,6,3.333333333,7,1,0.166666667,0.166666667,0.333333333,0,0.166666667,0,0.5,77.99
B09TB3Y5VH,9,3.111111111,3,1,0,0,0.222222222,0.111111111,0.222222222,0.222222222,0.222222222,17.99
B09TF35W6Z,6,5,1,1,0,0,0,0,0,0,1,9.99
B09TFFD919,21,3.285714286,7,1,0,0,0.285714286,0.142857143,0.047619048,0.047619048,0.476190476,11.99
B09TGKNMP1,6,2.166666667,12,1,0,0,0.333333333,0.333333333,0.166666667,0.166666667,0,20.99
B09THDWFP2,2,5,0,1,0,0,0,0,0,0,1,83.99
B09TK24ZYF,11,3.090909091,0,1,0,0,0.181818182,0.272727273,0.090909091,0.181818182,0.272727273,25.27
B09TL8ZPQM,4,3,4,1,0.25,0.25,0.25,0.25,0,0.25,0.25,18.99
B09TNJ76CS,2,5,0,1,0,0,0,0,0,0,1,21.29
B09TPFW1C4,2,2.5,1,1,0,0,0.5,0,0,0.5,0,
B09TQ6QQHQ,4,1.75,0,1,0.25,0.25,0.5,0.25,0.25,0,0,
B09TT3WN9H,4,3.25,1,1,0,0,0.25,0.25,0,0,0.5,24.99
B09TT4SRNB,9,4,3,1,0,0,0.222222222,0,0,0.111111111,0.666666667,16.99
B09TT821ZS,3,5,2,0.666666667,0,0,0,0,0,0,1,16.99
B09TWWTX37,104,3.625,70,0.961538462,0.048076923,0.048076923,0.115384615,0.115384615,0.201923077,0.163461538,0.403846154,8.99
B09TWYVMZ7,4,3.5,0,0.5,0.25,0.25,0.25,0,0.25,0,0.5,27.99
B09TWZ24VV,2,3,4,0.5,0,0,0.5,0,0,0,0.5,199.99
B09TXV2YNR,5,4,3,0.4,0.2,1.4,0,0,0.4,0.2,0.4,
B09TY4CS35,5,4,2,1,0,0,0.2,0,0,0.2,0.6,14.99
B09TZ43KK7,5,3.8,37,1,0.2,0.2,0,0,0.4,0.4,0.2,205.44
B09V2518TH,4,4,1,1,0.5,0.75,0.25,0,0,0,0.75,189.99
B09V27YWJ8,19,2.578947368,7,1,0.052631579,0.052631579,0.578947368,0,0,0.105263158,0.315789474,15.99
B09V2MZT5Z,8,3.625,7,1,0.25,0.375,0.125,0.125,0.25,0,0.5,16.99
B09V2XX19L,14,4.857142857,0,1,0,0,0,0,0,0.142857143,0.857142857,28.61
B09V4LSGXP,9,3,71,1,0.111111111,0.222222222,0.222222222,0.333333333,0,0.111111111,0.333333333,12.99
B09V52JSV3,7,4.857142857,1,1,0,0,0,0,0,0.142857143,0.857142857,7.99
B09V7Y1PZ8,11,4.727272727,2,1,0.181818182,0.181818182,0,0,0.090909091,0.090909091,0.818181818,15.49
B09VC6N9G9,9,3.777777778,9,0.888888889,0,0,0.222222222,0,0.111111111,0.111111111,0.555555556,340.78
B09VCSP2GD,3,5,0,1,0,0,0,0,0,0,1,109
B09VGV89CG,2,3,0,0.5,0,0,0.5,0,0,0,0.5,
B09VL54Z63,6,4.833333333,1,1,0,0,0,0,0,0.166666667,0.833333333,9.99
B09VT3LJJY,2,5,0,1,0.5,0.5,0,0,0,0,1,12.99
B09VTZ54J7,425,3.811764706,792,0.976470588,0.021176471,0.023529412,0.181176471,0.063529412,0.084705882,0.103529412,0.567058824,106.93
B09VXWG3QB,7,4.142857143,8,1,0,0,0,0.285714286,0,0,0.714285714,29.99
B09VXXCSK9,5,4.8,0,0.8,0.2,0.2,0,0,0,0.2,0.8,99.99
B09VXXNGHC,3,5,4,1,0,0,0,0,0,0,1,24.99
B09W1D8YD8,7,4.857142857,5,1,0,0,0,0,0,0.142857143,0.857142857,12.99
B09W497R2H,27,3.740740741,23,1,0.037037037,0.074074074,0.148148148,0.111111111,0.111111111,0.111111111,0.518518519,12.98
B09W4C2YQQ,3,1,2,1,0,0,1,0,0,0,0,
B09W5J394Q,4,5,0,1,0,0,0,0,0,0,1,31.24
B09W5PBYKD,36,3.583333333,9,1,0.111111111,0.166666667,0.194444444,0.083333333,0.138888889,0.111111111,0.472222222,13.99
B09W8W65XY,261,4.340996169,22,0.988505747,0.019157088,0.030651341,0.076628352,0.049808429,0.045977011,0.111111111,0.716475096,6.5
B09W9K8PM9,3,5,6,1,0,0,0,0,0,0,1,
B09W9MGV8G,11,3.818181818,3,1,0.181818182,0.272727273,0.090909091,0.090909091,0.090909091,0.363636364,0.363636364,12.99
B09WH15C98,20,3.4,2,0.95,0.15,0.3,0.3,0.1,0,0.1,0.5,28.86
B09WK9R8Z5,8,4.5,11,1,0,0,0,0,0.125,0.25,0.625,31
B09WKP246S,111,4.801801802,46,1,0.045045045,0.045045045,0,0.009009009,0.027027027,0.117117117,0.846846847,16.99
B09WLWSPQP,4,2.75,7,1,0,0,0.25,0.25,0.25,0,0.25,24.97
B09WM99SZ7,30,4.433333333,1,1,0.033333333,0.033333333,0,0.1,0.1,0.066666667,0.733333333,10.99
B09WMKZNFT,3,4,2,1,0,0,0,0.333333333,0,0,0.666666667,31.99
B09WMTSLF4,3,3.333333333,1,1,0,0,0,0.333333333,0,0.666666667,0,279.99
B09WRD66FL,3,1.333333333,0,1,0,0,0.666666667,0.333333333,0,0,0,5.99
B09WTVSN57,20,3.2,92,0.7,0.05,0.15,0.2,0.2,0.15,0.1,0.35,389.99
B09WV5TT98,5,3,3,0.4,0.2,0.4,0.4,0,0,0.4,0.2,
B09WV8JP7N,4,4,4,1,0,0,0.25,0,0,0,0.75,15.99
B09WY9Z9W4,3,4.666666667,0,0,0,0,0,0,0,0.333333333,0.666666667,15.95
B09WYPRQ6J,12,3.25,10,1,0.25,0.416666667,0.333333333,0.083333333,0.083333333,0,0.5,13.91
B09WYRM1V7,2,5,0,1,0,0,0,0,0,0,1,15.46
B09X2FZC3X,21,3.904761905,11,0.952380952,0,0,0.095238095,0.047619048,0.19047619,0.19047619,0.476190476,15.99
B09X315MXT,23,4.130434783,9,0.913043478,0,0,0.130434783,0.043478261,0.086956522,0.043478261,0.695652174,12.4
B09X69P5YZ,4,3,2,1,0.5,2,0.25,0.25,0,0.25,0.25,
B09XD3HH8T,8,4.75,53,0.875,0.125,0.125,0,0,0.125,0,0.875,
B09XHKMVHZ,1,5,0,1,1,2,0,0,0,0,1,8.59
B09XHNF4C7,5,2.2,8,0.8,0,0,0.4,0.4,0,0,0.2,199.97
B09XJLYKX5,2,4.5,2,1,0,0,0,0,0,0.5,0.5,71.42
B09XML7C87,4,4.5,31,1,0.25,0.25,0,0,0.25,0,0.75,18.98
B09XQXPXZS,4,5,7,1,0.25,1.25,0,0,0,0,1,8.99
B09XVHWD8G,13,3.692307692,0,1,0,0,0.153846154,0.076923077,0.230769231,0,0.538461538,31.99
B09XY2J4CL,6,3.666666667,2,1,0,0,0.166666667,0.166666667,0,0.166666667,0.5,8.89
B09Y1MN1GN,15,3.333333333,4,1,0.266666667,0.333333333,0.2,0.133333333,0.133333333,0.2,0.333333333,7.99
B09Y5M6FMD,2,4.5,0,1,0,0,0,0,0,0.5,0.5,57.99
B09Y9FZYG4,4,4.75,2,1,0,0,0,0,0,0.25,0.75,24.99
B09YC8YCV6,483,3.47826087,429,0.927536232,0.035196687,0.057971014,0.221532091,0.113871636,0.093167702,0.107660455,0.463768116,162.27
B09YCGHYKB,1,3,1,1,0,0,0,0,1,0,0,15.99
B09YLTJB7L,17,4.588235294,31,0.882352941,0.176470588,0.176470588,0,0.058823529,0,0.235294118,0.705882353,116.99
B09YLYYHZN,9,4.555555556,23,0.555555556,0.111111111,0.111111111,0,0,0.111111111,0.222222222,0.666666667,
B09YNN7GDD,5,4.2,0,1,0.4,0.4,0.2,0,0,0,0.8,
B09YPTR77Y,5,3.8,1,1,0,0,0.2,0,0.2,0,0.6,18.99
B09YQY9JL2,8,2.375,7,1,0,0,0.625,0,0,0.125,0.25,12.99
B09YR1ZVSH,6,2.833333333,3,1,0.333333333,0.333333333,0.333333333,0.166666667,0.166666667,0,0.333333333,343.99
B09YRNLXDX,2,5,0,1,0,0,0,0,0,0,1,13.99
B09YV4R5ZC,29,3.586206897,84,0.965517241,0.103448276,0.137931034,0.206896552,0.137931034,0.068965517,0.034482759,0.551724138,89.99
B09YYCRSK3,10,4.8,81,0.8,0.1,0.1,0,0,0,0.2,0.8,388.99
B09YZXTGQD,2,2,0,1,0,0,0.5,0,0.5,0,0,32.99
B09Z2TS5XY,2,4.5,2,1,0.5,1,0,0,0,0.5,0.5,229.99
B09Z62CGBN,3,4.333333333,2,1,0,0,0,0,0.333333333,0,0.666666667,10.99
B09Z64437V,4,4,1,1,0,0,0.25,0,0,0,0.75,26.47
B09Z7C4MYP,18,3.944444444,1,1,0,0,0.166666667,0,0.111111111,0.166666667,0.555555556,29.99
B09ZDJY35P,20,4.2,38,1,0.1,0.15,0.05,0.05,0.05,0.35,0.5,19.99
B09ZHKRQCL,9,4.777777778,2,0.888888889,0.222222222,0.333333333,0,0,0,0.222222222,0.777777778,11.5
B09ZK4B1PH,2,5,0,1,0.5,0.5,0,0,0,0,1,34.95
B09ZPLSQTR,4,4.5,0,1,0,0,0,0,0.25,0,0.75,13.99
B09ZRSVB4Y,6,4.333333333,2,1,0,0,0.166666667,0,0,0,0.833333333,27.99
B09ZTZ57HN,2,4.5,5,1,0,0,0,0,0,0.5,0.5,292
B09ZXXB86H,10,4.6,8,1,0.1,0.1,0,0.1,0,0.1,0.8,15.47
B0B11PC4DM,2,5,0,0,1,2,0,0,0,0,1,7.98
B0B12P14GY,4,1.25,20,0.75,0,0,0.75,0.25,0,0,0,
B0B13YYFYT,5,5,8,1,0.4,0.4,0,0,0,0,1,
B0B148VJFW,13,4,3,1,0.076923077,0.153846154,0.230769231,0,0,0.076923077,0.692307692,34.99
B0B18V23YR,4,3,0,1,0.25,0.5,0.5,0,0,0,0.5,9.95
B0B1CYSYQ1,50,3.88,93,0.94,0.04,0.06,0.16,0.06,0.12,0.06,0.6,27
B0B1D98L2T,8,4.625,1,0,0.5,1.125,0,0,0,0.375,0.625,19.99
B0B1J2LLXW,17,3.470588235,21,1,0,0,0.235294118,0.117647059,0.058823529,0.117647059,0.470588235,119.99
B0B1MBSPWX,3,4,4,1,0,0,0,0,0.333333333,0.333333333,0.333333333,19.9
B0B1QNB67P,7,5,9,1,0.142857143,0.285714286,0,0,0,0,1,54.74
B0B1TC5SDQ,35,2.571428571,25,0.885714286,0.085714286,0.142857143,0.485714286,0.085714286,0.085714286,0.057142857,0.285714286,
B0B1TMRL83,13,4.230769231,31,0.923076923,0.153846154,0.615384615,0.153846154,0,0,0.153846154,0.692307692,26.99
B0B1VRLR2H,22,3.409090909,2,1,0,0,0.318181818,0.045454545,0.045454545,0.090909091,0.5,8.99
B0B1Z98XCG,15,4.266666667,7,1,0,0,0.066666667,0.066666667,0.066666667,0.133333333,0.666666667,34
B0B1ZLCCL3,44,3.704545455,44,1,0.045454545,0.068181818,0.227272727,0.045454545,0.068181818,0.113636364,0.545454545,19.99
B0B1ZV4LS6,9,2.666666667,14,0.777777778,0.111111111,0.555555556,0.444444444,0.111111111,0,0.222222222,0.222222222,
B0B21BBZRF,131,3.984732824,18,0.969465649,0.038167939,0.06870229,0.175572519,0.022900763,0.083969466,0.076335878,0.641221374,6.99
B0B23TNSC5,2,4,0,1,0,0,0,0,0.5,0,0.5,19.95
B0B28P5NQB,7,4.857142857,9,1,0,0,0,0,0,0.142857143,0.857142857,12.99
B0B2DD4V71,11,4,3,0.818181818,0.181818182,0.454545455,0.181818182,0,0.090909091,0.090909091,0.636363636,
B0B2J6QXZ3,3,5,0,1,0,0,0,0,0,0,1,30.99
B0B2JLLSJ2,1,5,0,1,0,0,0,0,0,0,1,49.99
B0B2K8T91L,4,4.25,1,1,0,0,0,0.25,0,0,0.75,13.5
B0B2LC17LL,31,4.612903226,7,1,0.096774194,0.193548387,0.032258065,0,0.096774194,0.064516129,0.806451613,17.39
B0B2QP5MFN,2,5,0,1,0,0,0,0,0,0,1,23.99
B0B2W8DNJ6,24,3.625,13,1,0.041666667,0.041666667,0.166666667,0.166666667,0.083333333,0.041666667,0.541666667,6.99
B0B36BYTH8,6,4.666666667,2,0.166666667,0.666666667,1.5,0,0,0,0.333333333,0.666666667,7.11
B0B38NXR52,3,2.666666667,11,0.666666667,0,0,0.333333333,0,0.333333333,0.333333333,0,
B0B392GDVX,3,4,5,1,0,0,0,0.333333333,0,0,0.666666667,14.39
B0B3DB5HTC,977,4.817809621,104,0.989764585,0.006141249,0.011258956,0.019447288,0.005117707,0.010235415,0.068577277,0.896622313,
B0B3DD7LWB,5,4.4,0,1,0,0,0,0,0.2,0.2,0.6,
B0B3H4B98L,6,3.5,0,1,0,0,0.166666667,0.166666667,0.166666667,0,0.5,
B0B3M7WHBX,9,5,1,1,0,0,0,0,0,0,1,6.99
B0B3RKWDL8,4,5,12,0.5,0,0,0,0,0,0,1,24.9
B0B3RLBGR9,3,2,0,1,0,0,0.666666667,0,0,0.333333333,0,35.99
B0B3V2Y63H,13,3.846153846,4,1,0,0,0.153846154,0.076923077,0.153846154,0,0.615384615,16.32
B0B3VD8DZB,14,4.285714286,4,0.785714286,0.071428571,0.071428571,0.142857143,0,0.071428571,0,0.785714286,49.99
B0B3XV3KRH,6,4.833333333,1,1,0.166666667,0.5,0,0,0,0.166666667,0.833333333,16.99
B0B42GC7LR,2,1,0,1,0,0,1,0,0,0,0,14.99
B0B4688PJS,3,5,1,0.666666667,0.333333333,0.666666667,0,0,0,0,1,
B0B47KJH4D,21,4.095238095,12,1,0.095238095,0.142857143,0.095238095,0.142857143,0,0.095238095,0.666666667,17.95
B0B498C643,12,4.833333333,10,0.833333333,0.083333333,0.25,0,0,0,0.166666667,0.833333333,119.99
B0B49K6954,1,1,0,1,0,0,1,0,0,0,0,
B0B49KQDZF,2,5,7,0,0,0,0,0,0,0,1,99.99
B0B4G561TM,3,5,2,1,0,0,0,0,0,0,1,11.99
B0B4H3LYMS,1,5,0,1,0,0,0,0,0,0,1,19.66
B0B4JFPHL2,3,4.333333333,1,1,0,0,0,0,0.333333333,0,0.666666667,65.35
B0B4JMGRHB,4,4.75,13,1,0.25,0.25,0,0,0,0.25,0.75,499
B0B4N36YB2,1,5,0,1,0,0,0,0,0,0,1,12.99
B0B4NPNVH1,3,3.666666667,5,1,0,0,0.333333333,0,0,0,0.666666667,26.98
B0B4PSJ7X7,9,4.666666667,2,1,0.111111111,0.111111111,0,0,0.111111111,0.111111111,0.777777778,10.99
B0B4SDM2H5,3,3.666666667,2,1,0,0,0.333333333,0,0,0,0.666666667,215.99
B0B4SHF3F8,9,3,37,0.888888889,0.111111111,0.111111111,0.333333333,0,0.222222222,0.222222222,0.222222222,239.35
B0B4WGLLPF,4,3.5,1,0.75,0,0,0.25,0,0.25,0,0.5,288.35
B0B4ZDG2D4,3,5,2,1,0,0,0,0,0,0,1,13
B0B52FRHHK,2,5,7,1,0,0,0,0,0,0,1,32.99
B0B58SW4D1,5,3.4,4,0.8,0,0,0.2,0.2,0,0.2,0.4,49.98
B0B58V3389,3,3.333333333,0,1,0.333333333,0.333333333,0.333333333,0,0,0.333333333,0.333333333,17.99
B0B5DRSS4M,13,2.923076923,16,0.923076923,0,0,0.153846154,0.384615385,0.153846154,0,0.307692308,28.99
B0B5P4XGZQ,1,5,0,0,0,0,0,0,0,0,1,19.99
B0B5Q2WHF2,9,4.777777778,8,0.777777778,0.333333333,1,0,0,0.111111111,0,0.888888889,14.98
B0B5R2R5P2,7,4.428571429,3,1,0,0,0.142857143,0,0,0,0.857142857,19.99
B0B5S16LJL,24,4.25,6,1,0,0,0.125,0,0,0.25,0.625,8.99
B0B5SSPN1F,11,3.090909091,8,1,0.363636364,0.727272727,0.090909091,0.272727273,0.363636364,0,0.272727273,24.99
B0B5TDG96F,5,5,11,1,0.2,0.4,0,0,0,0,1,270
B0B5Y81JVH,12,3.333333333,12,1,0,0,0.333333333,0.083333333,0,0.083333333,0.5,279
B0B5ZRNGQ8,8,4.125,105,1,0.125,0.125,0.125,0.125,0,0,0.75,
B0B5ZS1M3P,1,2,0,1,0,0,0,1,0,0,0,15.99
B0B6544F4C,5,3.8,0,1,0,0,0.2,0,0.2,0,0.6,16.99
B0B65X2HQN,8,4.375,1,1,0,0,0.125,0,0,0.125,0.75,20.98
B0B68GGQXT,4,3.75,0,1,0,0,0,0.25,0.25,0,0.5,18.99
B0B68NMQHW,1,5,0,0,1,5,0,0,0,0,1,10.98
B0B697B5P6,15,3.8,10,1,0,0,0.133333333,0.133333333,0.066666667,0.133333333,0.533333333,32.99
B0B69D699Q,77,3.974025974,62,0.961038961,0.051948052,0.077922078,0.077922078,0.116883117,0.090909091,0.181818182,0.532467532,19.99
B0B6BY693G,11,3.545454545,44,0.818181818,0.363636364,0.363636364,0.272727273,0,0.090909091,0.181818182,0.454545455,
B0B6DZH2J5,10,3.6,6,1,0,0,0.1,0.2,0.1,0.2,0.4,22.98
B0B6FHBYTR,26,4.076923077,13,0.961538462,0.153846154,0.192307692,0.115384615,0,0.153846154,0.153846154,0.576923077,9.99
B0B6GMBKNS,3,4.333333333,0,1,0,0,0,0,0,0.666666667,0.333333333,9.96
B0B6H5RWH8,6,4.666666667,1,1,0,0,0,0,0.166666667,0,0.833333333,15.99
B0B6PZVLG4,2,5,1,1,0,0,0,0,0,0,1,27.99
B0B6Y2D91L,219,4.0456621,82,0.904109589,0.01369863,0.02739726,0.127853881,0.059360731,0.063926941,0.136986301,0.611872146,17.97
B0B6ZWBW5L,2,1,0,1,0,0,1,0,0,0,0,
B0B74FTXJL,4,2.5,12,1,0,0,0.5,0,0.25,0,0.25,13.99
B0B758BTSB,2,4.5,1,1,0.5,1,0,0,0,0.5,0.5,21.87
B0B75G7ZQW,15,2.266666667,28,0.866666667,0.133333333,0.333333333,0.4,0.2,0.2,0.133333333,0.066666667,285
B0B76NDBTQ,6,5,0,1,0,0,0,0,0,0,1,11.89
B0B782SV53,11,3.727272727,13,1,0.272727273,0.454545455,0.090909091,0.272727273,0,0.090909091,0.545454545,36.99
B0B7B1R5WG,2,3,0,0.5,0.5,1,0,0.5,0,0.5,0,19.99
B0B7BJZ4LX,28,3.821428571,56,1,0.25,0.535714286,0.142857143,0.071428571,0.107142857,0.178571429,0.5,499.99
B0B7D5X2WT,3,3.666666667,2,1,0,0,0.333333333,0,0,0,0.666666667,10.99
B0B7J1ZJPL,2,3,2,0,0,0,0.5,0,0,0,0.5,129.99
B0B7MRZZ2B,7,4.714285714,9,0.857142857,0.142857143,0.285714286,0,0,0.142857143,0,0.857142857,24.99
B0B7RZ6JBL,11,3.181818182,1,0.545454545,0.181818182,0.545454545,0.090909091,0.090909091,0.454545455,0.272727273,0.090909091,24.99
B0B7VBGB93,4,4.5,0,1,0,0,0,0,0,0.5,0.5,16.99
B0B7XGWT5Q,11,4.363636364,7,1,0.090909091,0.090909091,0.090909091,0,0.090909091,0.090909091,0.727272727,9.99
B0B81HGSSB,31,4.387096774,57,0.935483871,0.032258065,0.032258065,0.064516129,0.064516129,0,0.161290323,0.709677419,519.2
B0B82GG41H,7,4.571428571,1,1,0,0,0,0.142857143,0,0,0.857142857,
B0B8J94Z1B,5,3.4,3,1,0.2,0.2,0.2,0,0.2,0.4,0.2,53.99
B0B8M4H11G,40,3.525,56,1,0.05,0.1,0.225,0.125,0.1,0,0.55,32.99
B0B8V333X6,3,4.666666667,0,0,0.333333333,0.333333333,0,0,0,0.333333333,0.666666667,
B0B8X658FV,3,4.333333333,1,0.666666667,0,0,0,0,0.333333333,0,0.666666667,
B0B8YQLW1R,4,5,0,1,0,0,0,0,0,0,1,74.99
B0B8Z1Y7D7,10,3.1,5,1,0,0,0.3,0.1,0.1,0.2,0.3,15.49
B0B935ZTRT,6,3,0,1,0,0,0.166666667,0.333333333,0.166666667,0,0.333333333,59.99
B0B96W4LKH,4,5,0,0,0,0,0,0,0,0,1,11.99
B0B979WY6C,1,5,0,0,0,0,0,0,0,0,1,
B0B97LKMTP,4,4.5,5,1,0,0,0,0,0,0.5,0.5,117.99
B0B99W4DDT,4,3,0,0.75,0.25,1,0.5,0,0,0,0.5,99.99
B0B9C89D2Z,3,5,13,1,0,0,0,0,0,0,1,249.99
B0B9CCJTDF,155,4.270967742,95,0.870967742,0.109677419,0.135483871,0.096774194,0.058064516,0.051612903,0.064516129,0.729032258,97
B0B9GFXT6H,3,4.333333333,2,0,0,0,0,0,0,0.666666667,0.333333333,69.99
B0B9GPPLZB,2,5,1,1,0,0,0,0,0,0,1,49.9
B0B9H5NZRD,233,3.974248927,214,0.974248927,0.055793991,0.08583691,0.08583691,0.077253219,0.150214592,0.150214592,0.536480687,14.49
B0B9J4G5FX,3,5,0,1,0,0,0,0,0,0,1,23.99
B0B9NCB4KS,9,3.666666667,35,1,0.222222222,0.222222222,0.222222222,0,0.111111111,0.222222222,0.444444444,92.8
B0B9P1JWXX,2,4,0,0,0.5,0.5,0,0,0.5,0,0.5,20.99
B0B9RNRJ5K,4,3.25,4,0.5,0.25,0.25,0.25,0,0.25,0.25,0.25,
B0B9S4Y57D,53,3.566037736,18,1,0.037735849,0.056603774,0.188679245,0.113207547,0.094339623,0.150943396,0.452830189,15.99
B0B9SH64N5,13,4.230769231,21,1,0.076923077,0.076923077,0,0.153846154,0.153846154,0,0.692307692,139.99
B0B9YS1RZ6,2,3.5,0,1,0,0,0,0.5,0,0,0.5,
B0B9ZPWT7F,19,4.421052632,19,0.894736842,0.052631579,0.052631579,0.052631579,0.052631579,0.105263158,0,0.789473684,34.99
B0BB2R22PJ,4,2.5,6,0.75,0,0,0.5,0,0.25,0,0.25,
B0BB9QMSBP,21,3.142857143,62,1,0.047619048,0.047619048,0.333333333,0,0.19047619,0.142857143,0.333333333,109.99
B0BBBBF8NL,1,5,1,1,0,0,0,0,0,0,1,59.99
B0BBBBNCP5,3,5,2,0.666666667,0,0,0,0,0,0,1,61
B0BBDN6KMJ,3,4.333333333,40,1,0,0,0,0,0.333333333,0,0.666666667,764.99
B0BBG4K2S9,9,3.777777778,1,1,0.111111111,0.111111111,0.111111111,0.111111111,0.111111111,0.222222222,0.444444444,6.99
B0BBP54W16,6,3.833333333,7,1,0.166666667,0.166666667,0.166666667,0,0.166666667,0.166666667,0.5,8.99
B0BBPS9YX3,3,5,1,0.333333333,0.666666667,1.666666667,0,0,0,0,1,39.99
B0BBQ67F47,6,3.333333333,45,0.833333333,0.333333333,0.5,0,0.5,0,0.166666667,0.333333333,999.99
B0BBQLB5NV,2,1.5,1,1,0,0,0.5,0.5,0,0,0,25.88
B0BBQS2QB1,6,4.166666667,1,0.333333333,0.166666667,0.333333333,0,0.166666667,0,0.333333333,0.5,
B0BBT5KNBD,5,2.2,2,1,0,0,0.4,0.2,0.2,0.2,0,79.99
B0BBV3C32X,3,5,2,0.666666667,0,0,0,0,0,0,1,34.99
B0BC1J568F,3,3.333333333,28,0.666666667,0,0,0.333333333,0,0,0.333333333,0.333333333,319.99
B0BC1W33SB,10,3.6,0,1,0.1,0.1,0.2,0.1,0.1,0.1,0.5,7.75
B0BC8LQHSZ,2,4.5,0,0,0,0,0,0,0,0.5,0.5,
B0BC93HP8C,1,5,0,0,1,3,0,0,0,0,1,17.99
B0BCD5YK27,3,3.666666667,6,1,0,0,0,0.333333333,0,0.333333333,0.333333333,18.99
B0BCJ9D5GD,5,4.2,2,0.4,0.4,0.4,0,0,0.2,0.4,0.4,18.99
B0BCK5756Z,8,4.875,1,1,0,0,0,0,0,0.125,0.875,15.99
B0BCP19C2H,4,4,0,1,0,0,0,0.25,0,0.25,0.5,35.99
B0BCQMS7YS,9,4.222222222,1,0.666666667,0.111111111,0.111111111,0.111111111,0.111111111,0,0,0.777777778,59.97
B0BCRFWRW8,23,4.260869565,77,0.956521739,0.043478261,0.043478261,0.086956522,0.043478261,0.043478261,0.173913043,0.652173913,15.99
B0BCVRF3YY,11,5,19,0.636363636,0.090909091,0.181818182,0,0,0,0,1,15.73
B0BCVVJ2HW,10,4.2,63,1,0,0,0.1,0.1,0,0.1,0.7,12.16
B0BCWB19QY,53,4.471698113,34,0.981132075,0,0,0.056603774,0.037735849,0.075471698,0.037735849,0.79245283,28.99
B0BCY9PSW2,2,4,1,1,0,0,0,0,0.5,0,0.5,15.99
B0BCYQQR5R,11,2.727272727,6,1,0.181818182,0.272727273,0.454545455,0.090909091,0,0.181818182,0.272727273,9.92
B0BD5717BX,10,3.9,24,0.9,0.1,0.1,0.1,0,0.2,0.3,0.4,239.99
B0BD5SHNLS,5,4.6,4,1,0,0,0,0,0,0.4,0.6,36.99
B0BD9BDS9Y,5,4,5,0.8,0.4,0.4,0.2,0,0,0.2,0.6,13.99
B0BDKBYN2L,2,3.5,1,1,1,1,0,0.5,0,0,0.5,26.99
B0BDL8LTMR,3,3.666666667,0,0,0.333333333,1.333333333,0,0,0.666666667,0,0.333333333,18.88
B0BDLQ98DV,3,5,3,0.666666667,0,0,0,0,0,0,1,14.99
B0BDMKQ7QH,6,5,4,1,0.166666667,0.166666667,0,0,0,0,1,19.99
B0BDRVGXFL,5,4.6,2,1,0,0,0,0,0.2,0,0.8,25.99
B0BDXKSHY1,14,4.142857143,69,0.857142857,0.285714286,0.357142857,0.071428571,0.071428571,0.142857143,0.071428571,0.642857143,279.99
B0BDYXJL9L,1,5,0,1,0,0,0,0,0,0,1,55.99
B0BF16NZZJ,6,4.333333333,0,0.666666667,0,0,0.166666667,0,0,0,0.833333333,89.99
B0BF5G96GR,20,4.2,0,0.95,0.05,0.05,0.15,0.05,0,0.05,0.75,19.86
B0BF9SK86W,1,4,0,0,0,0,0,0,0,1,0,12.99
B0BFB8YYD1,5,3.2,2,1,0,0,0.2,0.2,0.2,0,0.4,8.59
B0BFK3QN4N,8,4.75,0,1,0,0,0,0,0,0.25,0.75,16.88
B0BFL4PGYG,3,2.666666667,1,0.333333333,0.666666667,1,0.333333333,0,0.333333333,0.333333333,0,4.99
B0BFVZDKRH,7,3.285714286,1,1,0.142857143,0.142857143,0.142857143,0.285714286,0.142857143,0,0.428571429,11.99
B0BG11QCH9,6,2.166666667,2,1,0,0,0.333333333,0.5,0,0,0.166666667,13.97
B0BG3Y8HN5,4,4.5,0,1,0,0,0,0,0.25,0,0.75,19.99
B0BG4G7LW6,5,4.4,1,1,0,0,0,0.2,0,0,0.8,
B0BG5J27Q7,1,5,1,0,1,2,0,0,0,0,1,27.99
B0BG7R5Y89,37,3.837837838,36,1,0.027027027,0.162162162,0.108108108,0.135135135,0.135135135,0.054054054,0.567567568,24.99
B0BGBRCG6V,2,5,1,1,0,0,0,0,0,0,1,8.77
B0BGCHX9VP,21,4.238095238,6,0.904761905,0.142857143,0.19047619,0.047619048,0.047619048,0.142857143,0.142857143,0.619047619,11.99
B0BGHF3RYM,9,3.888888889,7,0.666666667,0.222222222,0.666666667,0,0.222222222,0.111111111,0.222222222,0.444444444,1799.99
B0BGLGNM67,34,3.764705882,13,0.970588235,0.176470588,0.411764706,0.235294118,0.058823529,0.029411765,0.058823529,0.617647059,28.99
B0BGT2HXTN,3,3.666666667,0,1,0.333333333,0.666666667,0.333333333,0,0,0,0.666666667,10.49
B0BGTBHC7P,63,3.841269841,746,0.968253968,0.174603175,0.206349206,0.126984127,0.079365079,0.095238095,0.222222222,0.476190476,
B0BGX5QWD6,4,4.75,0,0.25,0,0,0,0,0,0.25,0.75,11.99
B0BHQMHD3H,2,5,0,1,0,0,0,0,0,0,1,189.99
B0BHR99GKT,2,5,2,0.5,0.5,0.5,0,0,0,0,1,11.99
B0BHSNBGWY,87,4.034482759,73,0.988505747,0,0,0.126436782,0.045977011,0.126436782,0.068965517,0.632183908,9.95
B0BHSQJ23S,7,4.428571429,3,1,0.142857143,0.142857143,0,0,0.142857143,0.285714286,0.571428571,19.99
B0BHSV26M8,1,5,34,1,0,0,0,0,0,0,1,
B0BHVB8BF4,384,3.703125,308,0.971354167,0.020833333,0.033854167,0.2109375,0.044270833,0.078125,0.1640625,0.502604167,59
B0BHVBRK6H,107,4.121495327,26,0.971962617,0.056074766,0.130841121,0.158878505,0.037383178,0.018691589,0.093457944,0.691588785,75
B0BHVF8X38,1,5,0,1,0,0,0,0,0,0,1,6.99
B0BHW2T4NB,3,4.666666667,1,0,0.666666667,1.666666667,0,0,0,0.333333333,0.666666667,15.99
B0BHY4D5Q2,2,4.5,1,0.5,0,0,0,0,0,0.5,0.5,9.99
B0BHZW81KQ,1,3,0,1,0,0,0,0,1,0,0,
B0BJ2CJTB5,3,1,0,1,0,0,1,0,0,0,0,19.22
B0BJ5PXTY1,4,3,2,1,0,0,0.25,0.25,0,0.25,0.25,180.71
B0BJ5XKJBB,4,3.25,0,1,0,0,0,0.5,0,0.25,0.25,12.99
B0BJ6P1GJZ,5,4.6,0,0.4,0,0,0,0,0,0.4,0.6,64.99
B0BJ8WXV9S,5,2.6,3,0.8,0.2,0.6,0.6,0,0,0,0.4,188.99
B0BJCZ9NJV,7,5,0,1,0,0,0,0,0,0,1,16.99
B0BJDHT6QN,7,4.714285714,0,0.714285714,0.285714286,0.714285714,0,0,0.142857143,0,0.857142857,31.99
B0BJDS5L5V,4,4,0,1,0,0,0.25,0,0,0,0.75,8.47
B0BJKHTFB6,11,4.636363636,2,1,0,0,0.090909091,0,0,0,0.909090909,16.99
B0BJKNMKRP,8,4,3,1,0,0,0.125,0,0.125,0.25,0.5,7.99
B0BJZ1K7ZL,3,3,0,1,0,0,0.333333333,0,0.333333333,0,0.333333333,21.99
B0BK11DDLD,99,4.707070707,43,1,0.02020202,0.03030303,0.04040404,0,0.01010101,0.111111111,0.838383838,21.49
B0BK1CWWP4,2,4.5,0,1,0,0,0,0,0,0.5,0.5,168.44
B0BK5SBS69,7,4,2,0.857142857,0,0,0,0,0.285714286,0.428571429,0.285714286,119.99
B0BK5WX98J,7,4.285714286,18,1,0,0,0.142857143,0,0,0.142857143,0.714285714,10.99
B0BK91YKT7,4,3.75,1,1,0,0,0.25,0,0,0.25,0.5,6.33
B0BKB9M7FX,7,4.571428571,6,1,0.142857143,0.714285714,0,0,0.142857143,0.142857143,0.714285714,162.99
B0BKFWLLLT,7,5,1,1,0,0,0,0,0,0,1,21.35
B0BKGJS5ZG,7,3.714285714,4,0.571428571,0.142857143,0.142857143,0.142857143,0,0.142857143,0.428571429,0.285714286,79.99
B0BKGZT7RL,3,2.666666667,0,1,0,0,0.333333333,0.333333333,0,0,0.333333333,12.7
B0BKH4GP3R,13,4.384615385,0,0.923076923,0.076923077,0.153846154,0.153846154,0,0,0,0.846153846,14.98
B0BKL5WLB8,3,5,0,0.333333333,0.666666667,1,0,0,0,0,1,16.99
B0BKLLMGR3,21,4.142857143,5,0.952380952,0.047619048,0.047619048,0.095238095,0.047619048,0.142857143,0.047619048,0.666666667,24.99
B0BKLQB52Z,20,4.4,3,1,0,0,0.1,0,0.05,0.1,0.75,25.97
B0BKLS7BJ4,3,2.666666667,1,1,0,0,0.333333333,0.333333333,0,0,0.333333333,24.99
B0BKQKMRHF,11,3.636363636,2,1,0,0,0.272727273,0,0,0.272727273,0.454545455,10.79
B0BKRB5F17,3,4.666666667,0,0.333333333,0.333333333,2,0,0,0,0.333333333,0.666666667,19.99
B0BKSCJFXH,6,3.666666667,10,0.833333333,0.5,1.5,0.166666667,0.166666667,0,0.166666667,0.5,14.99
B0BKSHWS1W,5,4.6,1,0.8,0.2,0.2,0,0,0.2,0,0.8,9.99
B0BKWC5LL4,6,4.666666667,5,0.333333333,0.5,1.166666667,0,0,0,0.333333333,0.666666667,36.95
B0BKYCRTZK,16,3.75,25,0.9375,0.0625,0.0625,0.125,0.0625,0.25,0.0625,0.5,24.67
B0BKYRM37J,3,5,9,1,0.333333333,1,0,0,0,0,1,389
B0BL1WX1D2,5,5,7,1,0,0,0,0,0,0,1,10.18
B0BL25X76B,1,5,0,0,0,0,0,0,0,0,1,19.99
B0BL38MSQS,4,4,2,1,0.25,0.25,0.25,0,0,0,0.75,699
B0BL994HCJ,6,3.5,0,0.833333333,0.166666667,0.666666667,0.166666667,0.166666667,0.166666667,0,0.5,16.99
B0BLC6GRLX,8,4.25,10,0.875,0.125,0.375,0.125,0,0,0.25,0.625,139.99
B0BLCCH96W,1,5,0,0,1,9,0,0,0,0,1,21.99
B0BLMPHLWY,57,3.929824561,231,0.947368421,0.070175439,0.140350877,0.122807018,0.052631579,0.087719298,0.245614035,0.49122807,24.9
B0BLMQ5ZZN,7,3.857142857,4,1,0,0,0.142857143,0.142857143,0,0.142857143,0.571428571,79
B0BLSHMSSS,11,4.545454545,7,0.818181818,0,0,0,0,0.090909091,0.272727273,0.636363636,
B0BLWBQ97G,2,4,0,1,0.5,0.5,0,0,0.5,0,0.5,34.89
B0BLY43NLL,173,4.202312139,23,1,0.028901734,0.069364162,0.086705202,0.034682081,0.080924855,0.184971098,0.612716763,9.95
B0BLYCKNG9,10,3.5,37,0.9,0.1,0.1,0,0.3,0.2,0.2,0.3,189.99
B0BLZ1BHTW,21,4,9,0.952380952,0,0,0.047619048,0.19047619,0.047619048,0.142857143,0.571428571,7
B0BM393JKR,45,4,70,0.866666667,0.044444444,0.044444444,0.133333333,0.022222222,0.155555556,0.088888889,0.6,14.69
B0BMFH1ZVF,3,2.666666667,0,1,0,0,0.333333333,0.333333333,0,0,0.333333333,8.99
B0BMG6PWGF,3,5,0,0,0.333333333,0.333333333,0,0,0,0,1,9.88
B0BMGFVGY4,1,5,1,0,1,2,0,0,0,0,1,16.99
B0BMPQXGMG,117,4.401709402,32,0.982905983,0.051282051,0.094017094,0.085470085,0.034188034,0.042735043,0.068376068,0.769230769,36.65
B0BMQCSSSX,3,1,0,1,0.333333333,0.333333333,1,0,0,0,0,14.95
B0BMQDVF9Q,6,4.833333333,1,0.166666667,0.333333333,0.666666667,0,0,0,0.166666667,0.833333333,15.99
B0BMV7X9YJ,195,4.620512821,225,0.928205128,0.025641026,0.056410256,0.015384615,0.041025641,0.046153846,0.102564103,0.794871795,
B0BNK2SGQS,6,4.5,0,1,0,0,0,0.166666667,0,0,0.833333333,5.99
B0BNN6GLK7,17,4.411764706,3,0.411764706,0.470588235,0.647058824,0,0.058823529,0.058823529,0.294117647,0.588235294,14.99
B0BNNRBCX2,8,4.25,6,0.625,0,0,0.125,0,0,0.25,0.625,
B0BNPHQDPC,3,3.666666667,0,0,0,0,0.333333333,0,0,0,0.666666667,8.69
B0BNVSKV36,3,5,6,0.666666667,0.333333333,0.666666667,0,0,0,0,1,28.99
B0BNWWFHPX,12,4.25,14,1,0,0,0.083333333,0.083333333,0,0.166666667,0.666666667,12.99
B0BNWZMDVL,1,5,3,1,0,0,0,0,0,0,1,8.99
B0BNX1F2KK,4,5,0,0.25,0.25,0.25,0,0,0,0,1,8.99
B0BNX82FD4,2,5,0,0,0,0,0,0,0,0,1,4.99
B0BNXHL1SN,16,4.5,16,1,0,0,0.0625,0,0.0625,0.125,0.75,45
B0BNYFNL62,6,2.666666667,0,0.666666667,0,0,0.5,0,0,0.333333333,0.166666667,39.99
B0BP2DW6L6,7,3.285714286,0,1,0.142857143,0.142857143,0.285714286,0.142857143,0,0.142857143,0.428571429,9.99
B0BP4W4TN1,45,3.022222222,245,0.866666667,0.222222222,0.6,0.311111111,0.133333333,0.088888889,0.155555556,0.311111111,614.94
B0BPBZS93X,9,3.111111111,25,1,0,0,0.333333333,0.111111111,0,0.222222222,0.333333333,29.99
B0BPC51LVM,9,4.111111111,47,1,0,0,0.111111111,0.111111111,0,0.111111111,0.666666667,74.99
B0BPFM7JSG,106,3.905660377,28,0.990566038,0.08490566,0.150943396,0.122641509,0.103773585,0.08490566,0.122641509,0.566037736,8.66
B0BPHJHPVD,9,4.222222222,1,0.111111111,0.222222222,0.333333333,0.111111111,0,0,0.333333333,0.555555556,27.77
B0BPL6V6G9,8,4.625,23,1,0,0,0,0.125,0,0,0.875,359.99
B0BPM34WKY,4,3.25,7,0.5,0.25,0.75,0.25,0,0.25,0.25,0.25,44.99
B0BPR72VNW,20,3.9,9,0.9,0,0,0.1,0.15,0.1,0.05,0.6,11.5
B0BPSQ4663,4,4,4,0.75,0.25,0.25,0,0.25,0,0.25,0.5,69.99
B0BPY7RTZ7,2,3.5,0,1,0,0,0,0,0.5,0.5,0,199.99
B0BPY9HMGY,36,4.277777778,24,1,0.111111111,0.277777778,0.083333333,0.055555556,0.055555556,0.111111111,0.694444444,135.99
B0BPYZ1B27,1,5,0,1,0,0,0,0,0,0,1,21.99
B0BQ2XGPZT,9,4.333333333,28,0.888888889,0,0,0,0,0.222222222,0.222222222,0.555555556,239.99
B0BQBQ64FT,25,3.16,10,1,0.08,0.08,0.32,0.04,0.16,0.12,0.36,21.99
B0BQCCS7GM,10,4.5,5,0.3,0.3,0.5,0,0,0.1,0.3,0.6,20.99
B0BQD89N7J,7,3.285714286,1,1,0,0,0.285714286,0.142857143,0,0.142857143,0.428571429,179.99
B0BQJ5RZLC,4,4.25,2,0.25,0,0,0,0,0.25,0.25,0.5,15.49
B0BQJC5Z19,5,3.6,0,0.8,0,0,0.2,0,0,0.6,0.2,235.81
B0BQP45LFZ,22,4.181818182,367,0.954545455,0.181818182,0.272727273,0.090909091,0.045454545,0.090909091,0.136363636,0.636363636,155
B0BQW63S3M,3,3.333333333,0,1,0,0,0.333333333,0,0,0.333333333,0.333333333,1099
B0BR5CBDXN,2,2,0,0.5,0.5,1,0.5,0,0.5,0,0,7.99
B0BR5V399Y,39,4.512820513,10,0.974358974,0.051282051,0.128205128,0.051282051,0.051282051,0.025641026,0.076923077,0.794871795,19.34
B0BRJPMZ9G,88,3.943181818,22,0.988636364,0.011363636,0.011363636,0.170454545,0.045454545,0.045454545,0.147727273,0.590909091,15.8
B0BRLBZ94P,13,4,6,0.923076923,0,0,0.153846154,0,0.076923077,0.230769231,0.538461538,19
B0BRN1RC9F,2,3.5,0,0.5,0,0,0,0,0.5,0.5,0,15.99
B0BRN8PQCZ,11,4.818181818,2,1,0,0,0,0,0,0.181818182,0.818181818,11.69
B0BRN9S4QX,14,4.357142857,32,0.928571429,0.357142857,0.571428571,0,0.071428571,0.142857143,0.142857143,0.642857143,2498
B0BRPMBTSP,19,3.684210526,10,1,0,0,0.052631579,0.210526316,0.105263158,0.263157895,0.368421053,14.99
B0BRQ7HMTF,10,4.6,3,1,0,0,0,0.1,0,0.1,0.8,17.99
B0BRZ15GJQ,3,5,2,1,0,0,0,0,0,0,1,67.99
B0BRZ16L4H,2,5,0,0,0,0,0,0,0,0,1,9.98
B0BSR9GMGG,13,3.846153846,1,0.846153846,0,0,0.153846154,0.076923077,0.076923077,0.153846154,0.538461538,39.99
B0BT1CY693,58,3.948275862,98,0.724137931,0.379310345,0.534482759,0.137931034,0.068965517,0.086206897,0.120689655,0.586206897,167.98
B0BTBPW4KB,16,3.6875,10,1,0,0,0.125,0.125,0.125,0.1875,0.4375,74.09
B0BTBSBJ4D,5,3.4,9,0.8,0,0,0.2,0.2,0,0.2,0.4,58.99
B0BTBTK796,33,3.939393939,21,0.878787879,0.393939394,0.575757576,0.090909091,0.060606061,0.181818182,0.151515152,0.515151515,399.99
B0BTHMKMFS,11,4.454545455,2,1,0,0,0,0.090909091,0.090909091,0.090909091,0.727272727,260
B0BTLYTBY5,4,4,1,1,0,0,0,0.25,0,0.25,0.5,9.7
B0BTM1TJGP,9,3.666666667,4,1,0.222222222,0.222222222,0.222222222,0,0.222222222,0,0.555555556,23.98
B0BTMMP926,7,4.142857143,3,0.571428571,0.285714286,0.285714286,0,0.142857143,0.142857143,0.142857143,0.571428571,13.99
B0BTQ65MY9,30,3.1,1,0.933333333,0.033333333,0.066666667,0.333333333,0.133333333,0.033333333,0.1,0.4,38.2
B0BTQ7LQHP,15,4.2,1,0.866666667,0,0,0.066666667,0.066666667,0.066666667,0.2,0.6,14.53
B0BTQ93M8F,6,4,0,1,0,0,0.166666667,0,0,0.333333333,0.5,21.63
B0BTQJLDJK,39,4.179487179,3,0.923076923,0,0,0.153846154,0.025641026,0,0.128205128,0.692307692,27.83
B0BTQJLLMJ,6,1.666666667,1,1,0,0,0.666666667,0,0.333333333,0,0,33.72
B0BTQL2CSV,51,4.176470588,9,1,0.019607843,0.019607843,0.117647059,0.039215686,0.058823529,0.117647059,0.666666667,15.17
B0BTQPS8CS,24,4.375,3,0.875,0,0,0.083333333,0,0.041666667,0.208333333,0.666666667,31.54
B0BTQRP86X,2,4.5,0,1,0,0,0,0,0,0.5,0.5,31.59
B0BTQTWRFL,7,2.285714286,3,1,0,0,0.571428571,0.142857143,0,0,0.285714286,26.1
B0BTSX3LDV,9,4.888888889,5,0.888888889,0,0,0,0,0,0.111111111,0.888888889,7.5
B0BTV3G59T,231,4.67965368,51,0.974025974,0.004329004,0.004329004,0.034632035,0.012987013,0.03030303,0.082251082,0.83982684,16.99
B0BTY63SFY,19,4.421052632,3,1,0.157894737,0.368421053,0,0.157894737,0,0.105263158,0.736842105,19.77
B0BTZ749C5,5,1.2,3,1,0,0,0.8,0.2,0,0,0,28.99
B0BV15TJHN,3,4,1,0.666666667,0.333333333,1.333333333,0,0.333333333,0,0,0.666666667,19.79
B0BV1BN8VC,3,4,1,1,0.333333333,0.333333333,0,0,0.333333333,0.333333333,0.333333333,8.99
B0BV5PZ6PJ,8,4.375,2,0.25,0.375,0.75,0.125,0,0,0.125,0.75,22.94
B0BV6Q4LR6,4,2.25,3,1,0,0,0.5,0.25,0,0,0.25,13.49
B0BV8XJCFJ,7,4.714285714,0,1,0.142857143,0.142857143,0,0,0,0.285714286,0.714285714,129.99
B0BV92D8Y4,6,4,17,0.833333333,0.166666667,0.5,0,0.166666667,0.166666667,0.166666667,0.5,27.99
B0BV9K5TD8,2,3,6,1,0,0,0.5,0,0,0,0.5,135.99
B0BV9ND41B,5,2.6,12,1,0,0,0.4,0.2,0,0.2,0.2,29.99
B0BV9RQ4WM,14,4.142857143,2,1,0.142857143,0.214285714,0.214285714,0,0,0,0.785714286,31.99
B0BVBHGGHY,23,4.173913043,260,1,0.043478261,0.130434783,0.130434783,0.043478261,0.043478261,0.086956522,0.695652174,149.99
B0BVM44469,18,4.388888889,3,1,0,0,0.055555556,0,0.111111111,0.166666667,0.666666667,15.99
B0BVM6NPK7,5,4.4,0,0,0.2,0.4,0,0,0,0.6,0.4,8.99
B0BVM7W4D5,3,4,4,1,0.333333333,1,0,0,0.333333333,0.333333333,0.333333333,19.99
B0BVM8Z4JM,30,4.6,23,1,0,0,0.033333333,0,0.033333333,0.2,0.733333333,21.99
B0BVMPH1Z8,10,3.7,5,1,0,0,0.1,0.2,0,0.3,0.4,174.44
B0BVR77MZJ,102,4.617647059,10,1,0.019607843,0.039215686,0.078431373,0,0.009803922,0.049019608,0.862745098,4.99
B0BVVWZJGM,5,4.2,5,1,0,0,0,0.2,0,0.2,0.6,70.52
B0BVVYPS9L,5,4.4,0,1,0,0,0,0.2,0,0,0.8,22.99
B0BVYFL4G2,2,5,0,0,0,0,0,0,0,0,1,12.99
B0BW2YSZNZ,2,4,1,1,0,0,0,0,0.5,0,0.5,15.95
B0BW3ZYJQ5,4,4.75,17,1,0.75,1,0,0,0,0.25,0.75,999.99
B0BW96YJ6R,22,4.045454545,23,0.954545455,0.181818182,0.363636364,0,0.090909091,0.181818182,0.318181818,0.409090909,294.95
B0BW9MF3WP,184,4.804347826,1,0.994565217,0.005434783,0.005434783,0.032608696,0.005434783,0.005434783,0.038043478,0.918478261,13.99
B0BW9R4245,34,4.147058824,3,1,0.029411765,0.029411765,0.147058824,0,0.117647059,0.029411765,0.705882353,5.99
B0BW9RFG33,101,4.772277228,7,1,0.00990099,0.00990099,0.02970297,0,0.00990099,0.089108911,0.871287129,28.99
B0BWCL9WCH,177,4.333333333,33,0.988700565,0.02259887,0.06779661,0.050847458,0.09039548,0.050847458,0.09039548,0.717514124,28.99
B0BWD9WGG9,47,4.553191489,52,1,0,0,0.063829787,0.021276596,0.021276596,0.085106383,0.808510638,16.99
B0BWFK1S2L,1,5,6,1,1,4,0,0,0,0,1,39.99
B0BWFP1RYH,19,4.526315789,5,1,0.052631579,0.052631579,0.105263158,0,0,0.052631579,0.842105263,6.14
B0BWH6GHNK,3,3.666666667,4,1,0,0,0.333333333,0,0,0,0.666666667,22.99
B0BWM57GQ8,4,5,1,0,0.25,0.75,0,0,0,0,1,16.99
B0BWN2XM52,11,4.636363636,1,1,0,0,0,0,0,0.363636364,0.636363636,10.99
B0BWN3K6R3,2,4,0,1,0,0,0,0,0.5,0,0.5,7.83
B0BWN4TT8P,3,3,0,1,0,0,0,0.666666667,0,0,0.333333333,16.99
B0BWRF4CX5,7,3.142857143,0,0.857142857,0.142857143,0.142857143,0,0.428571429,0.285714286,0,0.285714286,21.98
B0BWY39LNJ,5,2.6,6,1,0.2,0.2,0.6,0,0,0,0.4,365.99
B0BWY463SV,35,4.4,8,1,0.028571429,0.028571429,0.085714286,0.057142857,0,0.085714286,0.771428571,19.99
B0BWY63Y45,10,4.8,1,1,0,0,0,0,0,0.2,0.8,9.97
B0BWYC982M,8,4.875,0,0.125,0.125,0.375,0,0,0,0.125,0.875,25.99
B0BWYDBGSH,29,4.517241379,5,1,0,0,0.068965517,0.034482759,0.034482759,0.034482759,0.827586207,12.97
B0BX24K4N9,2,1,0,1,0,0,1,0,0,0,0,11.97
B0BX3134YB,4,4.5,33,1,0,0,0,0,0.25,0,0.75,549.99
B0BX35R9YQ,17,3.529411765,17,1,0,0,0.235294118,0.117647059,0.058823529,0.058823529,0.529411765,12.99
B0BX3BTN3B,66,4.181818182,18,0.939393939,0.015151515,0.015151515,0.151515152,0.015151515,0.03030303,0.106060606,0.696969697,6.85
B0BX8C48Q1,34,4.323529412,9,0.941176471,0.029411765,0.029411765,0.117647059,0.058823529,0,0.029411765,0.794117647,8.97
B0BX8VZHT4,4,4,12,0.75,0.25,0.75,0,0,0.25,0.5,0.25,
B0BX9GK3PB,140,4.021428571,282,0.978571429,0.107142857,0.285714286,0.15,0.021428571,0.071428571,0.171428571,0.585714286,369.99
B0BX9JBFT7,6,3.833333333,5,1,0,0,0,0.166666667,0.166666667,0.333333333,0.333333333,189.99
B0BX9SKX3S,4,5,26,0.5,0.25,0.25,0,0,0,0,1,574.79
B0BXCVMM43,4,5,30,1,0,0,0,0,0,0,1,205.98
B0BXCY1T46,5,5,2,0.6,0.2,0.2,0,0,0,0,1,19.99
B0BXFSYKHZ,8,4.5,7,1,0.125,0.125,0,0.125,0,0.125,0.75,16.99
B0BXGLMZL3,6,4.333333333,1,1,0,0,0.166666667,0,0,0,0.833333333,7.97
B0BXHF9S26,31,3.774193548,34,0.935483871,0,0,0.161290323,0.064516129,0.129032258,0.129032258,0.516129032,119.99
B0BXJNHFJH,5,2.6,8,0.8,0,0,0.6,0,0,0,0.4,179.99
B0BXLZNNSB,9,3.555555556,12,1,0.111111111,0.222222222,0.111111111,0.222222222,0.111111111,0.111111111,0.444444444,
B0BXM5YVLB,26,4.230769231,23,0.961538462,0,0,0.115384615,0.038461538,0.076923077,0.038461538,0.730769231,21.99
B0BXMVLY4D,18,4.277777778,8,0.944444444,0,0,0.166666667,0,0,0.055555556,0.777777778,89.99
B0BXNWHH4J,43,4.418604651,9,1,0,0,0.046511628,0.069767442,0,0.186046512,0.697674419,12.69
B0BXRM5JFJ,67,4.343283582,174,0.970149254,0.044776119,0.044776119,0.089552239,0.044776119,0.014925373,0.134328358,0.71641791,15.99
B0BXSQN4HV,107,4.327102804,29,0.953271028,0.08411215,0.158878505,0.074766355,0.046728972,0.074766355,0.08411215,0.719626168,17.88
B0BXT12QCD,4,5,2,0,0.5,1.75,0,0,0,0,1,11.99
B0BXWBPVYS,247,4.546558704,483,0.975708502,0,0,0.048582996,0.024291498,0.04048583,0.105263158,0.781376518,21.99
B0BY1YNR34,15,4.066666667,36,1,0.2,0.266666667,0.2,0,0,0.133333333,0.666666667,109.99
B0BY3YQVTS,9,2.444444444,3,1,0.222222222,0.222222222,0.555555556,0.111111111,0,0,0.333333333,25.25
B0BY451SMG,7,3,3,1,0,0,0.142857143,0.142857143,0.428571429,0.142857143,0.142857143,10.99
B0BY77Y6ZD,13,4.846153846,41,1,0,0,0,0,0.076923077,0,0.923076923,26.32
B0BY8KMT4Y,3,4.666666667,0,0,0,0,0,0,0,0.333333333,0.666666667,15.99
B0BYD4GZ45,5,4.6,1,1,0,0,0,0,0.2,0,0.8,37.89
B0BYDNXYP6,41,4.43902439,15,1,0.024390244,0.024390244,0.073170732,0.048780488,0.024390244,0.073170732,0.780487805,13.99
B0BYFJP2J3,7,3.714285714,1,1,0,0,0.285714286,0,0,0.142857143,0.571428571,29.99
B0BYJ8JYL3,41,3.926829268,18,0.341463415,0.317073171,0.658536585,0.048780488,0.097560976,0.12195122,0.341463415,0.390243902,19.93
B0BYX598BT,3,3,1,0,0.333333333,0.666666667,0,0.666666667,0,0,0.333333333,39.9
B0BYYK77PY,63,4.238095238,15,1,0.031746032,0.047619048,0.079365079,0.063492063,0.095238095,0.063492063,0.698412698,9.99
B0BYYXCL6L,99,4.313131313,92,1,0.02020202,0.03030303,0.121212121,0.02020202,0.03030303,0.080808081,0.747474747,35.99
B0BYZBBDPN,10,3.1,8,0.2,0.2,0.5,0.1,0.1,0.6,0,0.2,389.99
B0BZGQJ3W7,2,3.5,0,0.5,0.5,0.5,0,0.5,0,0,0.5,13.99
B0BZNQHLWQ,6,4.833333333,0,0.333333333,0,0,0,0,0,0.166666667,0.833333333,11.99
B0BZS5P6KY,9,3.666666667,14,1,0,0,0.222222222,0.111111111,0,0.111111111,0.555555556,11.99
B0BZSKQ49M,20,4.4,11,1,0,0,0.05,0,0.05,0.3,0.6,255
B0BZW5SSVK,26,3.884615385,91,1,0.076923077,0.115384615,0.115384615,0.192307692,0,0.076923077,0.615384615,84.99
B0C11BTB7Z,18,4.722222222,14,0.833333333,0.222222222,0.333333333,0,0.055555556,0,0.111111111,0.833333333,19.99
B0C1C7FLQV,1,5,0,1,0,0,0,0,0,0,1,10.99
B0C1FKMJW6,5,2.2,9,1,0,0,0.6,0,0.2,0,0.2,26.99
B0C1NLHKGP,3,3.666666667,1,1,0.666666667,1,0.333333333,0,0,0,0.666666667,379.99
B0C1SD4213,4,3,8,1,0.5,1.5,0.5,0,0,0,0.5,199.99
B0C1ZQJXMP,21,4.238095238,16,1,0,0,0.19047619,0,0,0,0.80952381,133.16
B0C2665THZ,17,2.941176471,57,0.882352941,0,0,0.352941176,0.117647059,0.117647059,0.058823529,0.352941176,237.91
B0C27QDFM6,2,3.5,2,1,0,0,0,0.5,0,0,0.5,19.99
B0C2K57SHK,6,4.5,1,0.833333333,0,0,0,0,0.166666667,0.166666667,0.666666667,16.36
B0C2PJ1W3K,8,4.5,0,1,0,0,0.125,0,0,0,0.875,30
B0C2PS4RQV,3,1.666666667,14,1,0,0,0.666666667,0,0.333333333,0,0,47.99
B0C2Q14N3H,3,3.666666667,2,0.666666667,0,0,0,0,0.666666667,0,0.333333333,18.99
B0C2YZ8J5D,4,4.5,27,1,0,0,0,0,0.25,0,0.75,129.99
B0C2YZRZ4M,5,5,0,0.6,0.2,0.2,0,0,0,0,1,7.99
B0C33X58J7,10,3.7,5,0.9,0.1,0.2,0.2,0,0.1,0.3,0.4,459.99
B0C34QCZW5,6,3.333333333,64,1,0.166666667,0.5,0.333333333,0,0.166666667,0,0.5,989.86
B0C3612S93,6,3,6,1,0,0,0.333333333,0.166666667,0,0.166666667,0.333333333,22.26
B0C36XXTMG,103,3.815533981,35,0.980582524,0.097087379,0.106796117,0.155339806,0.106796117,0.087378641,0.067961165,0.582524272,10.95
B0C3CCR44S,1,5,1,1,0,0,0,0,0,0,1,8.97
B0C3HB41H8,10,3.7,14,0.8,0,0,0.2,0,0.2,0.1,0.5,
B0C3PW2JLQ,2,5,0,1,0,0,0,0,0,0,1,17.19
B0C3Q12G6K,1,5,0,0,0,0,0,0,0,0,1,18.99
B0C3Q5VZY6,6,5,3,1,0,0,0,0,0,0,1,114.99
B0C3QDMKRV,13,3.692307692,8,1,0,0,0.230769231,0.076923077,0,0.153846154,0.538461538,9.99
B0C3R8X26M,4,4.25,4,1,0.5,1,0,0.25,0,0,0.75,259.99
B0C3RDH6NP,4,3.5,2,1,0,0,0.25,0,0.25,0,0.5,339.99
B0C43XFHVH,8,4.375,2,1,0.125,0.5,0.125,0,0,0.125,0.75,9.99
B0C4422Q8X,19,4.210526316,44,0.947368421,0.263157895,0.368421053,0.052631579,0.105263158,0.105263158,0.052631579,0.684210526,18.98
B0C49YTRKQ,10,4.7,26,0.4,0,0,0,0,0.1,0.1,0.8,119.99
B0C4FCHNNX,3,2.333333333,1,1,0,0,0.666666667,0,0,0,0.333333333,23.99
B0C4FQ2X2M,27,3.296296296,97,0.962962963,0.148148148,0.222222222,0.259259259,0.148148148,0.074074074,0.074074074,0.444444444,399.1
B0C4GC9WK6,3,4,3,0.666666667,0,0,0,0.333333333,0,0,0.666666667,83.99
B0C4H575S5,9,4.666666667,1,1,0,0,0,0.111111111,0,0,0.888888889,27.99
B0C4HRKZXR,6,3.666666667,3,0.833333333,0,0,0.166666667,0,0.333333333,0,0.5,209.99
B0C4L63N1F,4,5,0,0,0.25,0.25,0,0,0,0,1,6.99
B0C4LBYP42,31,4.35483871,10,1,0,0,0.096774194,0,0.032258065,0.193548387,0.677419355,37.99
B0C4LRKXNV,84,4.464285714,40,0.988095238,0.119047619,0.166666667,0.05952381,0.023809524,0.011904762,0.202380952,0.702380952,159.99
B0C4M2QLYQ,36,4.75,16,0.944444444,0,0,0,0,0.027777778,0.194444444,0.777777778,15.3
B0C4NB7FBL,1,1,0,1,0,0,1,0,0,0,0,8.97
B0C4NBZVR9,6,5,1,1,0,0,0,0,0,0,1,9.97
B0C4NF4GNQ,3,5,0,1,0,0,0,0,0,0,1,9.97
B0C4PSMDZD,3,3.666666667,2,1,0,0,0.333333333,0,0,0,0.666666667,27.87
B0C4QBZHT2,15,4.2,8,1,0.066666667,0.2,0.066666667,0,0.2,0.133333333,0.6,
B0C4SLSSTP,9,2.111111111,16,0.888888889,0.111111111,0.333333333,0.444444444,0.222222222,0.222222222,0,0.111111111,53.99
B0C4SPLL78,91,4.10989011,10,1,0.010989011,0.010989011,0.142857143,0.043956044,0.043956044,0.098901099,0.67032967,8.61
B0C4T6G356,48,4.229166667,72,0.9375,0.041666667,0.041666667,0.104166667,0.020833333,0.0625,0.166666667,0.645833333,279.99
B0C4WK4187,44,4.568181818,909,0.931818182,0.204545455,0.386363636,0.045454545,0.022727273,0.045454545,0.090909091,0.795454545,279.99
B0C4X9ZJ8P,6,3.166666667,6,1,0.166666667,0.5,0.333333333,0.166666667,0,0,0.5,9.38
B0C51FYQCW,17,4.117647059,3,1,0,0,0.058823529,0.058823529,0.176470588,0.117647059,0.588235294,6.99
B0C53QDKH7,23,4.347826087,48,1,0.043478261,0.086956522,0.130434783,0,0,0.130434783,0.739130435,16.39
B0C586PNZ9,2,5,4,0.5,1,4.5,0,0,0,0,1,529.99
B0C58TH22G,21,4.142857143,114,1,0,0,0.095238095,0.047619048,0.095238095,0.142857143,0.619047619,399.99
B0C58ZBHW5,6,4.5,8,1,0.166666667,0.166666667,0,0,0.166666667,0.166666667,0.666666667,20.59
B0C5BHXVH1,148,4.628378378,9,0.993243243,0,0,0.054054054,0.006756757,0.027027027,0.081081081,0.831081081,49.99
B0C5CD4X6J,32,3.59375,39,0.9375,0,0,0.125,0.15625,0.1875,0.0625,0.46875,109.99
B0C5CT91P9,1,5,2,1,0,0,0,0,0,0,1,20.99
B0C5D6K7WW,1,5,0,1,0,0,0,0,0,0,1,16.19
B0C5DBKGTB,45,4.666666667,176,1,0.2,0.288888889,0.022222222,0.022222222,0.022222222,0.133333333,0.8,269.99
B0C5F5TXZM,150,4.426666667,73,0.993333333,0.013333333,0.02,0.093333333,0.04,0.013333333,0.053333333,0.8,29.99
B0C5GCKJPT,21,4.857142857,6,1,0.047619048,0.047619048,0,0,0.047619048,0.047619048,0.904761905,6.99
B0C5GZ1T14,6,3.5,9,1,0,0,0.166666667,0,0.333333333,0.166666667,0.333333333,297.04
B0C5H7JRSD,5,1.4,4,1,0,0,0.6,0.4,0,0,0,15.29
B0C5HQ6LFC,15,4.4,0,1,0,0,0.133333333,0,0,0.066666667,0.8,11.98
B0C5HQM719,2,5,1,1,0,0,0,0,0,0,1,89.02
B0C5HQS6B9,2,5,0,0,0,0,0,0,0,0,1,299.99
B0C5HQS7DQ,7,4.428571429,1,1,0,0,0.142857143,0,0,0,0.857142857,24.66
B0C5HRN69V,7,4.714285714,2,1,0,0,0,0,0.142857143,0,0.857142857,89.62
B0C5HRRW4B,3,1.666666667,0,0.666666667,0,0,0.666666667,0,0.333333333,0,0,326
B0C5HRW3LF,3,5,0,1,0,0,0,0,0,0,1,45.39
B0C5HRZVDQ,4,4.5,2,1,0,0,0,0,0.25,0,0.75,13.99
B0C5HSJ1B2,2,5,0,1,0,0,0,0,0,0,1,115
B0C5HTFGNF,6,3.666666667,7,0.833333333,0.5,1.166666667,0.333333333,0,0,0,0.666666667,49.95
B0C5HXPB15,7,5,1,1,0,0,0,0,0,0,1,75.99
B0C5MF7JRS,18,4.388888889,102,0.944444444,0.055555556,0.111111111,0.111111111,0,0,0.166666667,0.722222222,279.99
B0C5MQQ7J9,2,4.5,0,0,0.5,0.5,0,0,0,0.5,0.5,224.99
B0C5N5YP4X,5,4.2,1,1,0,0,0.2,0,0,0,0.8,51.99
B0C5PR3NWJ,436,4.575688073,490,0.961009174,0.020642202,0.027522936,0.05733945,0.018348624,0.018348624,0.103211009,0.802752294,33.29
B0C5QVQVRD,17,4,15,1,0.176470588,0.529411765,0.117647059,0.058823529,0.117647059,0.117647059,0.588235294,79.99
B0C5RRJ9C6,7,3.571428571,64,0.857142857,0,0,0.142857143,0.142857143,0.142857143,0.142857143,0.428571429,69.99
B0C5T6J2MS,4,3.5,5,1,0,0,0.25,0,0.25,0,0.5,199.99
B0C5WGV7K8,29,4.310344828,64,1,0,0,0.137931034,0.034482759,0,0.034482759,0.793103448,14.99
B0C5WN2W97,7,3.857142857,1,1,0.142857143,0.142857143,0.142857143,0.142857143,0,0.142857143,0.571428571,12.99
B0C5XCY6CX,59,4.677966102,14,1,0,0,0.033898305,0.016949153,0,0.13559322,0.813559322,24.99
B0C5XMRQXY,6,3.833333333,6,1,0.5,1.166666667,0.166666667,0.166666667,0,0,0.666666667,115.85
B0C5ZCV5P8,9,4.666666667,5,0.777777778,0.111111111,0.333333333,0,0,0.111111111,0.111111111,0.777777778,332.99
B0C5ZRMRT6,18,4.888888889,10,1,0.055555556,0.111111111,0,0,0,0.111111111,0.888888889,24.99
B0C613NQS9,22,4.272727273,16,0.954545455,0,0,0.090909091,0,0.045454545,0.272727273,0.590909091,25.99
B0C61HB7JB,5,3.8,0,0.8,0.2,0.2,0.2,0,0.2,0,0.6,199.99
B0C61WPQ3V,3,5,2,1,0,0,0,0,0,0,1,69
B0C61YFPMM,3,3,2,0.666666667,0,0,0,0.333333333,0.333333333,0.333333333,0,199.99
B0C61ZHKQH,9,4.555555556,3,1,0,0,0.111111111,0,0,0,0.888888889,67.34
B0C6226Y9B,22,3.818181818,8,0.909090909,0.090909091,0.136363636,0.136363636,0.090909091,0.045454545,0.272727273,0.454545455,629
B0C62K81PJ,26,4.269230769,4,1,0,0,0,0.076923077,0.230769231,0.038461538,0.653846154,5.95
B0C64H22TB,13,3.923076923,3,1,0,0,0.230769231,0,0,0.153846154,0.615384615,20.77
B0C64XWQX9,50,4.28,61,0.96,0.04,0.06,0.1,0.04,0.04,0.12,0.7,16.99
B0C65CKXKK,13,3.846153846,4,0.769230769,0.076923077,0.076923077,0.076923077,0.230769231,0,0.153846154,0.538461538,15.99
B0C6695YHW,27,4.444444444,12,1,0.037037037,0.037037037,0.111111111,0,0,0.111111111,0.777777778,21.33
B0C69G8PHH,28,4,34,0.857142857,0.071428571,0.214285714,0.107142857,0.107142857,0.071428571,0.107142857,0.607142857,24.99
B0C69HCVRM,25,3.2,107,1,0.16,0.24,0.4,0,0.04,0.12,0.44,199.99
B0C6CLBBQ1,36,4.222222222,854,0.972222222,0.083333333,0.166666667,0.083333333,0.111111111,0.055555556,0,0.75,239.99
B0C6CYJM4S,2,3.5,0,0.5,0,0,0,0,0.5,0.5,0,183.44
B0C6FDT9L2,18,3.5,81,0.944444444,0.055555556,0.055555556,0.222222222,0.055555556,0.166666667,0.111111111,0.444444444,47.99
B0C6JTWL3Z,4,1.75,1,1,0,0,0.75,0,0,0.25,0,11.49
B0C6KMHKJ4,2,5,6,1,0,0,0,0,0,0,1,139.99
B0C6L4P38H,1,1,2,1,0,0,1,0,0,0,0,
B0C6L6LLS9,44,3.795454545,24,0.931818182,0.022727273,0.022727273,0.113636364,0.090909091,0.113636364,0.25,0.431818182,183.52
B0C6LG1G4H,8,4,16,1,0,0,0,0.25,0,0.25,0.5,305.99
B0C6LLJFR8,23,3.304347826,0,1,0,0,0.304347826,0.086956522,0.043478261,0.130434783,0.434782609,6.99
B0C6LLK2TC,4,4.25,0,1,0.25,0.25,0,0.25,0,0,0.75,9.97
B0C6LP4DFV,2,5,0,1,0,0,0,0,0,0,1,289.99
B0C6PHL4J8,22,4.181818182,2,1,0.090909091,0.090909091,0.136363636,0.045454545,0,0.136363636,0.681818182,14.99
B0C6PYQ6XZ,12,2.833333333,22,0.916666667,0,0,0.416666667,0.083333333,0.083333333,0.083333333,0.333333333,339.99
B0C6Q877R9,3,5,12,1,0.333333333,1,0,0,0,0,1,21.99
B0C6QDS1HT,21,2.904761905,24,0.904761905,0.095238095,0.095238095,0.333333333,0.238095238,0,0.047619048,0.380952381,99.99
B0C6SGRVBX,30,3.533333333,59,0.966666667,0.066666667,0.166666667,0.2,0.133333333,0.1,0.066666667,0.5,94.99
B0C6WKGCKD,8,4.875,0,1,0,0,0,0,0,0.125,0.875,6.99
B0C6XJJQ4J,18,4.611111111,28,1,0.055555556,0.055555556,0,0.055555556,0.055555556,0.111111111,0.777777778,109.99
B0C71KVMY9,61,3.950819672,178,0.967213115,0.016393443,0.016393443,0.180327869,0.016393443,0.06557377,0.147540984,0.590163934,161.1
B0C73FHMPX,10,4.3,4,1,0.1,0.1,0.1,0,0.1,0.1,0.7,9.99
B0C78JF6YV,7,3.714285714,13,1,0.285714286,0.571428571,0.285714286,0,0,0.142857143,0.571428571,24.97
B0C7CC35KH,246,4.402439024,79,0.930894309,0.008130081,0.016260163,0.105691057,0.012195122,0.024390244,0.089430894,0.768292683,16.99
B0C7CLNS6Q,67,4.044776119,189,0.985074627,0.014925373,0.014925373,0.104477612,0.074626866,0.089552239,0.134328358,0.597014925,11.95
B0C7D34B53,9,3.111111111,36,1,0.333333333,0.444444444,0.333333333,0.111111111,0,0.222222222,0.333333333,79.99
B0C7DWLPQV,116,4.267241379,15,1,0,0,0.120689655,0.025862069,0.043103448,0.086206897,0.724137931,29.99
B0C7FZXGZ9,29,4.034482759,34,1,0.034482759,0.068965517,0.206896552,0.034482759,0,0.034482759,0.724137931,17.99
B0C7G1VY62,46,4.52173913,61,0.956521739,0.02173913,0.02173913,0.043478261,0.02173913,0.02173913,0.195652174,0.717391304,13.99
B0C7GCZ44M,213,4.502347418,86,0.990610329,0.009389671,0.009389671,0.079812207,0.023474178,0.014084507,0.079812207,0.802816901,40.99
B0C7GKM91B,298,4.174496644,226,0.969798658,0.003355705,0.003355705,0.11409396,0.05033557,0.040268456,0.137583893,0.657718121,11.09
B0C7KGJTT9,3,2.333333333,0,1,0,0,0.666666667,0,0,0,0.333333333,11.59
B0C7KNNR8R,16,4.5625,38,0.9375,0,0,0.0625,0.0625,0,0,0.875,19.99
B0C7KPWLHX,2,3,2,1,0,0,0.5,0,0,0,0.5,97.89
B0C7LVYCNY,1,5,0,1,0,0,0,0,0,0,1,17.88
B0C7Q376YY,11,3.181818182,10,1,0,0,0.363636364,0.090909091,0,0.090909091,0.454545455,31.99
B0C7QJ1M3V,3,3.333333333,0,0.333333333,0,0,0.333333333,0,0,0.333333333,0.333333333,49.99
B0C7S82GS1,3,3.666666667,0,1,0,0,0.333333333,0,0,0,0.666666667,29.99
B0C7TLL2GB,9,4.333333333,7,1,0.111111111,0.222222222,0.111111111,0,0.111111111,0,0.777777778,11.97
B0C7VHR6LM,4,3.25,11,1,0.25,0.75,0.25,0.25,0,0,0.5,799.98
B0C7ZYH35C,14,4.142857143,0,1,0,0,0.142857143,0,0.071428571,0.142857143,0.642857143,25.69
B0C857PHSX,2,3.5,0,1,0,0,0,0.5,0,0,0.5,16.9
B0C85M2F4G,107,4.420560748,88,0.981308411,0,0,0.065420561,0.046728972,0.056074766,0.065420561,0.76635514,27.69
B0C865LNXK,4,2.75,2,1,0,0,0.25,0.25,0.25,0,0.25,22.94
B0C86NF3DH,49,4.142857143,124,0.93877551,0.06122449,0.12244898,0.12244898,0.081632653,0.040816327,0.040816327,0.714285714,179.99
B0C884SSHY,4,4.75,4,1,0.25,0.5,0,0,0,0.25,0.75,
B0C89QS897,2,4.5,0,1,0.5,0.5,0,0,0,0.5,0.5,39.99
B0C8BBKF33,3,4,1,1,0,0,0,0.333333333,0,0,0.666666667,99.99
B0C8GLGVMK,1,5,0,1,0,0,0,0,0,0,1,31.99
B0C8J6NNBT,62,3.951612903,33,0.983870968,0.112903226,0.306451613,0.177419355,0.064516129,0.048387097,0.048387097,0.661290323,9.99
B0C8JVGC91,1,5,3,1,1,4,0,0,0,0,1,499.99
B0C8LZ4PXM,17,4.529411765,1,1,0,0,0.117647059,0,0,0,0.882352941,30.99
B0C8TMBQ9P,4,3.75,1,1,0,0,0.25,0,0,0.25,0.5,19.99
B0C8TRSYV4,3,4.666666667,0,1,0,0,0,0,0,0.333333333,0.666666667,61.77
B0C8TRZ84L,1,5,0,1,0,0,0,0,0,0,1,26.22
B0C8TSHZJ5,4,3.5,2,1,0,0,0.25,0,0.25,0,0.5,21.42
B0C8TSJ2Y4,8,4.5,1,1,0,0,0,0.125,0,0.125,0.75,116.29
B0C8TSKDWP,2,5,2,1,0,0,0,0,0,0,1,67
B0C8TT9JJN,6,4.5,0,1,0,0,0,0.166666667,0,0,0.833333333,15.93
B0C8TTF42G,10,5,1,1,0,0,0,0,0,0,1,22.2
B0C8TVHZ9T,4,4.5,0,1,0,0,0,0,0.25,0,0.75,9.82
B0C94VM8NS,30,4.766666667,5,0.966666667,0.133333333,0.2,0.033333333,0,0.033333333,0.033333333,0.9,6.99
B0C9DNP8HG,9,4.666666667,0,1,0,0,0,0,0.111111111,0.111111111,0.777777778,9.89
B0C9DPRT35,71,4.873239437,104,1,0.028169014,0.028169014,0,0,0.014084507,0.098591549,0.887323944,18.99
B0C9J6J79Y,7,5,9,0.857142857,0.428571429,1.714285714,0,0,0,0,1,65.66
B0C9MGFHWY,3,3.666666667,7,1,0,0,0.333333333,0,0,0,0.666666667,109.99
B0C9SC79TF,1,5,0,1,0,0,0,0,0,0,1,219.96
B0C9SP1VQS,8,4.25,17,1,0.125,0.5,0,0.125,0,0.375,0.5,65.77
B0C9TTZW3K,56,3,245,0.660714286,0.125,0.25,0.375,0.125,0.035714286,0.053571429,0.410714286,599
B0C9VMLRBW,15,3.333333333,13,0.866666667,0,0,0.266666667,0.066666667,0.133333333,0.133333333,0.4,93.04
B0C9WY6KG6,6,4.5,1,1,0,0,0,0,0.166666667,0.166666667,0.666666667,20.99
B0C9ZT2T55,22,4.136363636,0,1,0.090909091,0.227272727,0.136363636,0.090909091,0,0.045454545,0.727272727,6.67
B0CB8Y7Q5T,21,4.476190476,14,0.952380952,0.095238095,0.142857143,0,0.095238095,0.095238095,0.047619048,0.761904762,299
B0CBMJG4H1,2,4.5,4,1,0,0,0,0,0,0.5,0.5,199.99
B0CBS9VSJJ,6,3.166666667,6,0.833333333,0.166666667,0.333333333,0.333333333,0,0.166666667,0.166666667,0.333333333,189.99
B0CBSF4GC2,5,4.4,0,1,0,0,0,0.2,0,0,0.8,52.58
B0CBSNQQS1,11,4.090909091,7,1,0,0,0.090909091,0.181818182,0,0,0.727272727,21.53
B0CC1SMKGM,5,4.4,1,0.4,0,0,0,0,0,0.6,0.4,22.4
B0CC24FY8S,14,4.428571429,11,1,0,0,0,0.142857143,0.071428571,0,0.785714286,23.99
B0CC4S359S,24,3.833333333,22,1,0,0,0.166666667,0.083333333,0.083333333,0.083333333,0.583333333,18.77
B0CC66XD1W,8,4.375,12,0.875,0.125,0.125,0,0.125,0,0.25,0.625,429.99
B0CC84BX31,15,4.333333333,51,1,0.066666667,0.4,0.066666667,0.066666667,0,0.2,0.666666667,329.88
B0CCC6XYJ8,1,5,2,1,0,0,0,0,0,0,1,14.99
B0CCJ8JHY6,2,3,1,0.5,1,4,0.5,0,0,0,0.5,239.86
B0CCSNVLPM,12,4.75,30,0.833333333,0.666666667,1.166666667,0,0,0.083333333,0.083333333,0.833333333,799.99
B0CCXRX5ZG,11,4.363636364,1,1,0,0,0.090909091,0,0,0.272727273,0.636363636,11.69
B0CDBQQ97N,4,5,0,1,0,0,0,0,0,0,1,34.79
B0CH358MHW,18,4.277777778,71,1,0,0,0.111111111,0.055555556,0,0.111111111,0.722222222,23.99
