image_id,review_id,product_id,image_url
REV0000031_IMG01,REV0000031,B0BX9GK3PB,https://m.media-amazon.com/images/I/B1I-x3iXaAS._SL1600_.jpg
REV0000065_IMG01,REV0000065,B08D3VMDVL,https://images-na.ssl-images-amazon.com/images/I/91dmUsX28GL._SL1600_.jpg
REV0000065_IMG02,REV0000065,B08D3VMDVL,https://images-na.ssl-images-amazon.com/images/I/A19bjQH2qNL._SL1600_.jpg
REV0000065_IMG03,REV0000065,B08D3VMDVL,https://images-na.ssl-images-amazon.com/images/I/A1yuvibHHwL._SL1600_.jpg
REV0000082_IMG01,REV0000082,B0B9CCJTDF,https://images-na.ssl-images-amazon.com/images/I/C1sVoslic0S._SL1600_.jpg
REV0000144_IMG01,REV0000144,B01ALBMIEI,https://images-na.ssl-images-amazon.com/images/I/61FcH74qbNL._SL1600_.jpg
REV0000144_IMG02,REV0000144,B01ALBMIEI,https://images-na.ssl-images-amazon.com/images/I/61UIq55WlcL._SL1600_.jpg
REV0000144_IMG03,REV0000144,B01ALBMIEI,https://images-na.ssl-images-amazon.com/images/I/61bIJCJDMFL._SL1600_.jpg
REV0000189_IMG01,REV0000189,B0B6Y2D91L,https://images-na.ssl-images-amazon.com/images/I/71qKX5pEzHL._SL1600_.jpg
REV0000189_IMG02,REV0000189,B0B6Y2D91L,https://images-na.ssl-images-amazon.com/images/I/81YoGnnRMpL._SL1600_.jpg
REV0000189_IMG03,REV0000189,B0B6Y2D91L,https://images-na.ssl-images-amazon.com/images/I/81jNa9IsoXL._SL1600_.jpg
REV0000214_IMG01,REV0000214,B00MMRFNNS,https://images-na.ssl-images-amazon.com/images/I/71RG0CgCeEL.jpg
REV0000257_IMG01,REV0000257,B0BYJ8JYL3,https://m.media-amazon.com/images/I/71wvMzxR0iL._SL1600_.jpg
REV0000257_IMG02,REV0000257,B0BYJ8JYL3,https://m.media-amazon.com/images/I/81Pt46C4IDL._SL1600_.jpg
REV0000257_IMG03,REV0000257,B0BYJ8JYL3,https://m.media-amazon.com/images/I/81Th5Ottf5L._SL1600_.jpg
REV0000279_IMG01,REV0000279,B00ECX06WS,https://images-na.ssl-images-amazon.com/images/I/71rPFFqvomL._SL1600_.jpg
REV0000339_IMG01,REV0000339,B089XCCM4Y,https://images-na.ssl-images-amazon.com/images/I/C1TSXhmHVqS._SL1600_.jpg
REV0000354_IMG01,REV0000354,B09MM7BH9P,https://images-na.ssl-images-amazon.com/images/I/71jVzWzmwGL.jpg
REV0000362_IMG01,REV0000362,B01J23CPU8,https://images-na.ssl-images-amazon.com/images/I/81PHzwgO8FL.jpg
REV0000362_IMG02,REV0000362,B01J23CPU8,https://images-na.ssl-images-amazon.com/images/I/81qaTzCx9LL.jpg
REV0000364_IMG01,REV0000364,B081K4Q6KQ,https://m.media-amazon.com/images/I/C1cdU6uCTkS._SL1600_.jpg
REV0000370_IMG01,REV0000370,B07V9PLKZY,https://m.media-amazon.com/images/I/617VhGwqHEL._SL1600_.jpg
REV0000391_IMG01,REV0000391,B09VT3LJJY,https://m.media-amazon.com/images/I/71NsSv0V0HL._SL1600_.jpg
REV0000400_IMG01,REV0000400,B07BT6538F,https://m.media-amazon.com/images/I/71eJ3jFvRnL._SL1600_.jpg
REV0000400_IMG02,REV0000400,B07BT6538F,https://m.media-amazon.com/images/I/71h3sI7KABL._SL1600_.jpg
REV0000439_IMG01,REV0000439,B07CPZY4B3,https://m.media-amazon.com/images/I/512FGE7qBNL._SL1600_.jpg
REV0000449_IMG01,REV0000449,B095YDK1MR,https://images-na.ssl-images-amazon.com/images/I/81wk61db2zL._SL1600_.jpg
REV0000476_IMG01,REV0000476,B081DG1BRW,https://images-na.ssl-images-amazon.com/images/I/61AUOLMUSFL.jpg
REV0000502_IMG01,REV0000502,B00L1JT4YM,https://images-na.ssl-images-amazon.com/images/I/61aeD-Rn2YL.jpg
REV0000502_IMG02,REV0000502,B00L1JT4YM,https://images-na.ssl-images-amazon.com/images/I/714elfix1vL.jpg
REV0000503_IMG01,REV0000503,B0BKH4GP3R,https://m.media-amazon.com/images/I/516-oiiKowL._SL1600_.jpg
REV0000503_IMG02,REV0000503,B0BKH4GP3R,https://m.media-amazon.com/images/I/617bsjyJQEL._SL1600_.jpg
REV0000527_IMG01,REV0000527,B099NMG3RH,https://m.media-amazon.com/images/I/71+8erBeb2L._SL1600_.jpg
REV0000527_IMG02,REV0000527,B099NMG3RH,https://m.media-amazon.com/images/I/71rtPcT3b4L._SL1600_.jpg
REV0000549_IMG01,REV0000549,B00UUEGYXS,https://images-na.ssl-images-amazon.com/images/I/31+NHA8MqRL._SL1600_.jpg
REV0000549_IMG02,REV0000549,B00UUEGYXS,https://images-na.ssl-images-amazon.com/images/I/91Vfo3w8YjL._SL1600_.jpg
REV0000549_IMG03,REV0000549,B00UUEGYXS,https://images-na.ssl-images-amazon.com/images/I/91eX3Q9OmJL._SL1600_.jpg
REV0000562_IMG01,REV0000562,B07HFF44TF,https://m.media-amazon.com/images/I/716OGIXSfTL._SL1600_.jpg
REV0000562_IMG02,REV0000562,B07HFF44TF,https://m.media-amazon.com/images/I/71RCi9z+x5L._SL1600_.jpg
REV0000570_IMG01,REV0000570,B09CBF2XCF,https://images-na.ssl-images-amazon.com/images/I/71uo24+TBrL.jpg
REV0000578_IMG01,REV0000578,B0BVM7W4D5,https://m.media-amazon.com/images/I/61fcqXfrDuL._SL1600_.jpg
REV0000578_IMG02,REV0000578,B0BVM7W4D5,https://m.media-amazon.com/images/I/71EH5yoquiL._SL1600_.jpg
REV0000578_IMG03,REV0000578,B0BVM7W4D5,https://m.media-amazon.com/images/I/71nsGcYpcTL._SL1600_.jpg
REV0000598_IMG01,REV0000598,B07MSF3GR3,https://images-na.ssl-images-amazon.com/images/I/81MAtYhxqvL.jpg
REV0000598_IMG02,REV0000598,B07MSF3GR3,https://images-na.ssl-images-amazon.com/images/I/81eL9AmK7wL.jpg
REV0000621_IMG01,REV0000621,B00LQDCWJM,https://images-na.ssl-images-amazon.com/images/I/71QnmkBg0tL.jpg
REV0000621_IMG02,REV0000621,B00LQDCWJM,https://images-na.ssl-images-amazon.com/images/I/71z+R+tyDOL.jpg
REV0000648_IMG01,REV0000648,B000NCWUWQ,https://images-na.ssl-images-amazon.com/images/I/61vR49zxyaL._SL1600_.jpg
REV0000656_IMG01,REV0000656,B07XZMCBSK,https://m.media-amazon.com/images/I/61v9YHiAc+L._SL1600_.jpg
REV0000657_IMG01,REV0000657,B00GPXASXK,https://m.media-amazon.com/images/I/71zcr1TXTlL._SL1600_.jpg
REV0000670_IMG01,REV0000670,B0B68NMQHW,https://m.media-amazon.com/images/I/51vQGIwYE-L._SL1600_.jpg
REV0000670_IMG02,REV0000670,B0B68NMQHW,https://m.media-amazon.com/images/I/71FBcA4kbkL._SL1600_.jpg
REV0000670_IMG03,REV0000670,B0B68NMQHW,https://m.media-amazon.com/images/I/71gTAJPz07L._SL1600_.jpg
REV0000670_IMG04,REV0000670,B0B68NMQHW,https://m.media-amazon.com/images/I/71iWZcMIeSL._SL1600_.jpg
REV0000670_IMG05,REV0000670,B0B68NMQHW,https://m.media-amazon.com/images/I/71vG9AvkTWL._SL1600_.jpg
REV0000674_IMG01,REV0000674,B07Z67ZCSD,https://m.media-amazon.com/images/I/71k7haiiMzL._SL1600_.jpg
REV0000674_IMG02,REV0000674,B07Z67ZCSD,https://m.media-amazon.com/images/I/71ttYuAXFML._SL1600_.jpg
REV0000686_IMG01,REV0000686,B09YC8YCV6,https://images-na.ssl-images-amazon.com/images/I/C17X+vxTmJS._SL1600_.jpg
REV0000702_IMG01,REV0000702,B00009W3I4,https://images-na.ssl-images-amazon.com/images/I/71Cf3DVAo-L._SL1600_.jpg
REV0000708_IMG01,REV0000708,B0736MBGSQ,https://images-na.ssl-images-amazon.com/images/I/B1D1L2FUffS._SL1600_.jpg
REV0000708_IMG02,REV0000708,B0736MBGSQ,https://images-na.ssl-images-amazon.com/images/I/B1YKk1p6XBS._SL1600_.jpg
REV0000708_IMG03,REV0000708,B0736MBGSQ,https://images-na.ssl-images-amazon.com/images/I/B1uwyuuPlpS._SL1600_.jpg
REV0000717_IMG01,REV0000717,B0BHVBRK6H,https://m.media-amazon.com/images/I/51W0mJJqU+L._SL1600_.jpg
REV0000717_IMG02,REV0000717,B0BHVBRK6H,https://m.media-amazon.com/images/I/71CBW17DfUL._SL1600_.jpg
REV0000733_IMG01,REV0000733,B0C8J6NNBT,https://images-na.ssl-images-amazon.com/images/I/B101FXQMRmS._SL1600_.jpg
REV0000733_IMG02,REV0000733,B0C8J6NNBT,https://images-na.ssl-images-amazon.com/images/I/B12etw-0ObS._SL1600_.jpg
REV0000733_IMG03,REV0000733,B0C8J6NNBT,https://images-na.ssl-images-amazon.com/images/I/B147bd+CRDS._SL1600_.jpg
REV0000733_IMG04,REV0000733,B0C8J6NNBT,https://images-na.ssl-images-amazon.com/images/I/B1R64RD3vYS._SL1600_.jpg
REV0000733_IMG05,REV0000733,B0C8J6NNBT,https://images-na.ssl-images-amazon.com/images/I/B1n6U20zSkS._SL1600_.jpg
REV0000802_IMG01,REV0000802,B07VDX3W4J,https://m.media-amazon.com/images/I/719XNfI-jNL._SL1600_.jpg
REV0000805_IMG01,REV0000805,B0BT1CY693,https://images-na.ssl-images-amazon.com/images/I/61yOypbueUL._SL1600_.jpg
REV0000839_IMG01,REV0000839,B0BHR99GKT,https://m.media-amazon.com/images/I/61r4akeY3AL._SL1600_.jpg
REV0000868_IMG01,REV0000868,B08H551GHQ,https://images-na.ssl-images-amazon.com/images/I/B1eE1k402eS._SL1600_.jpg
REV0000868_IMG02,REV0000868,B08H551GHQ,https://images-na.ssl-images-amazon.com/images/I/B1tngJ4fDkS._SL1600_.jpg
REV0000868_IMG03,REV0000868,B08H551GHQ,https://images-na.ssl-images-amazon.com/images/I/B1tqMfXNG5S._SL1600_.jpg
REV0000901_IMG01,REV0000901,B08YWXWBZV,https://images-na.ssl-images-amazon.com/images/I/71nnTM6aF+L.jpg
REV0000910_IMG01,REV0000910,B0BY1YNR34,https://images-na.ssl-images-amazon.com/images/I/91a9o9jb2SL._SL1600_.jpg
REV0000910_IMG02,REV0000910,B0BY1YNR34,https://images-na.ssl-images-amazon.com/images/I/91eZU6gJEBL._SL1600_.jpg
REV0000928_IMG01,REV0000928,B07854PBL9,https://m.media-amazon.com/images/I/81E6PSfM+cL._SL1600_.jpg
REV0000933_IMG01,REV0000933,B0C5DBKGTB,https://images-na.ssl-images-amazon.com/images/I/51QytKB82BL._SL1600_.jpg
REV0000981_IMG01,REV0000981,B08ZHD696S,https://images-na.ssl-images-amazon.com/images/I/61n93QbXHjL.jpg
REV0000981_IMG02,REV0000981,B08ZHD696S,https://images-na.ssl-images-amazon.com/images/I/61uwh8Y997L.jpg
REV0000981_IMG03,REV0000981,B08ZHD696S,https://images-na.ssl-images-amazon.com/images/I/715ebO+zP4L.jpg
REV0001026_IMG01,REV0001026,B07T3YWNH3,https://images-na.ssl-images-amazon.com/images/I/81QyPFmGmnL._SL1600_.jpg
REV0001032_IMG01,REV0001032,B07JPLX4CV,https://images-na.ssl-images-amazon.com/images/I/81NBQ+sTEuL.jpg
REV0001079_IMG01,REV0001079,B01GABBF60,https://images-na.ssl-images-amazon.com/images/I/B1AJAcLeN2S._SL1600_.jpg
REV0001090_IMG01,REV0001090,B004RP73YK,https://images-na.ssl-images-amazon.com/images/I/714cSIAns1L.jpg
REV0001090_IMG02,REV0001090,B004RP73YK,https://images-na.ssl-images-amazon.com/images/I/71dFy-BYh0L.jpg
REV0001113_IMG01,REV0001113,B07JHBPYKZ,https://images-na.ssl-images-amazon.com/images/I/71PBqf3AC3L.jpg
REV0001123_IMG01,REV0001123,B07QC7JRDP,https://images-na.ssl-images-amazon.com/images/I/71pFOYaUgUL._SL1600_.jpg
REV0001150_IMG01,REV0001150,B006054VH2,https://images-na.ssl-images-amazon.com/images/I/81Vuw+t+WnL.jpg
REV0001177_IMG01,REV0001177,B07LCSK4JY,https://images-na.ssl-images-amazon.com/images/I/7100hKav-nL._SL1600_.jpg
REV0001177_IMG02,REV0001177,B07LCSK4JY,https://images-na.ssl-images-amazon.com/images/I/71YXWQK9+aL._SL1600_.jpg
REV0001182_IMG01,REV0001182,B00LGUG36I,https://images-na.ssl-images-amazon.com/images/I/71-iSzQcAWL.jpg
REV0001190_IMG01,REV0001190,B0B9ZPWT7F,https://m.media-amazon.com/images/I/6184BtQLG6L._SL1600_.jpg
REV0001216_IMG01,REV0001216,B075LR98ZQ,https://m.media-amazon.com/images/I/81h20AUkeNL._SL1600_.jpg
REV0001229_IMG01,REV0001229,B07QC7JRDP,https://images-na.ssl-images-amazon.com/images/I/714rt-fqDHL.jpg
REV0001233_IMG01,REV0001233,B099NNSDH2,https://m.media-amazon.com/images/I/61FVE9fqn2L._SL1600_.jpg
REV0001239_IMG01,REV0001239,B01G4XDNJ6,https://images-na.ssl-images-amazon.com/images/I/615qmSOTNIL.jpg
REV0001239_IMG02,REV0001239,B01G4XDNJ6,https://images-na.ssl-images-amazon.com/images/I/71LBlsEssvL.jpg
REV0001256_IMG01,REV0001256,B00D09SEVA,https://images-na.ssl-images-amazon.com/images/I/519c3QMYxzL._SL1600_.jpg
REV0001256_IMG02,REV0001256,B00D09SEVA,https://images-na.ssl-images-amazon.com/images/I/51QalUE7AyL._SL1600_.jpg
REV0001262_IMG01,REV0001262,B08BRBDHC5,https://images-na.ssl-images-amazon.com/images/I/71VqZKS+n5L._SL1600_.jpg
REV0001262_IMG02,REV0001262,B08BRBDHC5,https://images-na.ssl-images-amazon.com/images/I/71dVAazlv2L._SL1600_.jpg
REV0001288_IMG01,REV0001288,B07CH5M6ZH,https://images-na.ssl-images-amazon.com/images/I/71yZ+WZ7ihL.jpg
REV0001288_IMG02,REV0001288,B07CH5M6ZH,https://images-na.ssl-images-amazon.com/images/I/816gSejulYL.jpg
REV0001309_IMG01,REV0001309,B072C81QSX,https://images-na.ssl-images-amazon.com/images/I/513FzTjzOKL.jpg
REV0001309_IMG02,REV0001309,B072C81QSX,https://images-na.ssl-images-amazon.com/images/I/51eH2iWwcIL.jpg
REV0001309_IMG03,REV0001309,B072C81QSX,https://images-na.ssl-images-amazon.com/images/I/618NBf4RabL.jpg
REV0001309_IMG04,REV0001309,B072C81QSX,https://images-na.ssl-images-amazon.com/images/I/61RhGlnN1mL.jpg
REV0001309_IMG05,REV0001309,B072C81QSX,https://images-na.ssl-images-amazon.com/images/I/61wNz-1n9BL.jpg
REV0001352_IMG01,REV0001352,B005B48RUU,https://images-na.ssl-images-amazon.com/images/I/71AVf9F9WoL.jpg
REV0001398_IMG01,REV0001398,B0045LLC7K,https://images-na.ssl-images-amazon.com/images/I/61afOxQaGdL.jpg
REV0001398_IMG02,REV0001398,B0045LLC7K,https://images-na.ssl-images-amazon.com/images/I/61afOxQaGdL.jpg
REV0001415_IMG01,REV0001415,B0B5Q2WHF2,https://m.media-amazon.com/images/I/61erV1qfMML._SL1600_.jpg
REV0001415_IMG02,REV0001415,B0B5Q2WHF2,https://m.media-amazon.com/images/I/71VsMQ-slfL._SL1600_.jpg
REV0001433_IMG01,REV0001433,B09XD3HH8T,https://images-na.ssl-images-amazon.com/images/I/81ceYKcguWL._SL1600_.jpg
REV0001446_IMG01,REV0001446,B09MJWFL31,https://m.media-amazon.com/images/I/711Uw-KpvGL._SL1600_.jpg
REV0001487_IMG01,REV0001487,B09MVV717N,https://m.media-amazon.com/images/I/41OrO4kVH5L._SL1600_.jpg
REV0001487_IMG02,REV0001487,B09MVV717N,https://m.media-amazon.com/images/I/51sHc12bknL._SL1600_.jpg
REV0001500_IMG01,REV0001500,B0BZW5SSVK,https://m.media-amazon.com/images/I/61ztJ3OqC+L._SL1600_.jpg
REV0001503_IMG01,REV0001503,B083NLDD5R,https://images-na.ssl-images-amazon.com/images/I/611lUDrN-3L.jpg
REV0001503_IMG02,REV0001503,B083NLDD5R,https://images-na.ssl-images-amazon.com/images/I/61A0BGfxqqL.jpg
REV0001507_IMG01,REV0001507,B0BY1YNR34,https://images-na.ssl-images-amazon.com/images/I/91VpiSguo5L._SL1600_.jpg
REV0001512_IMG01,REV0001512,B088LYGYS5,https://m.media-amazon.com/images/I/6106ab7w2RL._SL1600_.jpg
REV0001521_IMG01,REV0001521,B078Y3K62T,https://images-na.ssl-images-amazon.com/images/I/71T1wAm0CjL._SL1600_.jpg
REV0001525_IMG01,REV0001525,B07LCSK4JY,https://images-na.ssl-images-amazon.com/images/I/B1Emwx0mjlS._SL1600_.jpg
REV0001525_IMG02,REV0001525,B07LCSK4JY,https://images-na.ssl-images-amazon.com/images/I/B1MHD60iDHS._SL1600_.jpg
REV0001525_IMG03,REV0001525,B07LCSK4JY,https://images-na.ssl-images-amazon.com/images/I/B1O2IMjpheS._SL1600_.jpg
REV0001527_IMG01,REV0001527,B07JQ644T2,https://images-na.ssl-images-amazon.com/images/I/71sAUbg05CL.jpg
REV0001547_IMG01,REV0001547,B08H213R92,https://m.media-amazon.com/images/I/611O21275bL._SL1600_.jpg
REV0001547_IMG02,REV0001547,B08H213R92,https://m.media-amazon.com/images/I/61mWom-TXhL._SL1600_.jpg
REV0001548_IMG01,REV0001548,B089B1KDXK,https://images-na.ssl-images-amazon.com/images/I/81kuuHpf7rL._SL1600_.jpg
REV0001611_IMG01,REV0001611,B0BMQCSSSX,https://m.media-amazon.com/images/I/71Y546x7IkL._SL1600_.jpg
REV0001681_IMG01,REV0001681,B089XCCM4Y,https://images-na.ssl-images-amazon.com/images/I/91XxHk38c3L._SL1600_.jpg
REV0001689_IMG01,REV0001689,B0748M7247,https://images-na.ssl-images-amazon.com/images/I/71-RpiBMySL._SL1600_.jpg
REV0001689_IMG02,REV0001689,B0748M7247,https://images-na.ssl-images-amazon.com/images/I/71I6OS03B0L._SL1600_.jpg
REV0001689_IMG03,REV0001689,B0748M7247,https://images-na.ssl-images-amazon.com/images/I/71N-YLogOHL._SL1600_.jpg
REV0001689_IMG04,REV0001689,B0748M7247,https://images-na.ssl-images-amazon.com/images/I/71UG39rMx9L._SL1600_.jpg
REV0001703_IMG01,REV0001703,B01H42YPGG,https://images-na.ssl-images-amazon.com/images/I/71WayvbGnaL.jpg
REV0001703_IMG02,REV0001703,B01H42YPGG,https://images-na.ssl-images-amazon.com/images/I/81zwTwJJkuL.jpg
REV0001734_IMG01,REV0001734,B01N7EVUZE,https://images-na.ssl-images-amazon.com/images/I/812u0VTY9hL._SL1600_.jpg
REV0001734_IMG02,REV0001734,B01N7EVUZE,https://images-na.ssl-images-amazon.com/images/I/81BzQVrYfhL._SL1600_.jpg
REV0001734_IMG03,REV0001734,B01N7EVUZE,https://images-na.ssl-images-amazon.com/images/I/81nR8mB-MPL._SL1600_.jpg
REV0001740_IMG01,REV0001740,B01E4RUUQI,https://images-na.ssl-images-amazon.com/images/I/61UXFFFc9lL.jpg
REV0001740_IMG02,REV0001740,B01E4RUUQI,https://images-na.ssl-images-amazon.com/images/I/61WlS61VW+L.jpg
REV0001769_IMG01,REV0001769,B0BYYXCL6L,https://images-na.ssl-images-amazon.com/images/I/71vK5Pcl0vL.jpg
REV0001818_IMG01,REV0001818,B0B9H5NZRD,https://m.media-amazon.com/images/I/61VGUKmOKUL._SL1600_.jpg
REV0001834_IMG01,REV0001834,B0BQP45LFZ,https://m.media-amazon.com/images/I/615hw22AyOL._SL1600_.jpg
REV0001834_IMG02,REV0001834,B0BQP45LFZ,https://m.media-amazon.com/images/I/61fUqo6YALL._SL1600_.jpg
REV0001837_IMG01,REV0001837,B00COKDPUQ,https://images-na.ssl-images-amazon.com/images/I/71S1ZvYOz9L.jpg
REV0001837_IMG02,REV0001837,B00COKDPUQ,https://images-na.ssl-images-amazon.com/images/I/71WOoWe0LgL.jpg
REV0001854_IMG01,REV0001854,B0B11PC4DM,https://m.media-amazon.com/images/I/71ZNyosqpjL._SL1600_.jpg
REV0001863_IMG01,REV0001863,B08PCWTT4X,https://images-na.ssl-images-amazon.com/images/I/71Jvg9tVTcL._SL1600_.jpg
REV0001887_IMG01,REV0001887,B01ALBMIEI,https://images-na.ssl-images-amazon.com/images/I/71R7QWWFIlL._SL1600_.jpg
REV0001887_IMG02,REV0001887,B01ALBMIEI,https://images-na.ssl-images-amazon.com/images/I/71bCcCSBXYL._SL1600_.jpg
REV0001887_IMG03,REV0001887,B01ALBMIEI,https://images-na.ssl-images-amazon.com/images/I/71v+jSItNRL._SL1600_.jpg
REV0001899_IMG01,REV0001899,B00570RL0K,https://images-na.ssl-images-amazon.com/images/I/81rD6Jxi52L.jpg
REV0001942_IMG01,REV0001942,B0B4PSJ7X7,https://m.media-amazon.com/images/I/71ORUzr951L._SL1600_.jpg
REV0001948_IMG01,REV0001948,B087C2Y192,https://m.media-amazon.com/images/I/31TS4hhjI3L._SL1600_.jpg
REV0001971_IMG01,REV0001971,B07MKB2772,https://images-na.ssl-images-amazon.com/images/I/91Dd0JJeiML._SL1600_.jpg
REV0001971_IMG02,REV0001971,B07MKB2772,https://images-na.ssl-images-amazon.com/images/I/91c2UT76gOL._SL1600_.jpg
REV0001971_IMG03,REV0001971,B07MKB2772,https://images-na.ssl-images-amazon.com/images/I/A1lyF9xY4BL._SL1600_.jpg
REV0001974_IMG01,REV0001974,B07D7JR5Q5,https://m.media-amazon.com/images/I/71uiWRfwmAL._SL1600_.jpg
REV0001974_IMG02,REV0001974,B07D7JR5Q5,https://m.media-amazon.com/images/I/813ALXAIE4L._SL1600_.jpg
REV0002009_IMG01,REV0002009,B0BMPQXGMG,https://m.media-amazon.com/images/I/711U1xcGTzL._SL1600_.jpg
REV0002009_IMG02,REV0002009,B0BMPQXGMG,https://m.media-amazon.com/images/I/81uPZSqAe-L._SL1600_.jpg
REV0002033_IMG01,REV0002033,B07BQK3Z89,https://images-na.ssl-images-amazon.com/images/I/91k10gb87lL._SL1600_.jpg
REV0002033_IMG02,REV0002033,B07BQK3Z89,https://images-na.ssl-images-amazon.com/images/I/91m86PMaBpL._SL1600_.jpg
REV0002033_IMG03,REV0002033,B07BQK3Z89,https://images-na.ssl-images-amazon.com/images/I/A13XLfs5qSL._SL1600_.jpg
REV0002044_IMG01,REV0002044,B003XEF7DK,https://images-na.ssl-images-amazon.com/images/I/71ZU+VHONeL.jpg
REV0002069_IMG01,REV0002069,B0BBP54W16,https://m.media-amazon.com/images/I/71oFmTerRZL._SL1600_.jpg
REV0002074_IMG01,REV0002074,B09W8W65XY,https://images-na.ssl-images-amazon.com/images/I/71ADlLEw4EL.jpg
REV0002074_IMG02,REV0002074,B09W8W65XY,https://images-na.ssl-images-amazon.com/images/I/71w7Ztm90aL.jpg
REV0002074_IMG03,REV0002074,B09W8W65XY,https://images-na.ssl-images-amazon.com/images/I/71zF2Xwc7fL.jpg
REV0002074_IMG04,REV0002074,B09W8W65XY,https://images-na.ssl-images-amazon.com/images/I/81YdVw11nrL.jpg
REV0002108_IMG01,REV0002108,B0BHVB8BF4,https://images-na.ssl-images-amazon.com/images/I/71N4vK9K2zL.jpg
REV0002108_IMG02,REV0002108,B0BHVB8BF4,https://images-na.ssl-images-amazon.com/images/I/71tYTy0XorL.jpg
REV0002109_IMG01,REV0002109,B0C5DBKGTB,https://images-na.ssl-images-amazon.com/images/I/81-25NmMmXL._SL1600_.jpg
REV0002109_IMG02,REV0002109,B0C5DBKGTB,https://images-na.ssl-images-amazon.com/images/I/81F+LQ-5DZL._SL1600_.jpg
REV0002128_IMG01,REV0002128,B07HP9PGDY,https://m.media-amazon.com/images/I/71+ieqRVdjL._SL1600_.jpg
REV0002133_IMG01,REV0002133,B00W4YHLU2,https://m.media-amazon.com/images/I/51XdCWGOrYL._SL1600_.jpg
REV0002215_IMG01,REV0002215,B0B9CCJTDF,https://images-na.ssl-images-amazon.com/images/I/B1yupM3SyJS._SL1600_.jpg
REV0002228_IMG01,REV0002228,B0C4LRKXNV,https://images-na.ssl-images-amazon.com/images/I/C1CW29KwmzS._SL1600_.jpg
REV0002229_IMG01,REV0002229,B09CPG4JHK,https://images-na.ssl-images-amazon.com/images/I/91FnsGXXW4L._SL1600_.jpg
REV0002229_IMG02,REV0002229,B09CPG4JHK,https://images-na.ssl-images-amazon.com/images/I/91JeflhCW1L._SL1600_.jpg
REV0002250_IMG01,REV0002250,B08CW52TWQ,https://images-na.ssl-images-amazon.com/images/I/61n9U1LrTiL.jpg
REV0002250_IMG02,REV0002250,B08CW52TWQ,https://images-na.ssl-images-amazon.com/images/I/61vTH5c1S9L.jpg
REV0002270_IMG01,REV0002270,B08FCKRF74,https://images-na.ssl-images-amazon.com/images/I/81s3WMhFlhL._SL1600_.jpg
REV0002270_IMG02,REV0002270,B08FCKRF74,https://images-na.ssl-images-amazon.com/images/I/81t19JejdcL._SL1600_.jpg
REV0002270_IMG03,REV0002270,B08FCKRF74,https://images-na.ssl-images-amazon.com/images/I/B1NKkd0iyIS._SL1600_.jpg
REV0002270_IMG04,REV0002270,B08FCKRF74,https://images-na.ssl-images-amazon.com/images/I/B1T24CfYBfS._SL1600_.jpg
REV0002270_IMG05,REV0002270,B08FCKRF74,https://images-na.ssl-images-amazon.com/images/I/C1O8-8yG21S._SL1600_.jpg
REV0002282_IMG01,REV0002282,B01E61WSDA,https://images-na.ssl-images-amazon.com/images/I/71rj8rkn+0L.jpg
REV0002282_IMG02,REV0002282,B01E61WSDA,https://images-na.ssl-images-amazon.com/images/I/81xCojy0UOL.jpg
REV0002325_IMG01,REV0002325,B09G6TW3TP,https://images-na.ssl-images-amazon.com/images/I/61l3u2aATkL._SL1600_.jpg
REV0002348_IMG01,REV0002348,B0B9CCJTDF,https://images-na.ssl-images-amazon.com/images/I/91AJbkSq9UL._SL1600_.jpg
REV0002348_IMG02,REV0002348,B0B9CCJTDF,https://images-na.ssl-images-amazon.com/images/I/C1fWQMFP6oS._SL1600_.jpg
REV0002382_IMG01,REV0002382,B0BKSHWS1W,https://images-na.ssl-images-amazon.com/images/I/71JRz2IpplL.jpg
REV0002387_IMG01,REV0002387,B086NR627X,https://m.media-amazon.com/images/I/71X5WDnIXAL._SL1600_.jpg
REV0002393_IMG01,REV0002393,B08544SNNP,https://images-na.ssl-images-amazon.com/images/I/61RPSdDLHtL._SL1600_.jpg
REV0002393_IMG02,REV0002393,B08544SNNP,https://images-na.ssl-images-amazon.com/images/I/71069LWn8uL._SL1600_.jpg
REV0002393_IMG03,REV0002393,B08544SNNP,https://images-na.ssl-images-amazon.com/images/I/71P3KSY+umL._SL1600_.jpg
REV0002393_IMG04,REV0002393,B08544SNNP,https://images-na.ssl-images-amazon.com/images/I/71SH5aPOv+L._SL1600_.jpg
REV0002393_IMG05,REV0002393,B08544SNNP,https://images-na.ssl-images-amazon.com/images/I/71rkgt4WwmL._SL1600_.jpg
REV0002395_IMG01,REV0002395,B0BGTBHC7P,https://images-na.ssl-images-amazon.com/images/I/71aYEBlLnEL.jpg
REV0002400_IMG01,REV0002400,B00DG281DC,https://images-na.ssl-images-amazon.com/images/I/61S5taTEg3L.jpg
REV0002400_IMG02,REV0002400,B00DG281DC,https://images-na.ssl-images-amazon.com/images/I/71eO0cD6HpL.jpg
REV0002400_IMG03,REV0002400,B00DG281DC,https://images-na.ssl-images-amazon.com/images/I/71mJ3T38reL.jpg
REV0002407_IMG01,REV0002407,B07TM5FCSD,https://images-na.ssl-images-amazon.com/images/I/71A3WwpSnlL._SL1600_.jpg
REV0002407_IMG02,REV0002407,B07TM5FCSD,https://images-na.ssl-images-amazon.com/images/I/71iDZfLzzmL._SL1600_.jpg
REV0002459_IMG01,REV0002459,B000IBEYOO,https://images-na.ssl-images-amazon.com/images/I/917qJQ+3J4L._SL1600_.jpg
REV0002459_IMG02,REV0002459,B000IBEYOO,https://images-na.ssl-images-amazon.com/images/I/A1K6zBVn80L._SL1600_.jpg
REV0002574_IMG01,REV0002574,B07YJCN2ML,https://images-na.ssl-images-amazon.com/images/I/61g48et+xML._SL1600_.jpg
REV0002574_IMG02,REV0002574,B07YJCN2ML,https://images-na.ssl-images-amazon.com/images/I/61lU6hGCRmL._SL1600_.jpg
REV0002574_IMG03,REV0002574,B07YJCN2ML,https://images-na.ssl-images-amazon.com/images/I/71nqkdNOqOL._SL1600_.jpg
REV0002627_IMG01,REV0002627,B074C3ZWD7,https://images-na.ssl-images-amazon.com/images/I/71hZiKK16EL.jpg
REV0002630_IMG01,REV0002630,B082W732T2,https://images-na.ssl-images-amazon.com/images/I/81XCvsbg5LL._SL1600_.jpg
REV0002651_IMG01,REV0002651,B07V579SPB,https://m.media-amazon.com/images/I/61cK2ON-uOL._SL1600_.jpg
REV0002685_IMG01,REV0002685,B09WYPRQ6J,https://m.media-amazon.com/images/I/81bVn0lP0rL._SL1600_.jpg
REV0002701_IMG01,REV0002701,B09478MRGZ,https://images-na.ssl-images-amazon.com/images/I/61ekFENbp4L.jpg
REV0002701_IMG02,REV0002701,B09478MRGZ,https://images-na.ssl-images-amazon.com/images/I/61z1JQqx3pL.jpg
REV0002747_IMG01,REV0002747,B081TLZFK8,https://images-na.ssl-images-amazon.com/images/I/91TSD4TfxuL._SL1600_.jpg
REV0002802_IMG01,REV0002802,B086L7WS44,https://images-na.ssl-images-amazon.com/images/I/A14J1o99o5L._SL1600_.jpg
REV0002840_IMG01,REV0002840,B07PKV75YF,https://m.media-amazon.com/images/I/61HF+PJxKHL._SL1600_.jpg
REV0002859_IMG01,REV0002859,B07G7LWQ55,https://images-na.ssl-images-amazon.com/images/I/711OFqU+XQL.jpg
REV0002865_IMG01,REV0002865,B01HI9IBA6,https://images-na.ssl-images-amazon.com/images/I/715WV8KMMbL.jpg
REV0002893_IMG01,REV0002893,B07DVMN9R6,https://images-na.ssl-images-amazon.com/images/I/61SLU3sEUbL.jpg
REV0002964_IMG01,REV0002964,B00W8T5YOI,https://images-na.ssl-images-amazon.com/images/I/B1P19pbcaqS._SL1600_.jpg
REV0002964_IMG02,REV0002964,B00W8T5YOI,https://images-na.ssl-images-amazon.com/images/I/B1cqljauDtS._SL1600_.jpg
REV0002964_IMG03,REV0002964,B00W8T5YOI,https://images-na.ssl-images-amazon.com/images/I/B1qhyC1JY0S._SL1600_.jpg
REV0002978_IMG01,REV0002978,B008B7W3SQ,https://images-na.ssl-images-amazon.com/images/I/B1zyZqV3V9S._SL1600_.jpg
REV0003035_IMG01,REV0003035,B08F3K9X1X,https://m.media-amazon.com/images/I/81IsK2pnhKL._SL1600_.jpg
REV0003056_IMG01,REV0003056,B07WVT22CZ,https://m.media-amazon.com/images/I/51lhlzG6U6L._SL1600_.jpg
REV0003056_IMG02,REV0003056,B07WVT22CZ,https://m.media-amazon.com/images/I/61eUYBpJs+L._SL1600_.jpg
REV0003060_IMG01,REV0003060,B0CCSNVLPM,https://m.media-amazon.com/images/I/71QHA9Lqw5L._SL1600_.jpg
REV0003082_IMG01,REV0003082,B07FVN12WX,https://images-na.ssl-images-amazon.com/images/I/819IQ5goHqL._SL1600_.jpg
REV0003082_IMG02,REV0003082,B07FVN12WX,https://images-na.ssl-images-amazon.com/images/I/81Fvpa0MhwL._SL1600_.jpg
REV0003082_IMG03,REV0003082,B07FVN12WX,https://images-na.ssl-images-amazon.com/images/I/81RH0RICiEL._SL1600_.jpg
REV0003082_IMG04,REV0003082,B07FVN12WX,https://images-na.ssl-images-amazon.com/images/I/81g6JV8MLTL._SL1600_.jpg
REV0003141_IMG01,REV0003141,B0BYZBBDPN,https://m.media-amazon.com/images/I/61xsI-MlRaL._SL1600_.jpg
REV0003193_IMG01,REV0003193,B0C11BTB7Z,https://m.media-amazon.com/images/I/71zFcpT773L._SL1600_.jpg
REV0003195_IMG01,REV0003195,B0B69D699Q,https://images-na.ssl-images-amazon.com/images/I/71AXfDjFWZL.jpg
REV0003240_IMG01,REV0003240,B00W0US03W,https://images-na.ssl-images-amazon.com/images/I/614UckZc+CL._SL1600_.jpg
REV0003276_IMG01,REV0003276,B07RNJY499,https://images-na.ssl-images-amazon.com/images/I/813QnWNWorL.jpg
REV0003276_IMG02,REV0003276,B07RNJY499,https://images-na.ssl-images-amazon.com/images/I/81aeI8gQPyL.jpg
REV0003315_IMG01,REV0003315,B0B75G7ZQW,https://images-na.ssl-images-amazon.com/images/I/811nZ2sdIWL.jpg
REV0003316_IMG01,REV0003316,B0BDXKSHY1,https://m.media-amazon.com/images/I/71PDxFFffEL._SL1600_.jpg
REV0003335_IMG01,REV0003335,B07WTXWC32,https://images-na.ssl-images-amazon.com/images/I/B1QApiJHFDS._SL1600_.jpg
REV0003335_IMG02,REV0003335,B07WTXWC32,https://images-na.ssl-images-amazon.com/images/I/B1h2Rwh5aSS._SL1600_.jpg
REV0003335_IMG03,REV0003335,B07WTXWC32,https://images-na.ssl-images-amazon.com/images/I/B1wHc2pl6qS._SL1600_.jpg
REV0003338_IMG01,REV0003338,B012YQL5IS,https://images-na.ssl-images-amazon.com/images/I/71-Ivlkc0iL.jpg
REV0003338_IMG02,REV0003338,B012YQL5IS,https://images-na.ssl-images-amazon.com/images/I/71BkLDH9rPL.jpg
REV0003338_IMG03,REV0003338,B012YQL5IS,https://images-na.ssl-images-amazon.com/images/I/71Sv93tKicL.jpg
REV0003338_IMG04,REV0003338,B012YQL5IS,https://images-na.ssl-images-amazon.com/images/I/71T+zRGt9tL.jpg
REV0003338_IMG05,REV0003338,B012YQL5IS,https://images-na.ssl-images-amazon.com/images/I/71lP95n0dzL.jpg
REV0003338_IMG06,REV0003338,B012YQL5IS,https://images-na.ssl-images-amazon.com/images/I/71mPkpD1i+L.jpg
REV0003338_IMG07,REV0003338,B012YQL5IS,https://images-na.ssl-images-amazon.com/images/I/71pJ2zXbhNL.jpg
REV0003338_IMG08,REV0003338,B012YQL5IS,https://images-na.ssl-images-amazon.com/images/I/71pMGY+I2FL.jpg
REV0003347_IMG01,REV0003347,B07SB2DNHS,https://images-na.ssl-images-amazon.com/images/I/61Ma4+uKXRL.jpg
REV0003347_IMG02,REV0003347,B07SB2DNHS,https://images-na.ssl-images-amazon.com/images/I/61omaRe6lbL.jpg
REV0003347_IMG03,REV0003347,B07SB2DNHS,https://images-na.ssl-images-amazon.com/images/I/71GDVp-uR3L.jpg
REV0003357_IMG01,REV0003357,B08NT8Z3D7,https://m.media-amazon.com/images/I/71oeCd2rUUL._SL1600_.jpg
REV0003367_IMG01,REV0003367,B01M34404M,https://images-na.ssl-images-amazon.com/images/I/61b0QzoVkgL._SL1600_.jpg
REV0003377_IMG01,REV0003377,B0053Y3A8M,https://images-na.ssl-images-amazon.com/images/I/71Yi-In6SZL.jpg
REV0003377_IMG02,REV0003377,B0053Y3A8M,https://images-na.ssl-images-amazon.com/images/I/71goJ7QDntL.jpg
REV0003384_IMG01,REV0003384,B08FDCNMB1,https://images-na.ssl-images-amazon.com/images/I/71DeIK29C1L.jpg
REV0003384_IMG02,REV0003384,B08FDCNMB1,https://images-na.ssl-images-amazon.com/images/I/91TLxIkmxvL.jpg
REV0003408_IMG01,REV0003408,B07QMZL448,https://m.media-amazon.com/images/I/71oZ3++dvrL._SL1600_.jpg
REV0003408_IMG02,REV0003408,B07QMZL448,https://m.media-amazon.com/images/I/81rtZTvMXNL._SL1600_.jpg
REV0003442_IMG01,REV0003442,B074HLRXMP,https://images-na.ssl-images-amazon.com/images/I/717e+crOY7L._SL1600_.jpg
REV0003442_IMG02,REV0003442,B074HLRXMP,https://images-na.ssl-images-amazon.com/images/I/810itvCFTcL._SL1600_.jpg
REV0003446_IMG01,REV0003446,B00KGHWNX4,https://m.media-amazon.com/images/I/818y4QgHdBL._SL1600_.jpg
REV0003462_IMG01,REV0003462,B0045LLC7K,https://images-na.ssl-images-amazon.com/images/I/618gLKgupfL._SL1600_.jpg
REV0003466_IMG01,REV0003466,B09BBYLN17,https://m.media-amazon.com/images/I/71ZHC7w7qcL._SL1600_.jpg
REV0003471_IMG01,REV0003471,B07SHFKCR7,https://images-na.ssl-images-amazon.com/images/I/51AZ-VN7SEL._SL1600_.jpg
REV0003471_IMG02,REV0003471,B07SHFKCR7,https://images-na.ssl-images-amazon.com/images/I/51ShQwOhFWL._SL1600_.jpg
REV0003550_IMG01,REV0003550,B07VNPD4V9,https://m.media-amazon.com/images/I/61TwRQuhOyL._SL1600_.jpg
REV0003554_IMG01,REV0003554,B009K2BBQG,https://images-na.ssl-images-amazon.com/images/I/51E-p04wNRL.jpg
REV0003554_IMG02,REV0003554,B009K2BBQG,https://images-na.ssl-images-amazon.com/images/I/61QmYNUNnuL.jpg
REV0003561_IMG01,REV0003561,B08FDB6W59,https://images-na.ssl-images-amazon.com/images/I/713mQZ43N0L.jpg
REV0003574_IMG01,REV0003574,B01ETRQB4I,https://images-na.ssl-images-amazon.com/images/I/71+PFHrauxL.jpg
REV0003574_IMG02,REV0003574,B01ETRQB4I,https://images-na.ssl-images-amazon.com/images/I/712OVa+7-FL.jpg
REV0003574_IMG03,REV0003574,B01ETRQB4I,https://images-na.ssl-images-amazon.com/images/I/713AYBqXBeL.jpg
REV0003574_IMG04,REV0003574,B01ETRQB4I,https://images-na.ssl-images-amazon.com/images/I/71CXlVHZLsL.jpg
REV0003574_IMG05,REV0003574,B01ETRQB4I,https://images-na.ssl-images-amazon.com/images/I/71g2wVn6nXL.jpg
REV0003606_IMG01,REV0003606,B076H393GF,https://images-na.ssl-images-amazon.com/images/I/61taRivrUbL.jpg
REV0003655_IMG01,REV0003655,B006RWCZC6,https://images-na.ssl-images-amazon.com/images/I/719-m+6EdjL.jpg
REV0003662_IMG01,REV0003662,B09YR1ZVSH,https://images-na.ssl-images-amazon.com/images/I/81geGT3rf-L._SL1600_.jpg
REV0003793_IMG01,REV0003793,B07P8B2YHR,https://m.media-amazon.com/images/I/71swBq3o1pL._SL1600_.jpg
REV0003803_IMG01,REV0003803,B074D3HV3G,https://m.media-amazon.com/images/I/614hHkbD6FL._SL1600_.jpg
REV0003842_IMG01,REV0003842,B07GC6F1TT,https://images-na.ssl-images-amazon.com/images/I/81EJfWOsHIL._SL1600_.jpg
REV0003871_IMG01,REV0003871,B0B1TC5SDQ,https://m.media-amazon.com/images/I/61LkP3z0sLL._SL1600_.jpg
REV0003871_IMG02,REV0003871,B0B1TC5SDQ,https://m.media-amazon.com/images/I/61ObaF-24PL._SL1600_.jpg
REV0003871_IMG03,REV0003871,B0B1TC5SDQ,https://m.media-amazon.com/images/I/61gKrb8GvxL._SL1600_.jpg
REV0003928_IMG01,REV0003928,B086YRSQPY,https://m.media-amazon.com/images/I/61B31LNCbnL._SL1600_.jpg
REV0003928_IMG02,REV0003928,B086YRSQPY,https://m.media-amazon.com/images/I/71j8ES9KIKL._SL1600_.jpg
REV0003928_IMG03,REV0003928,B086YRSQPY,https://m.media-amazon.com/images/I/818QRz97bML._SL1600_.jpg
REV0003928_IMG04,REV0003928,B086YRSQPY,https://m.media-amazon.com/images/I/81lYF-GBkFL._SL1600_.jpg
REV0004031_IMG01,REV0004031,B0751KDVTP,https://images-na.ssl-images-amazon.com/images/I/51lUmaHjtlL._SL1600_.jpg
REV0004037_IMG01,REV0004037,B07SHFKCR7,https://images-na.ssl-images-amazon.com/images/I/81qxt3SFPWL._SL1600_.jpg
REV0004037_IMG02,REV0004037,B07SHFKCR7,https://images-na.ssl-images-amazon.com/images/I/91XKzMPB1RL._SL1600_.jpg
REV0004071_IMG01,REV0004071,B09BBYLN17,https://m.media-amazon.com/images/I/716sicRtlYL._SL1600_.jpg
REV0004071_IMG02,REV0004071,B09BBYLN17,https://m.media-amazon.com/images/I/71ttNG1Yx-L._SL1600_.jpg
REV0004084_IMG01,REV0004084,B07VGKB924,https://images-na.ssl-images-amazon.com/images/I/91lwOhOWx6L._SL1600_.jpg
REV0004091_IMG01,REV0004091,B01N6PLGIR,https://images-na.ssl-images-amazon.com/images/I/91puq21FE1L._SL1600_.jpg
REV0004168_IMG01,REV0004168,B098G54JZF,https://images-na.ssl-images-amazon.com/images/I/71CwQxdfzqL.jpg
REV0004168_IMG02,REV0004168,B098G54JZF,https://images-na.ssl-images-amazon.com/images/I/71s8WgeCsOL.jpg
REV0004172_IMG01,REV0004172,B0B13YYFYT,https://images-na.ssl-images-amazon.com/images/I/71+VHS6-NZL.jpg
REV0004184_IMG01,REV0004184,B0B9H5NZRD,https://images-na.ssl-images-amazon.com/images/I/71Bh1gVCFhL.jpg
REV0004184_IMG02,REV0004184,B0B9H5NZRD,https://images-na.ssl-images-amazon.com/images/I/71EUUPxYWHL.jpg
REV0004190_IMG01,REV0004190,B010GPNYSI,https://m.media-amazon.com/images/I/6140o09vhOL._SL1600_.jpg
REV0004208_IMG01,REV0004208,B07WLDGXM8,https://images-na.ssl-images-amazon.com/images/I/71zUgQqF-NL.jpg
REV0004208_IMG02,REV0004208,B07WLDGXM8,https://images-na.ssl-images-amazon.com/images/I/81fqELxFryL.jpg
REV0004208_IMG03,REV0004208,B07WLDGXM8,https://images-na.ssl-images-amazon.com/images/I/81xeTAm03JL.jpg
REV0004248_IMG01,REV0004248,B0737B6HGR,https://images-na.ssl-images-amazon.com/images/I/61mhz686a7L.jpg
REV0004254_IMG01,REV0004254,B0BPFM7JSG,https://images-na.ssl-images-amazon.com/images/I/71ZJP40zgWL.jpg
REV0004290_IMG01,REV0004290,B01GE7V1H8,https://m.media-amazon.com/images/I/B13dUBQZp+S._SL1600_.jpg
REV0004290_IMG02,REV0004290,B01GE7V1H8,https://m.media-amazon.com/images/I/B1GT9dnpTnS._SL1600_.jpg
REV0004353_IMG01,REV0004353,B0B9CCJTDF,https://images-na.ssl-images-amazon.com/images/I/B1uPlC9KLqS._SL1600_.jpg
REV0004397_IMG01,REV0004397,B0756VLZH8,https://images-na.ssl-images-amazon.com/images/I/713Q0lFOztL.jpg
REV0004397_IMG02,REV0004397,B0756VLZH8,https://images-na.ssl-images-amazon.com/images/I/71LMqa-hXHL.jpg
REV0004397_IMG03,REV0004397,B0756VLZH8,https://images-na.ssl-images-amazon.com/images/I/71RjOx1RRDL.jpg
REV0004397_IMG04,REV0004397,B0756VLZH8,https://images-na.ssl-images-amazon.com/images/I/71S35nHv9LL.jpg
REV0004397_IMG05,REV0004397,B0756VLZH8,https://images-na.ssl-images-amazon.com/images/I/71dAyPgaT3L.jpg
REV0004397_IMG06,REV0004397,B0756VLZH8,https://images-na.ssl-images-amazon.com/images/I/818A5AOpOdL.jpg
REV0004397_IMG07,REV0004397,B0756VLZH8,https://images-na.ssl-images-amazon.com/images/I/818jf9e4cpL.jpg
REV0004397_IMG08,REV0004397,B0756VLZH8,https://images-na.ssl-images-amazon.com/images/I/81VtDFlV1zL.jpg
REV0004397_IMG09,REV0004397,B0756VLZH8,https://images-na.ssl-images-amazon.com/images/I/81zRZG3UyUL.jpg
REV0004398_IMG01,REV0004398,B0BR5V399Y,https://images-na.ssl-images-amazon.com/images/I/71HVtpXU27L.jpg
REV0004409_IMG01,REV0004409,B01ALBMIEI,https://images-na.ssl-images-amazon.com/images/I/51VVws6VDjL._SL1600_.jpg
REV0004425_IMG01,REV0004425,B07CP74W4N,https://images-na.ssl-images-amazon.com/images/I/71evJr1eOSL.jpg
REV0004454_IMG01,REV0004454,B01N98C33F,https://images-na.ssl-images-amazon.com/images/I/51a3yYAUQRL._SL1600_.jpg
REV0004454_IMG02,REV0004454,B01N98C33F,https://images-na.ssl-images-amazon.com/images/I/61FJo1wOrML._SL1600_.jpg
REV0004454_IMG03,REV0004454,B01N98C33F,https://images-na.ssl-images-amazon.com/images/I/61L0JO4-XwL._SL1600_.jpg
REV0004454_IMG04,REV0004454,B01N98C33F,https://images-na.ssl-images-amazon.com/images/I/61LkAZp5qyL._SL1600_.jpg
REV0004454_IMG05,REV0004454,B01N98C33F,https://images-na.ssl-images-amazon.com/images/I/61U2tlge7WL._SL1600_.jpg
REV0004454_IMG06,REV0004454,B01N98C33F,https://images-na.ssl-images-amazon.com/images/I/71RRn9zau2L._SL1600_.jpg
REV0004467_IMG01,REV0004467,B000BQRGOQ,https://images-na.ssl-images-amazon.com/images/I/81WxAu7hAXL.jpg
REV0004467_IMG02,REV0004467,B000BQRGOQ,https://images-na.ssl-images-amazon.com/images/I/81nIiko-muL.jpg
REV0004540_IMG01,REV0004540,B08FDC5J1B,https://images-na.ssl-images-amazon.com/images/I/712JjIPyLBL._SL1600_.jpg
REV0004540_IMG02,REV0004540,B08FDC5J1B,https://images-na.ssl-images-amazon.com/images/I/81l8Ycg1rkL._SL1600_.jpg
REV0004540_IMG03,REV0004540,B08FDC5J1B,https://images-na.ssl-images-amazon.com/images/I/81ytoQ03ZoL._SL1600_.jpg
REV0004548_IMG01,REV0004548,B09HTY54RK,https://m.media-amazon.com/images/I/61VXSpT3gYL._SL1600_.jpg
REV0004548_IMG02,REV0004548,B09HTY54RK,https://m.media-amazon.com/images/I/714f-2pxoeL._SL1600_.jpg
REV0004548_IMG03,REV0004548,B09HTY54RK,https://m.media-amazon.com/images/I/71O-c-78oIL._SL1600_.jpg
REV0004554_IMG01,REV0004554,B08ZHD696S,https://images-na.ssl-images-amazon.com/images/I/81BjK2G-DdL._SL1600_.jpg
REV0004554_IMG02,REV0004554,B08ZHD696S,https://images-na.ssl-images-amazon.com/images/I/81MxAE1UqXL._SL1600_.jpg
REV0004554_IMG03,REV0004554,B08ZHD696S,https://images-na.ssl-images-amazon.com/images/I/81bjiXNa-VL._SL1600_.jpg
REV0004569_IMG01,REV0004569,B09NY6QZWC,https://images-na.ssl-images-amazon.com/images/I/A1y662+HapL._SL1600_.jpg
REV0004569_IMG02,REV0004569,B09NY6QZWC,https://images-na.ssl-images-amazon.com/images/I/B1wyKquVj6S._SL1600_.jpg
REV0004569_IMG03,REV0004569,B09NY6QZWC,https://images-na.ssl-images-amazon.com/images/I/C1pvn49aNDS._SL1600_.jpg
REV0004576_IMG01,REV0004576,B00MOCC4UG,https://images-na.ssl-images-amazon.com/images/I/71kZyVGPYmL.jpg
REV0004576_IMG02,REV0004576,B00MOCC4UG,https://images-na.ssl-images-amazon.com/images/I/71sqJSc6c7L.jpg
REV0004576_IMG03,REV0004576,B00MOCC4UG,https://images-na.ssl-images-amazon.com/images/I/71vl0CiruTL.jpg
REV0004600_IMG01,REV0004600,B0014Y35L2,https://m.media-amazon.com/images/I/61xIhPcvc1L._SL1600_.jpg
REV0004600_IMG02,REV0004600,B0014Y35L2,https://m.media-amazon.com/images/I/71ReeghayoL._SL1600_.jpg
REV0004600_IMG03,REV0004600,B0014Y35L2,https://m.media-amazon.com/images/I/71qriJWJc+L._SL1600_.jpg
REV0004616_IMG01,REV0004616,B0B782SV53,https://m.media-amazon.com/images/I/71H0OIhLH1L._SL1600_.jpg
REV0004616_IMG02,REV0004616,B0B782SV53,https://m.media-amazon.com/images/I/71n8FOoRQtL._SL1600_.jpg
REV0004623_IMG01,REV0004623,B07RG6R5J5,https://images-na.ssl-images-amazon.com/images/I/71V2l37xoEL.jpg
REV0004623_IMG02,REV0004623,B07RG6R5J5,https://images-na.ssl-images-amazon.com/images/I/71YsRyLYxfL.jpg
REV0004623_IMG03,REV0004623,B07RG6R5J5,https://images-na.ssl-images-amazon.com/images/I/71i9foxDTgL.jpg
REV0004702_IMG01,REV0004702,B07TP267QR,https://images-na.ssl-images-amazon.com/images/I/A1FXfbXCsiL._SL1600_.jpg
REV0004720_IMG01,REV0004720,B0B8J94Z1B,https://images-na.ssl-images-amazon.com/images/I/C1wRuJYVd0S._SL1600_.jpg
REV0004737_IMG01,REV0004737,B07DQFHTVS,https://m.media-amazon.com/images/I/81eY+V9KgPL._SL1600_.jpg
REV0004757_IMG01,REV0004757,B01E4RUVL2,https://images-na.ssl-images-amazon.com/images/I/61bDwV+6BKL.jpg
REV0004757_IMG02,REV0004757,B01E4RUVL2,https://images-na.ssl-images-amazon.com/images/I/71DK+55df3L.jpg
REV0004758_IMG01,REV0004758,B0C6CLBBQ1,https://m.media-amazon.com/images/I/61pRua8VLmL._SL1600_.jpg
REV0004758_IMG02,REV0004758,B0C6CLBBQ1,https://m.media-amazon.com/images/I/716k2icGsdL._SL1600_.jpg
REV0004758_IMG03,REV0004758,B0C6CLBBQ1,https://m.media-amazon.com/images/I/71SjH2+p9IL._SL1600_.jpg
REV0004758_IMG04,REV0004758,B0C6CLBBQ1,https://m.media-amazon.com/images/I/71mMjamXyYL._SL1600_.jpg
REV0004790_IMG01,REV0004790,B07B94ZR74,https://images-na.ssl-images-amazon.com/images/I/61MaY86Xb6L._SL1600_.jpg
REV0004790_IMG02,REV0004790,B07B94ZR74,https://images-na.ssl-images-amazon.com/images/I/71PTS+7upnL._SL1600_.jpg
REV0004798_IMG01,REV0004798,B004H3XVCU,https://m.media-amazon.com/images/I/71TL1NQpMoL._SL1600_.jpg
REV0004834_IMG01,REV0004834,B085NL55DK,https://m.media-amazon.com/images/I/71RlT0DN32L._SL1600_.jpg
REV0004841_IMG01,REV0004841,B00Y1HGLDI,https://images-na.ssl-images-amazon.com/images/I/71RZGtFCk9L.jpg
REV0004898_IMG01,REV0004898,B0C9TTZW3K,https://m.media-amazon.com/images/I/61thxAG94WL._SL1600_.jpg
REV0004898_IMG02,REV0004898,B0C9TTZW3K,https://m.media-amazon.com/images/I/61zUIXLzKbL._SL1600_.jpg
REV0004898_IMG03,REV0004898,B0C9TTZW3K,https://m.media-amazon.com/images/I/61zm9pi0qAL._SL1600_.jpg
REV0004927_IMG01,REV0004927,B00UW7C90A,https://images-na.ssl-images-amazon.com/images/I/61jYmPw8ijL.jpg
REV0004964_IMG01,REV0004964,B092JK196F,https://m.media-amazon.com/images/I/719WciOFk8L._SL1600_.jpg
REV0004968_IMG01,REV0004968,B07ZVMJKBJ,https://images-na.ssl-images-amazon.com/images/I/81EAWMldGjL._SL1600_.jpg
REV0004976_IMG01,REV0004976,B09S36KB72,https://images-na.ssl-images-amazon.com/images/I/A1L4fOetvNL._SL1600_.jpg
REV0005039_IMG01,REV0005039,B0B7B1R5WG,https://m.media-amazon.com/images/I/517T7wKg34L._SL1600_.jpg
REV0005039_IMG02,REV0005039,B0B7B1R5WG,https://m.media-amazon.com/images/I/6146nxySsbL._SL1600_.jpg
REV0005041_IMG01,REV0005041,B07V3765S6,https://m.media-amazon.com/images/I/81jjx7OgdcL._SL1600_.jpg
REV0005095_IMG01,REV0005095,B07K38NQGL,https://images-na.ssl-images-amazon.com/images/I/71KP7qzdvOL.jpg
REV0005114_IMG01,REV0005114,B09SNVLH2V,https://m.media-amazon.com/images/I/61swJ-ELG4L._SL1600_.jpg
REV0005124_IMG01,REV0005124,B08JTXCYB6,https://images-na.ssl-images-amazon.com/images/I/71aP7pBl1KL._SL1600_.jpg
REV0005160_IMG01,REV0005160,B01GCKPNI0,https://images-na.ssl-images-amazon.com/images/I/51PbLI+q-FL._SL1600_.jpg
REV0005174_IMG01,REV0005174,B0C6QDS1HT,https://m.media-amazon.com/images/I/61bKFgqjbuL._SL1600_.jpg
REV0005246_IMG01,REV0005246,B0C6CLBBQ1,https://m.media-amazon.com/images/I/61TM5FI4wzL._SL1600_.jpg
REV0005328_IMG01,REV0005328,B0BLMPHLWY,https://images-na.ssl-images-amazon.com/images/I/718pdjcqsJL.jpg
REV0005328_IMG02,REV0005328,B0BLMPHLWY,https://images-na.ssl-images-amazon.com/images/I/71SLWE4qiBL.jpg
REV0005328_IMG03,REV0005328,B0BLMPHLWY,https://images-na.ssl-images-amazon.com/images/I/81P1G81AktL.jpg
REV0005328_IMG04,REV0005328,B0BLMPHLWY,https://images-na.ssl-images-amazon.com/images/I/81fAkji0ujL.jpg
REV0005330_IMG01,REV0005330,B000VX44OO,https://images-na.ssl-images-amazon.com/images/I/61+ZgPxO+OL.jpg
REV0005330_IMG02,REV0005330,B000VX44OO,https://images-na.ssl-images-amazon.com/images/I/611E1igZobL.jpg
REV0005330_IMG03,REV0005330,B000VX44OO,https://images-na.ssl-images-amazon.com/images/I/61MZc77WheL.jpg
REV0005330_IMG04,REV0005330,B000VX44OO,https://images-na.ssl-images-amazon.com/images/I/71PJMZVGqDL.jpg
REV0005330_IMG05,REV0005330,B000VX44OO,https://images-na.ssl-images-amazon.com/images/I/71oknXkn8QL.jpg
REV0005330_IMG06,REV0005330,B000VX44OO,https://images-na.ssl-images-amazon.com/images/I/71tenv2nsgL.jpg
REV0005331_IMG01,REV0005331,B0C7CLNS6Q,https://m.media-amazon.com/images/I/C1HiAq7T55S._SL1600_.jpg
REV0005390_IMG01,REV0005390,B07XGZZQGH,https://images-na.ssl-images-amazon.com/images/I/81iD5wpvw-L.jpg
REV0005424_IMG01,REV0005424,B0BQBQ64FT,https://m.media-amazon.com/images/I/611oFr49uDL._SL1600_.jpg
REV0005466_IMG01,REV0005466,B00NODI9VM,https://images-na.ssl-images-amazon.com/images/I/61ykMdLlAWL.jpg
REV0005466_IMG02,REV0005466,B00NODI9VM,https://images-na.ssl-images-amazon.com/images/I/71oqOuK9hKL.jpg
REV0005484_IMG01,REV0005484,B00E8KC36M,https://images-na.ssl-images-amazon.com/images/I/71sCY4m3gkL.jpg
REV0005516_IMG01,REV0005516,B08DC9D92N,https://images-na.ssl-images-amazon.com/images/I/81-aufg+BcL._SL1600_.jpg
REV0005516_IMG02,REV0005516,B08DC9D92N,https://images-na.ssl-images-amazon.com/images/I/81p54xj8VEL._SL1600_.jpg
REV0005526_IMG01,REV0005526,B07WTXWC32,https://m.media-amazon.com/images/I/61FfRMvO56L._SL1600_.jpg
REV0005526_IMG02,REV0005526,B07WTXWC32,https://m.media-amazon.com/images/I/61IPN4ZwmQL._SL1600_.jpg
REV0005531_IMG01,REV0005531,B07BTBBVPZ,https://m.media-amazon.com/images/I/71BZDly67QL._SL1600_.jpg
REV0005531_IMG02,REV0005531,B07BTBBVPZ,https://m.media-amazon.com/images/I/71WPJWYLW2L._SL1600_.jpg
REV0005531_IMG03,REV0005531,B07BTBBVPZ,https://m.media-amazon.com/images/I/81DU1tgkrkL._SL1600_.jpg
REV0005582_IMG01,REV0005582,B08KD8VTW4,https://images-na.ssl-images-amazon.com/images/I/71RqEzHY2sL.jpg
REV0005589_IMG01,REV0005589,B00DM8JD1O,https://images-na.ssl-images-amazon.com/images/I/71ayL4p7ElL._SL1600_.jpg
REV0005593_IMG01,REV0005593,B0826N5X4Y,https://m.media-amazon.com/images/I/51oFy7HgnLL._SL1600_.jpg
REV0005654_IMG01,REV0005654,B0B7BJZ4LX,https://images-na.ssl-images-amazon.com/images/I/B1Rj5CcXP3S._SL1600_.jpg
REV0005654_IMG02,REV0005654,B0B7BJZ4LX,https://images-na.ssl-images-amazon.com/images/I/B1bUFuPA8MS._SL1600_.jpg
REV0005751_IMG01,REV0005751,B09BXH24QV,https://images-na.ssl-images-amazon.com/images/I/61PKNU7IlOL.jpg
REV0005751_IMG02,REV0005751,B09BXH24QV,https://images-na.ssl-images-amazon.com/images/I/61q9nu8tU+L.jpg
REV0005751_IMG03,REV0005751,B09BXH24QV,https://images-na.ssl-images-amazon.com/images/I/71GmjPOsAZL.jpg
REV0005758_IMG01,REV0005758,B0BGTBHC7P,https://images-na.ssl-images-amazon.com/images/I/71mBkGfaB9L.jpg
REV0005794_IMG01,REV0005794,B00WZEUKLI,https://images-na.ssl-images-amazon.com/images/I/71q3XcKZx3L.jpg
REV0005796_IMG01,REV0005796,B08GNHQ165,https://m.media-amazon.com/images/I/51PWTf0ze8L._SL1600_.jpg
REV0005796_IMG02,REV0005796,B08GNHQ165,https://m.media-amazon.com/images/I/51Y+5eo-STL._SL1600_.jpg
REV0005796_IMG03,REV0005796,B08GNHQ165,https://m.media-amazon.com/images/I/51quqZF8WKL._SL1600_.jpg
REV0005820_IMG01,REV0005820,B0BQP45LFZ,https://images-na.ssl-images-amazon.com/images/I/71YOVxP0XDL.jpg
REV0005885_IMG01,REV0005885,B081DG1BRW,https://images-na.ssl-images-amazon.com/images/I/714WWBr9pQL._SL1600_.jpg
REV0005894_IMG01,REV0005894,B07WTXWC32,https://images-na.ssl-images-amazon.com/images/I/715vL+R7YFL.jpg
REV0005896_IMG01,REV0005896,B08JD5XPK7,https://m.media-amazon.com/images/I/41w1J1JC79L._SL1600_.jpg
REV0005896_IMG02,REV0005896,B08JD5XPK7,https://m.media-amazon.com/images/I/61yO2bo3s9L._SL1600_.jpg
REV0006077_IMG01,REV0006077,B07VXLVHGL,https://images-na.ssl-images-amazon.com/images/I/71oOer+g2-L.jpg
REV0006081_IMG01,REV0006081,B003E47FDY,https://images-na.ssl-images-amazon.com/images/I/61UU8M4n0jL.jpg
REV0006081_IMG02,REV0006081,B003E47FDY,https://images-na.ssl-images-amazon.com/images/I/71-NSaDvOvL.jpg
REV0006081_IMG03,REV0006081,B003E47FDY,https://images-na.ssl-images-amazon.com/images/I/71C33IX-ntL.jpg
REV0006081_IMG04,REV0006081,B003E47FDY,https://images-na.ssl-images-amazon.com/images/I/71E+cJFBgJL.jpg
REV0006081_IMG05,REV0006081,B003E47FDY,https://images-na.ssl-images-amazon.com/images/I/71LobtWBcgL.jpg
REV0006081_IMG06,REV0006081,B003E47FDY,https://images-na.ssl-images-amazon.com/images/I/71daxBvhIIL.jpg
REV0006081_IMG07,REV0006081,B003E47FDY,https://images-na.ssl-images-amazon.com/images/I/813ouJiBteL.jpg
REV0006088_IMG01,REV0006088,B019PBHB1K,https://images-na.ssl-images-amazon.com/images/I/711D0-4Qn8L.jpg
REV0006110_IMG01,REV0006110,B094ZCX7XR,https://m.media-amazon.com/images/I/51aMsby+DPL._SL1600_.jpg
REV0006110_IMG02,REV0006110,B094ZCX7XR,https://m.media-amazon.com/images/I/61kPUuC2PeL._SL1600_.jpg
REV0006134_IMG01,REV0006134,B07NVJP82G,https://m.media-amazon.com/images/I/61NDEE8DcxL._SL1600_.jpg
REV0006143_IMG01,REV0006143,B0BW96YJ6R,https://images-na.ssl-images-amazon.com/images/I/B1NcuKuLxUS._SL1600_.jpg
REV0006208_IMG01,REV0006208,B07Y6S2L49,https://images-na.ssl-images-amazon.com/images/I/71+6LsgS6FL.jpg
REV0006213_IMG01,REV0006213,B0BT1CY693,https://images-na.ssl-images-amazon.com/images/I/51Pu83lYKNL._SL1600_.jpg
REV0006218_IMG01,REV0006218,B0B58V3389,https://m.media-amazon.com/images/I/61q7vZclMpL._SL1600_.jpg
REV0006229_IMG01,REV0006229,B0B5SSPN1F,https://m.media-amazon.com/images/I/717bFc3i1+L._SL1600_.jpg
REV0006233_IMG01,REV0006233,B09TWWTX37,https://images-na.ssl-images-amazon.com/images/I/811ApAZ7q7L._SL1600_.jpg
REV0006242_IMG01,REV0006242,B0045LLC7K,https://m.media-amazon.com/images/I/51hh2hRtMzL._SL1600_.jpg
REV0006242_IMG02,REV0006242,B0045LLC7K,https://m.media-amazon.com/images/I/61JRpTu-y4L._SL1600_.jpg
REV0006244_IMG01,REV0006244,B07TNQCMBQ,https://images-na.ssl-images-amazon.com/images/I/A1J0Pge95ZL._SL1600_.jpg
REV0006250_IMG01,REV0006250,B09DXTZFMW,https://m.media-amazon.com/images/I/61r7a5CV19L._SL1600_.jpg
REV0006274_IMG01,REV0006274,B00WAI881I,https://images-na.ssl-images-amazon.com/images/I/71++i6RonhL._SL1600_.jpg
REV0006310_IMG01,REV0006310,B081K4Q6KQ,https://images-na.ssl-images-amazon.com/images/I/91CeM-oh+EL._SL1600_.jpg
REV0006310_IMG02,REV0006310,B081K4Q6KQ,https://images-na.ssl-images-amazon.com/images/I/91eD-Q61KGL._SL1600_.jpg
REV0006323_IMG01,REV0006323,B083JV2G1W,https://m.media-amazon.com/images/I/71tffpYj3BL._SL1600_.jpg
REV0006361_IMG01,REV0006361,B0127D30JK,https://images-na.ssl-images-amazon.com/images/I/710ijWBKrWL.jpg
REV0006386_IMG01,REV0006386,B094YVBD5R,https://m.media-amazon.com/images/I/812ga-3pP1L._SL1600_.jpg
REV0006408_IMG01,REV0006408,B08FR9GGV3,https://images-na.ssl-images-amazon.com/images/I/51BKYK8k6eL._SL1600_.jpg
REV0006408_IMG02,REV0006408,B08FR9GGV3,https://images-na.ssl-images-amazon.com/images/I/610uS+IgK9L._SL1600_.jpg
REV0006408_IMG03,REV0006408,B08FR9GGV3,https://images-na.ssl-images-amazon.com/images/I/614vvYcaxtL._SL1600_.jpg
REV0006408_IMG04,REV0006408,B08FR9GGV3,https://images-na.ssl-images-amazon.com/images/I/61oqvli7ESL._SL1600_.jpg
REV0006461_IMG01,REV0006461,B07WNQ6ZCB,https://images-na.ssl-images-amazon.com/images/I/71v7bhmgyrL.jpg
REV0006476_IMG01,REV0006476,B0B3DB5HTC,https://images-na.ssl-images-amazon.com/images/I/61H9VIabneL.jpg
REV0006476_IMG02,REV0006476,B0B3DB5HTC,https://images-na.ssl-images-amazon.com/images/I/61ToUK5ZqHL.jpg
REV0006476_IMG03,REV0006476,B0B3DB5HTC,https://images-na.ssl-images-amazon.com/images/I/71fPMYVSHOL.jpg
REV0006476_IMG04,REV0006476,B0B3DB5HTC,https://images-na.ssl-images-amazon.com/images/I/71oj7x4TZgL.jpg
REV0006476_IMG05,REV0006476,B0B3DB5HTC,https://images-na.ssl-images-amazon.com/images/I/71qOc9k2SNL.jpg
REV0006519_IMG01,REV0006519,B09YC8YCV6,https://m.media-amazon.com/images/I/41Ilxn1UDBL._SL1600_.jpg
REV0006566_IMG01,REV0006566,B0C4SPLL78,https://m.media-amazon.com/images/I/71hjoX4t9lL._SL1600_.jpg
REV0006578_IMG01,REV0006578,B08SJL99GJ,https://images-na.ssl-images-amazon.com/images/I/91M4fx-yR0L._SL1600_.jpg
REV0006578_IMG02,REV0006578,B08SJL99GJ,https://images-na.ssl-images-amazon.com/images/I/91Sa2mTnI8L._SL1600_.jpg
REV0006578_IMG03,REV0006578,B08SJL99GJ,https://images-na.ssl-images-amazon.com/images/I/91eSdef4XxL._SL1600_.jpg
REV0006613_IMG01,REV0006613,B09SHV29MN,https://images-na.ssl-images-amazon.com/images/I/71CHEgcbcdL.jpg
REV0006614_IMG01,REV0006614,B0823J8KLG,https://images-na.ssl-images-amazon.com/images/I/91nnXzrQ+TL._SL1600_.jpg
REV0006614_IMG02,REV0006614,B0823J8KLG,https://images-na.ssl-images-amazon.com/images/I/A1ViyT7yVBL._SL1600_.jpg
REV0006642_IMG01,REV0006642,B07CYNWTXK,https://images-na.ssl-images-amazon.com/images/I/71qaZmeYbhL.jpg
REV0006659_IMG01,REV0006659,B082TVJ867,https://images-na.ssl-images-amazon.com/images/I/71Dwy2HYLSL.jpg
REV0006659_IMG02,REV0006659,B082TVJ867,https://images-na.ssl-images-amazon.com/images/I/71d0hOaC9jL.jpg
REV0006667_IMG01,REV0006667,B07D79Y6BN,https://m.media-amazon.com/images/I/517f5ks0PmL._SL1600_.jpg
REV0006667_IMG02,REV0006667,B07D79Y6BN,https://m.media-amazon.com/images/I/614DC0Bu5jL._SL1600_.jpg
REV0006677_IMG01,REV0006677,B08BPDTL1H,https://images-na.ssl-images-amazon.com/images/I/71+0efJrivL._SL1600_.jpg
REV0006677_IMG02,REV0006677,B08BPDTL1H,https://images-na.ssl-images-amazon.com/images/I/8157iKsdaCL._SL1600_.jpg
REV0006677_IMG03,REV0006677,B08BPDTL1H,https://images-na.ssl-images-amazon.com/images/I/81dEwsN41pL._SL1600_.jpg
REV0006677_IMG04,REV0006677,B08BPDTL1H,https://images-na.ssl-images-amazon.com/images/I/81l9++-G4tL._SL1600_.jpg
REV0006747_IMG01,REV0006747,B0BQP45LFZ,https://images-na.ssl-images-amazon.com/images/I/C1ix5gc9zIS._SL1600_.jpg
REV0006765_IMG01,REV0006765,B07L89PP5R,https://images-na.ssl-images-amazon.com/images/I/51-+RFh9P5L._SL1600_.jpg
REV0006765_IMG02,REV0006765,B07L89PP5R,https://images-na.ssl-images-amazon.com/images/I/61Snq0Y-bQL.jpg
REV0006782_IMG01,REV0006782,B0194FZSQM,https://images-na.ssl-images-amazon.com/images/I/51deNugdL4L._SL1600_.jpg
REV0006809_IMG01,REV0006809,B0C5QVQVRD,https://images-na.ssl-images-amazon.com/images/I/61RCfU6P4zL._SL1600_.jpg
REV0006809_IMG02,REV0006809,B0C5QVQVRD,https://images-na.ssl-images-amazon.com/images/I/71VxkxTVVPL._SL1600_.jpg
REV0006809_IMG03,REV0006809,B0C5QVQVRD,https://images-na.ssl-images-amazon.com/images/I/71s2ROK5zsL._SL1600_.jpg
REV0006809_IMG04,REV0006809,B0C5QVQVRD,https://images-na.ssl-images-amazon.com/images/I/71tjuG9d6PL._SL1600_.jpg
REV0006829_IMG01,REV0006829,B07RNJY499,https://images-na.ssl-images-amazon.com/images/I/61djZR-ByeL.jpg
REV0006835_IMG01,REV0006835,B0B1CYSYQ1,https://m.media-amazon.com/images/I/81E8RHF7bpL._SL1600_.jpg
REV0006835_IMG02,REV0006835,B0B1CYSYQ1,https://m.media-amazon.com/images/I/81PzeNNHF3L._SL1600_.jpg
REV0006882_IMG01,REV0006882,B0C7GKM91B,https://images-na.ssl-images-amazon.com/images/I/31+e-ifDPSL._SL1600_.jpg
REV0006887_IMG01,REV0006887,B0C6FDT9L2,https://m.media-amazon.com/images/I/71tZNkA5NZL._SL1600_.jpg
REV0006933_IMG01,REV0006933,B076KZ7CCN,https://images-na.ssl-images-amazon.com/images/I/51izZAGVWFL._SL1600_.jpg
REV0006933_IMG02,REV0006933,B076KZ7CCN,https://images-na.ssl-images-amazon.com/images/I/61ZpezlP8TL.jpg
REV0006933_IMG03,REV0006933,B076KZ7CCN,https://images-na.ssl-images-amazon.com/images/I/71QzbAu3tpL.jpg
REV0006933_IMG04,REV0006933,B076KZ7CCN,https://images-na.ssl-images-amazon.com/images/I/71TJx5OiGwL.jpg
REV0006933_IMG05,REV0006933,B076KZ7CCN,https://images-na.ssl-images-amazon.com/images/I/71nhICm3r4L.jpg
REV0006963_IMG01,REV0006963,B00IB4BMDQ,https://images-na.ssl-images-amazon.com/images/I/71LIKobdh4L.jpg
REV0006963_IMG02,REV0006963,B00IB4BMDQ,https://images-na.ssl-images-amazon.com/images/I/71d0J-Yi9kL.jpg
REV0006985_IMG01,REV0006985,B07TM5FCSD,https://images-na.ssl-images-amazon.com/images/I/912HqwrOAvL._SL1600_.jpg
REV0006985_IMG02,REV0006985,B07TM5FCSD,https://images-na.ssl-images-amazon.com/images/I/A1suhOGRWBL._SL1600_.jpg
REV0007033_IMG01,REV0007033,B0737B6HGR,https://images-na.ssl-images-amazon.com/images/I/B1TXqlIzc7S._SL1600_.jpg
REV0007039_IMG01,REV0007039,B09LR4TSPK,https://images-na.ssl-images-amazon.com/images/I/C1hEaBhnpoS._SL1600_.jpg
REV0007044_IMG01,REV0007044,B0BX9GK3PB,https://images-na.ssl-images-amazon.com/images/I/81Cba3H5tML._SL1600_.jpg
REV0007067_IMG01,REV0007067,B07K2PV2R9,https://m.media-amazon.com/images/I/71FtHVT8oyL._SL1600_.jpg
REV0007069_IMG01,REV0007069,B07MKNXQZ6,https://m.media-amazon.com/images/I/B1mxfSP1gAS._SL1600_.jpg
REV0007080_IMG01,REV0007080,B007X77HTK,https://images-na.ssl-images-amazon.com/images/I/71GtZEjlzhL.jpg
REV0007128_IMG01,REV0007128,B00ERVN8AC,https://images-na.ssl-images-amazon.com/images/I/61Z3+Xv3GLL._SL1600_.jpg
REV0007192_IMG01,REV0007192,B09BBYLN17,https://m.media-amazon.com/images/I/5164wf+qXmL._SL1600_.jpg
REV0007192_IMG02,REV0007192,B09BBYLN17,https://m.media-amazon.com/images/I/71TWp5XZJKL._SL1600_.jpg
REV0007192_IMG03,REV0007192,B09BBYLN17,https://m.media-amazon.com/images/I/71WmZp-bTfL._SL1600_.jpg
REV0007201_IMG01,REV0007201,B01C588W4K,https://images-na.ssl-images-amazon.com/images/I/71EPD1uhb2L.jpg
REV0007201_IMG02,REV0007201,B01C588W4K,https://images-na.ssl-images-amazon.com/images/I/71fjxu0EpjL.jpg
REV0007209_IMG01,REV0007209,B0B99W4DDT,https://m.media-amazon.com/images/I/71183lLD7VL._SL1600_.jpg
REV0007209_IMG02,REV0007209,B0B99W4DDT,https://m.media-amazon.com/images/I/71ASHXow8JL._SL1600_.jpg
REV0007209_IMG03,REV0007209,B0B99W4DDT,https://m.media-amazon.com/images/I/71kIf2bkZ-L._SL1600_.jpg
REV0007209_IMG04,REV0007209,B0B99W4DDT,https://m.media-amazon.com/images/I/71mlUrbu8iL._SL1600_.jpg
REV0007220_IMG01,REV0007220,B01ALBMIEI,https://images-na.ssl-images-amazon.com/images/I/61AD5gr48jL._SL1600_.jpg
REV0007220_IMG02,REV0007220,B01ALBMIEI,https://images-na.ssl-images-amazon.com/images/I/61VVXFh+GQL._SL1600_.jpg
REV0007220_IMG03,REV0007220,B01ALBMIEI,https://images-na.ssl-images-amazon.com/images/I/61zUE4-qfpL._SL1600_.jpg
REV0007220_IMG04,REV0007220,B01ALBMIEI,https://images-na.ssl-images-amazon.com/images/I/71A-bmM-TML._SL1600_.jpg
REV0007220_IMG05,REV0007220,B01ALBMIEI,https://images-na.ssl-images-amazon.com/images/I/71J6wTm8jpL._SL1600_.jpg
REV0007357_IMG01,REV0007357,B0784YYSVS,https://images-na.ssl-images-amazon.com/images/I/71f26MjmI-L.jpg
REV0007357_IMG02,REV0007357,B0784YYSVS,https://images-na.ssl-images-amazon.com/images/I/71rrPxmx+pL.jpg
REV0007387_IMG01,REV0007387,B08MWS7Z3K,https://images-na.ssl-images-amazon.com/images/I/81VC2lxWS5L._SL1600_.jpg
REV0007429_IMG01,REV0007429,B08SJL99GJ,https://m.media-amazon.com/images/I/61OW8z3cLTL._SL1600_.jpg
REV0007429_IMG02,REV0007429,B08SJL99GJ,https://m.media-amazon.com/images/I/71Q0W1nDddL._SL1600_.jpg
REV0007429_IMG03,REV0007429,B08SJL99GJ,https://m.media-amazon.com/images/I/81vFiA8vcfL._SL1600_.jpg
REV0007436_IMG01,REV0007436,B0B6Y2D91L,https://images-na.ssl-images-amazon.com/images/I/718nmxip6JL.jpg
REV0007436_IMG02,REV0007436,B0B6Y2D91L,https://images-na.ssl-images-amazon.com/images/I/71qOaUuKnDL.jpg
REV0007456_IMG01,REV0007456,B082VYTCDH,https://images-na.ssl-images-amazon.com/images/I/61tcxgKeeuL.jpg
REV0007502_IMG01,REV0007502,B079B3Z8MS,https://images-na.ssl-images-amazon.com/images/I/61IV8c0BLYL.jpg
REV0007502_IMG02,REV0007502,B079B3Z8MS,https://images-na.ssl-images-amazon.com/images/I/71Wv-UCHB0L.jpg
REV0007502_IMG03,REV0007502,B079B3Z8MS,https://images-na.ssl-images-amazon.com/images/I/71sfni3xJDL.jpg
REV0007518_IMG01,REV0007518,B0032JTS5E,https://images-na.ssl-images-amazon.com/images/I/81emPKhIFCL.jpg
REV0007556_IMG01,REV0007556,B07WTXWC32,https://images-na.ssl-images-amazon.com/images/I/718dIdcBvfL._SL1600_.jpg
REV0007556_IMG02,REV0007556,B07WTXWC32,https://images-na.ssl-images-amazon.com/images/I/71qSkdzx+vL._SL1600_.jpg
REV0007638_IMG01,REV0007638,B0BT1CY693,https://images-na.ssl-images-amazon.com/images/I/71SB09HO9EL.jpg
REV0007655_IMG01,REV0007655,B0737B6HGR,https://images-na.ssl-images-amazon.com/images/I/613ZYwv9ARL.jpg
REV0007674_IMG01,REV0007674,B08MDSRLWN,https://m.media-amazon.com/images/I/71UENAcqBmL._SL1600_.jpg
REV0007674_IMG02,REV0007674,B08MDSRLWN,https://m.media-amazon.com/images/I/81ygXaZIwqL._SL1600_.jpg
REV0007718_IMG01,REV0007718,B07VNPVCDM,https://images-na.ssl-images-amazon.com/images/I/51I3PBClv9L._SL1600_.jpg
REV0007720_IMG01,REV0007720,B07XRS6DTH,https://images-na.ssl-images-amazon.com/images/I/71Egs6W1mEL.jpg
REV0007726_IMG01,REV0007726,B08PCWTT4X,https://images-na.ssl-images-amazon.com/images/I/61Be+vD5ZIL.jpg
REV0007726_IMG02,REV0007726,B08PCWTT4X,https://images-na.ssl-images-amazon.com/images/I/61wUjbjZJkL.jpg
REV0007726_IMG03,REV0007726,B08PCWTT4X,https://images-na.ssl-images-amazon.com/images/I/71R9WBRH8KL.jpg
REV0007779_IMG01,REV0007779,B0BTBTK796,https://images-na.ssl-images-amazon.com/images/I/B1wi9246viS._SL1600_.jpg
REV0007793_IMG01,REV0007793,B083PWDFTS,https://m.media-amazon.com/images/I/51c2nkuLgbL._SL1600_.jpg
REV0007813_IMG01,REV0007813,B08T5J9Z65,https://m.media-amazon.com/images/I/C1-H6PnN2CS._SL1600_.jpg
REV0007825_IMG01,REV0007825,B07WTXWC32,https://images-na.ssl-images-amazon.com/images/I/71t7vkR8VvL.jpg
REV0007855_IMG01,REV0007855,B01N1SM6MH,https://images-na.ssl-images-amazon.com/images/I/61Ed7vby4oL.jpg
REV0007855_IMG02,REV0007855,B01N1SM6MH,https://images-na.ssl-images-amazon.com/images/I/61TkjY6i4bL.jpg
REV0007878_IMG01,REV0007878,B07854PBL9,https://m.media-amazon.com/images/I/61K2xS0HvEL._SL1600_.jpg
REV0007975_IMG01,REV0007975,B01ALBMIEI,https://images-na.ssl-images-amazon.com/images/I/81gL-obLopL._SL1600_.jpg
REV0007993_IMG01,REV0007993,B0053F7UIM,https://images-na.ssl-images-amazon.com/images/I/21Ggo9VtutL._SL1600_.jpg
REV0008007_IMG01,REV0008007,B00R1X7S5Y,https://images-na.ssl-images-amazon.com/images/I/C11BufybJZS._SL1600_.jpg
REV0008007_IMG02,REV0008007,B00R1X7S5Y,https://images-na.ssl-images-amazon.com/images/I/C1J3+7ofSvS._SL1600_.jpg
REV0008009_IMG01,REV0008009,B0C94VM8NS,https://m.media-amazon.com/images/I/81+oVtdeLRL._SL1600_.jpg
REV0008009_IMG02,REV0008009,B0C94VM8NS,https://m.media-amazon.com/images/I/81j6HmMQBAL._SL1600_.jpg
REV0008020_IMG01,REV0008020,B07WNQ6ZCB,https://images-na.ssl-images-amazon.com/images/I/61oILqhp4qL._SL1600_.jpg
REV0008020_IMG02,REV0008020,B07WNQ6ZCB,https://images-na.ssl-images-amazon.com/images/I/71thAERIXxL._SL1600_.jpg
REV0008062_IMG01,REV0008062,B0B9CCJTDF,https://images-na.ssl-images-amazon.com/images/I/91h1-DLgtEL._SL1600_.jpg
REV0008062_IMG02,REV0008062,B0B9CCJTDF,https://images-na.ssl-images-amazon.com/images/I/A1h3Q3roYhL._SL1600_.jpg
REV0008063_IMG01,REV0008063,B07Q7H4TS5,https://m.media-amazon.com/images/I/716508YmPwL._SL1600_.jpg
REV0008106_IMG01,REV0008106,B0751KDVTP,https://images-na.ssl-images-amazon.com/images/I/A1L5WcCwKZL._SL1600_.jpg
REV0008120_IMG01,REV0008120,B07RHYHS9Y,https://images-na.ssl-images-amazon.com/images/I/61WJKh7vRQL._SL1600_.jpg
REV0008155_IMG01,REV0008155,B07SXV4YRT,https://images-na.ssl-images-amazon.com/images/I/61lQ6qHqQAL.jpg
REV0008158_IMG01,REV0008158,B08X445VQ8,https://images-na.ssl-images-amazon.com/images/I/81HWOMSXRcL._SL1600_.jpg
REV0008161_IMG01,REV0008161,B0B75G7ZQW,https://m.media-amazon.com/images/I/91aUCs0PFLL._SL1600_.jpg
REV0008161_IMG02,REV0008161,B0B75G7ZQW,https://m.media-amazon.com/images/I/B1CgV6hV53S._SL1600_.jpg
REV0008161_IMG03,REV0008161,B0B75G7ZQW,https://m.media-amazon.com/images/I/B1lNcZnDFGS._SL1600_.jpg
REV0008161_IMG04,REV0008161,B0B75G7ZQW,https://m.media-amazon.com/images/I/C1uwDx0EOTS._SL1600_.jpg
REV0008213_IMG01,REV0008213,B099QHBFP2,https://m.media-amazon.com/images/I/81XeC9WPmxL._SL1600_.jpg
REV0008224_IMG01,REV0008224,B01CANG4IG,https://images-na.ssl-images-amazon.com/images/I/41Yr9Ev+MhL._SL1600_.jpg
REV0008230_IMG01,REV0008230,B08XZF22X3,https://m.media-amazon.com/images/I/611qz7gqjDL._SL1600_.jpg
REV0008261_IMG01,REV0008261,B08PCWTT4X,https://images-na.ssl-images-amazon.com/images/I/71hQnFPWY8L.jpg
REV0008263_IMG01,REV0008263,B0BTM1TJGP,https://m.media-amazon.com/images/I/71QKvJLBgrL._SL1600_.jpg
REV0008265_IMG01,REV0008265,B081GPRXCJ,https://images-na.ssl-images-amazon.com/images/I/71gR9ZzYq+L.jpg
REV0008323_IMG01,REV0008323,B08HD96C4Q,https://m.media-amazon.com/images/I/618xRbmjOQL._SL1600_.jpg
REV0008323_IMG02,REV0008323,B08HD96C4Q,https://m.media-amazon.com/images/I/61JZ5LqL2tL._SL1600_.jpg
REV0008344_IMG01,REV0008344,B01FSR3X7Q,https://images-na.ssl-images-amazon.com/images/I/51S2FOFS5nL._SL1600_.jpg
REV0008344_IMG02,REV0008344,B01FSR3X7Q,https://images-na.ssl-images-amazon.com/images/I/61-gCPoZCiL._SL1600_.jpg
REV0008344_IMG03,REV0008344,B01FSR3X7Q,https://images-na.ssl-images-amazon.com/images/I/61fHqkbgD6L._SL1600_.jpg
REV0008344_IMG04,REV0008344,B01FSR3X7Q,https://images-na.ssl-images-amazon.com/images/I/61j8vHI2EQL._SL1600_.jpg
REV0008365_IMG01,REV0008365,B08MQT4B5K,https://m.media-amazon.com/images/I/71xfNdXU3WL._SL1600_.jpg
REV0008373_IMG01,REV0008373,B08RS6W9N4,https://m.media-amazon.com/images/I/51wPfE9IcIL._SL1600_.jpg
REV0008381_IMG01,REV0008381,B08T5J9Z65,https://images-na.ssl-images-amazon.com/images/I/71Oi0hiGnmL.jpg
REV0008395_IMG01,REV0008395,B07RNQV8NQ,https://m.media-amazon.com/images/I/71+guu1aM9L._SL1600_.jpg
REV0008395_IMG02,REV0008395,B07RNQV8NQ,https://m.media-amazon.com/images/I/71zePGpR5VL._SL1600_.jpg
REV0008405_IMG01,REV0008405,B014LOFZTQ,https://images-na.ssl-images-amazon.com/images/I/71QM79ogH8L.jpg
REV0008405_IMG02,REV0008405,B014LOFZTQ,https://images-na.ssl-images-amazon.com/images/I/71a972Vpk1L.jpg
REV0008412_IMG01,REV0008412,B07T7MR9RM,https://m.media-amazon.com/images/I/51eCVWv+0PL._SL1600_.jpg
REV0008412_IMG02,REV0008412,B07T7MR9RM,https://m.media-amazon.com/images/I/71xb27Wn3QL._SL1600_.jpg
REV0008427_IMG01,REV0008427,B0C6CLBBQ1,https://m.media-amazon.com/images/I/71mTomyBX5L._SL1600_.jpg
REV0008438_IMG01,REV0008438,B09MM7BH9P,https://images-na.ssl-images-amazon.com/images/I/71i2El0o7kL.jpg
REV0008482_IMG01,REV0008482,B08L8DQPKW,https://m.media-amazon.com/images/I/613G0-0mioL._SL1600_.jpg
REV0008482_IMG02,REV0008482,B08L8DQPKW,https://m.media-amazon.com/images/I/61zNtEOqJ3L._SL1600_.jpg
REV0008482_IMG03,REV0008482,B08L8DQPKW,https://m.media-amazon.com/images/I/71RFydIfCrL._SL1600_.jpg
REV0008488_IMG01,REV0008488,B002M3B8CW,https://m.media-amazon.com/images/I/61wmvc6BdkL._SL1600_.jpg
REV0008546_IMG01,REV0008546,B0C4LRKXNV,https://images-na.ssl-images-amazon.com/images/I/61QrSzO9dfL._SL1600_.jpg
REV0008552_IMG01,REV0008552,B09K7S53MV,https://m.media-amazon.com/images/I/415dCZMrhjL._SL1600_.jpg
REV0008552_IMG02,REV0008552,B09K7S53MV,https://m.media-amazon.com/images/I/51+vW4BFI9L._SL1600_.jpg
REV0008552_IMG03,REV0008552,B09K7S53MV,https://m.media-amazon.com/images/I/5104Plnk4KL._SL1600_.jpg
REV0008552_IMG04,REV0008552,B09K7S53MV,https://m.media-amazon.com/images/I/516Jlpdz3SL._SL1600_.jpg
REV0008552_IMG05,REV0008552,B09K7S53MV,https://m.media-amazon.com/images/I/51ksjEbyk1L._SL1600_.jpg
REV0008552_IMG06,REV0008552,B09K7S53MV,https://m.media-amazon.com/images/I/713vP7E0jzL._SL1600_.jpg
REV0008552_IMG07,REV0008552,B09K7S53MV,https://m.media-amazon.com/images/I/71ayzTuze+L._SL1600_.jpg
REV0008554_IMG01,REV0008554,B0BX9GK3PB,https://m.media-amazon.com/images/I/51313yyJLcL._SL1600_.jpg
REV0008554_IMG02,REV0008554,B0BX9GK3PB,https://m.media-amazon.com/images/I/61q9Wn0-ozL._SL1600_.jpg
REV0008554_IMG03,REV0008554,B0BX9GK3PB,https://m.media-amazon.com/images/I/71GU3FqT-ZL._SL1600_.jpg
REV0008554_IMG04,REV0008554,B0BX9GK3PB,https://m.media-amazon.com/images/I/71pvc0+fMHL._SL1600_.jpg
REV0008557_IMG01,REV0008557,B0BYJ8JYL3,https://m.media-amazon.com/images/I/61b11E0y8XL._SL1600_.jpg
REV0008557_IMG02,REV0008557,B0BYJ8JYL3,https://m.media-amazon.com/images/I/81xNY1vNR9L._SL1600_.jpg
REV0008559_IMG01,REV0008559,B0751KDVTP,https://images-na.ssl-images-amazon.com/images/I/71IpwfKz5JL.jpg
REV0008581_IMG01,REV0008581,B01N98C33F,https://images-na.ssl-images-amazon.com/images/I/61NQ9wrFqQL._SL1600_.jpg
REV0008586_IMG01,REV0008586,B0751KDVTP,https://images-na.ssl-images-amazon.com/images/I/51ajSoZNIoL._SL1600_.jpg
REV0008638_IMG01,REV0008638,B00009W3I4,https://images-na.ssl-images-amazon.com/images/I/31NnkW7CW2L._SL1600_.jpg
REV0008668_IMG01,REV0008668,B08JYLSD57,https://images-na.ssl-images-amazon.com/images/I/8123JSae-KL._SL1600_.jpg
REV0008668_IMG02,REV0008668,B08JYLSD57,https://images-na.ssl-images-amazon.com/images/I/81PupSHQxfL._SL1600_.jpg
REV0008668_IMG03,REV0008668,B08JYLSD57,https://images-na.ssl-images-amazon.com/images/I/81R7nKqBBML._SL1600_.jpg
REV0008668_IMG04,REV0008668,B08JYLSD57,https://images-na.ssl-images-amazon.com/images/I/91pPDbNwdiL._SL1600_.jpg
REV0008678_IMG01,REV0008678,B009K2BBQG,https://images-na.ssl-images-amazon.com/images/I/71U8uUSE-ML.jpg
REV0008695_IMG01,REV0008695,B09ZK4B1PH,https://m.media-amazon.com/images/I/61lXrJ4IVIL._SL1600_.jpg
REV0008748_IMG01,REV0008748,B07RZ4MGXR,https://images-na.ssl-images-amazon.com/images/I/71FslvpUMTL.jpg
REV0008802_IMG01,REV0008802,B07SVNYN8M,https://m.media-amazon.com/images/I/61FCQaxnPFL._SL1600_.jpg
REV0008802_IMG02,REV0008802,B07SVNYN8M,https://m.media-amazon.com/images/I/61y+-wj5wjL._SL1600_.jpg
REV0008817_IMG01,REV0008817,B07QC7JRDP,https://m.media-amazon.com/images/I/61M2CuBWreL._SL1600_.jpg
REV0008818_IMG01,REV0008818,B08VDWFRQG,https://m.media-amazon.com/images/I/71Zo3-LO5IL._SL1600_.jpg
REV0008844_IMG01,REV0008844,B0BT1CY693,https://images-na.ssl-images-amazon.com/images/I/81M4bj64KFL._SL1600_.jpg
REV0008860_IMG01,REV0008860,B01ALBMIEI,https://images-na.ssl-images-amazon.com/images/I/B13czhAmu6S._SL1600_.jpg
REV0008893_IMG01,REV0008893,B07TP267QR,https://m.media-amazon.com/images/I/61HzKYPb3PL._SL1600_.jpg
REV0008893_IMG02,REV0008893,B07TP267QR,https://m.media-amazon.com/images/I/61kvWLMO2-L._SL1600_.jpg
REV0008910_IMG01,REV0008910,B01GXOQKQ4,https://m.media-amazon.com/images/I/61z0tItdlzL._SL1600_.jpg
REV0008933_IMG01,REV0008933,B004H3XVUC,https://images-na.ssl-images-amazon.com/images/I/71tsIV0wjLL.jpg
REV0008937_IMG01,REV0008937,B01HHFUCMG,https://images-na.ssl-images-amazon.com/images/I/51sEqQOqpaL._SL1600_.jpg
REV0009009_IMG01,REV0009009,B08KD8VTW4,https://images-na.ssl-images-amazon.com/images/I/71oovmRcUhL.jpg
REV0009079_IMG01,REV0009079,B08PCWTT4X,https://images-na.ssl-images-amazon.com/images/I/91G-TM636XL._SL1600_.jpg
REV0009079_IMG02,REV0009079,B08PCWTT4X,https://images-na.ssl-images-amazon.com/images/I/B1p-e5N05KS._SL1600_.jpg
REV0009119_IMG01,REV0009119,B009AK62U8,https://images-na.ssl-images-amazon.com/images/I/71nkB5gmUhL.jpg
REV0009187_IMG01,REV0009187,B0882ZJ48W,https://images-na.ssl-images-amazon.com/images/I/B1f2gt-KUdS._SL1600_.jpg
REV0009188_IMG01,REV0009188,B00R1X7S5Y,https://images-na.ssl-images-amazon.com/images/I/61HSmKChm-L._SL1600_.jpg
REV0009191_IMG01,REV0009191,B07RNQV8NQ,https://images-na.ssl-images-amazon.com/images/I/61LvAKDn9FL.jpg
REV0009268_IMG01,REV0009268,B077PVK8DS,https://m.media-amazon.com/images/I/71cWO0nBCIL._SL1600_.jpg
REV0009288_IMG01,REV0009288,B07YHLD8XF,https://m.media-amazon.com/images/I/71chrWTBccL._SL1600_.jpg
REV0009320_IMG01,REV0009320,B0032JTS5E,https://images-na.ssl-images-amazon.com/images/I/71IQgxlK9TL.jpg
REV0009408_IMG01,REV0009408,B0CCSNVLPM,https://images-na.ssl-images-amazon.com/images/I/81HxNLw9tOL._SL1600_.jpg
REV0009408_IMG02,REV0009408,B0CCSNVLPM,https://images-na.ssl-images-amazon.com/images/I/81WeyLA5EWL._SL1600_.jpg
REV0009408_IMG03,REV0009408,B0CCSNVLPM,https://images-na.ssl-images-amazon.com/images/I/81bkFLM0J8L._SL1600_.jpg
REV0009408_IMG04,REV0009408,B0CCSNVLPM,https://images-na.ssl-images-amazon.com/images/I/81r4up6sGvL._SL1600_.jpg
REV0009467_IMG01,REV0009467,B082V1QDGN,https://m.media-amazon.com/images/I/51SMfcYrB5L._SL1600_.jpg
REV0009470_IMG01,REV0009470,B0B3XV3KRH,https://m.media-amazon.com/images/I/71E3IeOLrcL._SL1600_.jpg
REV0009470_IMG02,REV0009470,B0B3XV3KRH,https://m.media-amazon.com/images/I/71S4K7XZzgL._SL1600_.jpg
REV0009470_IMG03,REV0009470,B0B3XV3KRH,https://m.media-amazon.com/images/I/71g0SutYedL._SL1600_.jpg
REV0009499_IMG01,REV0009499,B0748L53R1,https://images-na.ssl-images-amazon.com/images/I/71IndI-S+VL.jpg
REV0009583_IMG01,REV0009583,B09V4LSGXP,https://m.media-amazon.com/images/I/61Uzd08zS6L._SL1600_.jpg
REV0009583_IMG02,REV0009583,B09V4LSGXP,https://m.media-amazon.com/images/I/81EFX9Ni4VL._SL1600_.jpg
REV0009593_IMG01,REV0009593,B07B94ZR74,https://images-na.ssl-images-amazon.com/images/I/71hviV+ka0L._SL1600_.jpg
REV0009613_IMG01,REV0009613,B01AYMBRFK,https://images-na.ssl-images-amazon.com/images/I/71debznqCEL._SL1600_.jpg
REV0009618_IMG01,REV0009618,B09ZDJY35P,https://m.media-amazon.com/images/I/61yJ+8LJj7L._SL1600_.jpg
REV0009623_IMG01,REV0009623,B07TM5FCSD,https://m.media-amazon.com/images/I/41MjcUOoZCL._SL1600_.jpg
REV0009628_IMG01,REV0009628,B0C7FZXGZ9,https://images-na.ssl-images-amazon.com/images/I/61fa8iGvBqL._SL1600_.jpg
REV0009628_IMG02,REV0009628,B0C7FZXGZ9,https://images-na.ssl-images-amazon.com/images/I/71UsqEBIyVL._SL1600_.jpg
REV0009633_IMG01,REV0009633,B0B47KJH4D,https://m.media-amazon.com/images/I/71bq792dMFL._SL1600_.jpg
REV0009633_IMG02,REV0009633,B0B47KJH4D,https://m.media-amazon.com/images/I/81mzDLKcYUL._SL1600_.jpg
REV0009649_IMG01,REV0009649,B0B9CCJTDF,https://images-na.ssl-images-amazon.com/images/I/91ofcY7z6xL._SL1600_.jpg
REV0009652_IMG01,REV0009652,B0046U5SOS,https://images-na.ssl-images-amazon.com/images/I/71lbcKtdUsL._SL1600_.jpg
REV0009654_IMG01,REV0009654,B0986R1S3H,https://m.media-amazon.com/images/I/51VmW4BcVtL._SL1600_.jpg
REV0009709_IMG01,REV0009709,B08BPDTL1H,https://images-na.ssl-images-amazon.com/images/I/81Q8sg3jvrL._SL1600_.jpg
REV0009720_IMG01,REV0009720,B07B4WTCFG,https://images-na.ssl-images-amazon.com/images/I/B16QAf8bCkS._SL1600_.jpg
REV0009720_IMG02,REV0009720,B07B4WTCFG,https://images-na.ssl-images-amazon.com/images/I/B1YI1aamtsS._SL1600_.jpg
REV0009732_IMG01,REV0009732,B079VRJTM6,https://m.media-amazon.com/images/I/71s9JfBCHDL._SL1600_.jpg
REV0009753_IMG01,REV0009753,B0B8V333X6,https://m.media-amazon.com/images/I/71sJxj7V8NL._SL1600_.jpg
REV0009797_IMG01,REV0009797,B07R3YF9Q7,https://m.media-amazon.com/images/I/81dJCYDqoFL._SL1600_.jpg
REV0009800_IMG01,REV0009800,B000XTJRRA,https://images-na.ssl-images-amazon.com/images/I/61ouBZp0MnL.jpg
REV0009869_IMG01,REV0009869,B00DZU7V0O,https://images-na.ssl-images-amazon.com/images/I/71NgBXDi+0L.jpg
REV0009869_IMG02,REV0009869,B00DZU7V0O,https://images-na.ssl-images-amazon.com/images/I/71wgYt50uyL.jpg
REV0009869_IMG03,REV0009869,B00DZU7V0O,https://images-na.ssl-images-amazon.com/images/I/71yXCDzhpjL.jpg
REV0009890_IMG01,REV0009890,B0B9CCJTDF,https://images-na.ssl-images-amazon.com/images/I/A14YJTL5LQL._SL1600_.jpg
REV0009901_IMG01,REV0009901,B00R1X7S5Y,https://m.media-amazon.com/images/I/61fWKLdVO4L._SL1600_.jpg
REV0009917_IMG01,REV0009917,B00ZY6KM4E,https://m.media-amazon.com/images/I/91qwPoTtD5L._SL1600_.jpg
REV0009977_IMG01,REV0009977,B081K4Q6KQ,https://m.media-amazon.com/images/I/71RRLh3d52L._SL1600_.jpg
REV0009977_IMG02,REV0009977,B081K4Q6KQ,https://m.media-amazon.com/images/I/71UXuqlRs1L._SL1600_.jpg
REV0009979_IMG01,REV0009979,B07TM5FCSD,https://images-na.ssl-images-amazon.com/images/I/712LJE8cxOL._SL1600_.jpg
REV0009979_IMG02,REV0009979,B07TM5FCSD,https://images-na.ssl-images-amazon.com/images/I/71BvBx2e9SL._SL1600_.jpg
REV0009979_IMG03,REV0009979,B07TM5FCSD,https://images-na.ssl-images-amazon.com/images/I/812uUHWX4oL._SL1600_.jpg
REV0010012_IMG01,REV0010012,B06XP8WLFS,https://images-na.ssl-images-amazon.com/images/I/61ZGp7Y9PNL._SL1600_.jpg
REV0010016_IMG01,REV0010016,B0BMV7X9YJ,https://images-na.ssl-images-amazon.com/images/I/917dq8PRcFL._SL1600_.jpg
REV0010040_IMG01,REV0010040,B0046U5SOS,https://images-na.ssl-images-amazon.com/images/I/61lksnjjHFL._SL1600_.jpg
REV0010044_IMG01,REV0010044,B073PM5CWW,https://images-na.ssl-images-amazon.com/images/I/61eeK5+0qQL.jpg
REV0010058_IMG01,REV0010058,B0BQBQ64FT,https://m.media-amazon.com/images/I/81KOgXgCyYL._SL1600_.jpg
REV0010074_IMG01,REV0010074,B0BV1BN8VC,https://m.media-amazon.com/images/I/717krznZfBL._SL1600_.jpg
REV0010091_IMG01,REV0010091,B09TWWTX37,https://m.media-amazon.com/images/I/51zBMXWUZbL._SL1600_.jpg
REV0010110_IMG01,REV0010110,B07TT21PJ4,https://images-na.ssl-images-amazon.com/images/I/81juXt3ZOML.jpg
REV0010127_IMG01,REV0010127,B0076OWE8E,https://images-na.ssl-images-amazon.com/images/I/81LXB7aXyCL.jpg
REV0010127_IMG02,REV0010127,B0076OWE8E,https://images-na.ssl-images-amazon.com/images/I/81LXB7aXyCL.jpg
REV0010127_IMG03,REV0010127,B0076OWE8E,https://images-na.ssl-images-amazon.com/images/I/81ef9cxxmnL.jpg
REV0010127_IMG04,REV0010127,B0076OWE8E,https://images-na.ssl-images-amazon.com/images/I/81ef9cxxmnL.jpg
REV0010144_IMG01,REV0010144,B09SNVLH2V,https://images-na.ssl-images-amazon.com/images/I/712T7T0LRpL._SL1600_.jpg
REV0010144_IMG02,REV0010144,B09SNVLH2V,https://images-na.ssl-images-amazon.com/images/I/713y3dWby2L._SL1600_.jpg
REV0010144_IMG03,REV0010144,B09SNVLH2V,https://images-na.ssl-images-amazon.com/images/I/717Xp84adgL._SL1600_.jpg
REV0010144_IMG04,REV0010144,B09SNVLH2V,https://images-na.ssl-images-amazon.com/images/I/81LnAQr55gL._SL1600_.jpg
REV0010144_IMG05,REV0010144,B09SNVLH2V,https://images-na.ssl-images-amazon.com/images/I/81cwnkEBZML._SL1600_.jpg
REV0010147_IMG01,REV0010147,B07WTXWC32,https://images-na.ssl-images-amazon.com/images/I/717pvnNXJzL._SL1600_.jpg
REV0010157_IMG01,REV0010157,B0C2YZRZ4M,https://m.media-amazon.com/images/I/71TU-lrDXLL._SL1600_.jpg
REV0010162_IMG01,REV0010162,B00009W3GR,https://images-na.ssl-images-amazon.com/images/I/71c2jFY6jDL.jpg
REV0010162_IMG02,REV0010162,B00009W3GR,https://images-na.ssl-images-amazon.com/images/I/71hOORx-zIL._SL1600_.jpg
REV0010175_IMG01,REV0010175,B0888CW327,https://m.media-amazon.com/images/I/61NuIFqW0uL._SL1600_.jpg
REV0010175_IMG02,REV0010175,B0888CW327,https://m.media-amazon.com/images/I/91UymZhfa8L._SL1600_.jpg
REV0010180_IMG01,REV0010180,B09TWWTX37,https://m.media-amazon.com/images/I/61M2o9cWb6L._SL1600_.jpg
REV0010201_IMG01,REV0010201,B0BYJ8JYL3,https://m.media-amazon.com/images/I/61BPpUoVQwL._SL1600_.jpg
REV0010201_IMG02,REV0010201,B0BYJ8JYL3,https://m.media-amazon.com/images/I/61Twrr7HlBL._SL1600_.jpg
REV0010201_IMG03,REV0010201,B0BYJ8JYL3,https://m.media-amazon.com/images/I/71EWUJKSUFL._SL1600_.jpg
REV0010234_IMG01,REV0010234,B013EPVW2C,https://images-na.ssl-images-amazon.com/images/I/712HtJ+XpnL.jpg
REV0010284_IMG01,REV0010284,B00R1X7S5Y,https://m.media-amazon.com/images/I/71kcunLu52L._SL1600_.jpg
REV0010313_IMG01,REV0010313,B0737B6HGR,https://images-na.ssl-images-amazon.com/images/I/71+Lu43cr6L._SL1600_.jpg
REV0010313_IMG02,REV0010313,B0737B6HGR,https://images-na.ssl-images-amazon.com/images/I/71M8vXFSHUL._SL1600_.jpg
REV0010313_IMG03,REV0010313,B0737B6HGR,https://images-na.ssl-images-amazon.com/images/I/71dwtNqIPLL._SL1600_.jpg
REV0010349_IMG01,REV0010349,B07LH8VXPY,https://images-na.ssl-images-amazon.com/images/I/716ipNx6KeL._SL1600_.jpg
REV0010374_IMG01,REV0010374,B073BLHCND,https://images-na.ssl-images-amazon.com/images/I/71+yFjuv0yL.jpg
REV0010374_IMG02,REV0010374,B073BLHCND,https://images-na.ssl-images-amazon.com/images/I/719l4Cx9JsL.jpg
REV0010374_IMG03,REV0010374,B073BLHCND,https://images-na.ssl-images-amazon.com/images/I/71qDu23pHbL.jpg
REV0010398_IMG01,REV0010398,B00UUEGYXS,https://m.media-amazon.com/images/I/61tFCJ2sVDL._SL1600_.jpg
REV0010398_IMG02,REV0010398,B00UUEGYXS,https://m.media-amazon.com/images/I/71vx2dHiubL._SL1600_.jpg
REV0010441_IMG01,REV0010441,B0028BAAWW,https://images-na.ssl-images-amazon.com/images/I/71ibU-CbX3L._SL1600_.jpg
REV0010450_IMG01,REV0010450,B09GL6SRNJ,https://m.media-amazon.com/images/I/81VB9T8MmcL._SL1600_.jpg
REV0010493_IMG01,REV0010493,B07C5D4JGZ,https://images-na.ssl-images-amazon.com/images/I/71YXfDEl+DL.jpg
REV0010522_IMG01,REV0010522,B0053Y2QGY,https://images-na.ssl-images-amazon.com/images/I/51723+f6AVL._SL1600_.jpg
REV0010548_IMG01,REV0010548,B081K4Q6KQ,https://m.media-amazon.com/images/I/B1kKjAx44rS._SL1600_.jpg
REV0010582_IMG01,REV0010582,B0BXSQN4HV,https://m.media-amazon.com/images/I/81ETenNg11L._SL1600_.jpg
REV0010588_IMG01,REV0010588,B07Q2G85J8,https://images-na.ssl-images-amazon.com/images/I/8119vp2nJdL._SL1600_.jpg
REV0010588_IMG02,REV0010588,B07Q2G85J8,https://images-na.ssl-images-amazon.com/images/I/81N2Iv4q6XL._SL1600_.jpg
REV0010588_IMG03,REV0010588,B07Q2G85J8,https://images-na.ssl-images-amazon.com/images/I/81aXnJAQZgL._SL1600_.jpg
REV0010594_IMG01,REV0010594,B0BQP45LFZ,https://images-na.ssl-images-amazon.com/images/I/71nDzPKf5UL._SL1600_.jpg
REV0010594_IMG02,REV0010594,B0BQP45LFZ,https://images-na.ssl-images-amazon.com/images/I/81cDCcrqoNL._SL1600_.jpg
REV0010603_IMG01,REV0010603,B09NY6QZWC,https://images-na.ssl-images-amazon.com/images/I/91O3UWChuiL._SL1600_.jpg
REV0010603_IMG02,REV0010603,B09NY6QZWC,https://images-na.ssl-images-amazon.com/images/I/91OybVqUcTL._SL1600_.jpg
REV0010603_IMG03,REV0010603,B09NY6QZWC,https://images-na.ssl-images-amazon.com/images/I/91V0APt5UCL._SL1600_.jpg
REV0010603_IMG04,REV0010603,B09NY6QZWC,https://images-na.ssl-images-amazon.com/images/I/91zfD1kE-YL._SL1600_.jpg
REV0010632_IMG01,REV0010632,B078G99FYD,https://images-na.ssl-images-amazon.com/images/I/71BXjSTl9jL.jpg
REV0010632_IMG02,REV0010632,B078G99FYD,https://images-na.ssl-images-amazon.com/images/I/71yMY1uQzoL.jpg
REV0010633_IMG01,REV0010633,B07P66L54T,https://m.media-amazon.com/images/I/C1L0Ngk8h+S._SL1600_.jpg
REV0010635_IMG01,REV0010635,B07L7DJYP5,https://images-na.ssl-images-amazon.com/images/I/61G1o1peiFL.jpg
REV0010646_IMG01,REV0010646,B07CYNWTXK,https://m.media-amazon.com/images/I/71LvLrkCT2L._SL1600_.jpg
REV0010646_IMG02,REV0010646,B07CYNWTXK,https://m.media-amazon.com/images/I/71guAXmcPCL._SL1600_.jpg
REV0010660_IMG01,REV0010660,B00UZK6W4I,https://images-na.ssl-images-amazon.com/images/I/719gK09XkDL.jpg
REV0010701_IMG01,REV0010701,B09F6ZCKJW,https://images-na.ssl-images-amazon.com/images/I/71sBPUejylL._SL1600_.jpg
REV0010705_IMG01,REV0010705,B00LXAU3DK,https://images-na.ssl-images-amazon.com/images/I/B13GrjV9AoS._SL1600_.jpg
REV0010705_IMG02,REV0010705,B00LXAU3DK,https://images-na.ssl-images-amazon.com/images/I/B1ORyhWCiSS._SL1600_.jpg
REV0010705_IMG03,REV0010705,B00LXAU3DK,https://images-na.ssl-images-amazon.com/images/I/B1mh51d-jAS._SL1600_.jpg
REV0010741_IMG01,REV0010741,B07B94ZR74,https://images-na.ssl-images-amazon.com/images/I/513IEqbZNeL._SL1600_.jpg
REV0010741_IMG02,REV0010741,B07B94ZR74,https://images-na.ssl-images-amazon.com/images/I/514gRB3lwcL._SL1600_.jpg
REV0010741_IMG03,REV0010741,B07B94ZR74,https://images-na.ssl-images-amazon.com/images/I/51pm5uz+9pL._SL1600_.jpg
REV0010741_IMG04,REV0010741,B07B94ZR74,https://images-na.ssl-images-amazon.com/images/I/51s5GpY8IoL._SL1600_.jpg
REV0010742_IMG01,REV0010742,B09YC8YCV6,https://m.media-amazon.com/images/I/61bbDwiGEmL._SL1600_.jpg
REV0010779_IMG01,REV0010779,B092MXW2BY,https://images-na.ssl-images-amazon.com/images/I/61Iqik65+LL.jpg
REV0010800_IMG01,REV0010800,B07QMZL448,https://images-na.ssl-images-amazon.com/images/I/511b+rsbOnL._SL1600_.jpg
REV0010800_IMG02,REV0010800,B07QMZL448,https://images-na.ssl-images-amazon.com/images/I/51tsd-XUusL._SL1600_.jpg
REV0010808_IMG01,REV0010808,B0BNN6GLK7,https://m.media-amazon.com/images/I/71KdzJTTKeL._SL1600_.jpg
REV0010808_IMG02,REV0010808,B0BNN6GLK7,https://m.media-amazon.com/images/I/71nGUpto4tL._SL1600_.jpg
REV0010834_IMG01,REV0010834,B06Y24QGGB,https://images-na.ssl-images-amazon.com/images/I/B1sDDZjA1yS._SL1600_.jpg
REV0010834_IMG02,REV0010834,B06Y24QGGB,https://images-na.ssl-images-amazon.com/images/I/C1IV79wJSRS._SL1600_.jpg
REV0010834_IMG03,REV0010834,B06Y24QGGB,https://images-na.ssl-images-amazon.com/images/I/C1fbS5Ur8pS._SL1600_.jpg
REV0010834_IMG04,REV0010834,B06Y24QGGB,https://images-na.ssl-images-amazon.com/images/I/C1yup9a7TRS._SL1600_.jpg
REV0010834_IMG05,REV0010834,B06Y24QGGB,https://images-na.ssl-images-amazon.com/images/I/C1zIEnuM5fS._SL1600_.jpg
REV0010859_IMG01,REV0010859,B01DYPY7UG,https://images-na.ssl-images-amazon.com/images/I/81m+BS99ZgL.jpg
REV0010875_IMG01,REV0010875,B0042NQRI0,https://images-na.ssl-images-amazon.com/images/I/51Sr7vqXCuL._SL1600_.jpg
REV0010888_IMG01,REV0010888,B00JVZD868,https://images-na.ssl-images-amazon.com/images/I/81LwBNVmsvL._SL1600_.jpg
REV0010888_IMG02,REV0010888,B00JVZD868,https://images-na.ssl-images-amazon.com/images/I/81XdA9irEqL._SL1600_.jpg
REV0010888_IMG03,REV0010888,B00JVZD868,https://images-na.ssl-images-amazon.com/images/I/81ZV1uetjuL._SL1600_.jpg
REV0010903_IMG01,REV0010903,B00AW04ZMM,https://images-na.ssl-images-amazon.com/images/I/61phqMTvMKL.jpg
REV0010903_IMG02,REV0010903,B00AW04ZMM,https://images-na.ssl-images-amazon.com/images/I/71BEJXTh2LL.jpg
REV0010903_IMG03,REV0010903,B00AW04ZMM,https://images-na.ssl-images-amazon.com/images/I/71GjhOZLVNL.jpg
REV0010903_IMG04,REV0010903,B00AW04ZMM,https://images-na.ssl-images-amazon.com/images/I/71NPDd5HxBL.jpg
REV0010903_IMG05,REV0010903,B00AW04ZMM,https://images-na.ssl-images-amazon.com/images/I/71OvIQ63RfL.jpg
REV0010903_IMG06,REV0010903,B00AW04ZMM,https://images-na.ssl-images-amazon.com/images/I/71vVZ15cTIL.jpg
REV0010903_IMG07,REV0010903,B00AW04ZMM,https://images-na.ssl-images-amazon.com/images/I/71vWPwv3ToL.jpg
REV0010906_IMG01,REV0010906,B08PCWTT4X,https://images-na.ssl-images-amazon.com/images/I/41IXKN+fenL._SL1600_.jpg
REV0010917_IMG01,REV0010917,B07FW1515G,https://m.media-amazon.com/images/I/81BQtGEZiSL._SL1600_.jpg
REV0010944_IMG01,REV0010944,B0B36BYTH8,https://m.media-amazon.com/images/I/61eFUA-OgOL._SL1600_.jpg
REV0010944_IMG02,REV0010944,B0B36BYTH8,https://m.media-amazon.com/images/I/81VZFEYmG9L._SL1600_.jpg
REV0010944_IMG03,REV0010944,B0B36BYTH8,https://m.media-amazon.com/images/I/81lYZlGoPxL._SL1600_.jpg
REV0010944_IMG04,REV0010944,B0B36BYTH8,https://m.media-amazon.com/images/I/81owvIKLLCL._SL1600_.jpg
REV0010944_IMG05,REV0010944,B0B36BYTH8,https://m.media-amazon.com/images/I/917IdA5H8QL._SL1600_.jpg
REV0010944_IMG06,REV0010944,B0B36BYTH8,https://m.media-amazon.com/images/I/91dbCRX+qML._SL1600_.jpg
REV0010973_IMG01,REV0010973,B09TWWTX37,https://m.media-amazon.com/images/I/71rRpC+BUmL._SL1600_.jpg
REV0010984_IMG01,REV0010984,B07WTXWC32,https://images-na.ssl-images-amazon.com/images/I/71F4Cj94geL.jpg
REV0010993_IMG01,REV0010993,B0C9ZT2T55,https://images-na.ssl-images-amazon.com/images/I/81HI6NJJ3fL.jpg
REV0011010_IMG01,REV0011010,B0BQCCS7GM,https://m.media-amazon.com/images/I/61GPOdjwpRL._SL1600_.jpg
REV0011010_IMG02,REV0011010,B0BQCCS7GM,https://m.media-amazon.com/images/I/61w9KHbzHQL._SL1600_.jpg
REV0011013_IMG01,REV0011013,B00AMF8HF8,https://images-na.ssl-images-amazon.com/images/I/813P6J2DxQL._SL1600_.jpg
REV0011013_IMG02,REV0011013,B00AMF8HF8,https://images-na.ssl-images-amazon.com/images/I/814n-MdP2RL._SL1600_.jpg
REV0011016_IMG01,REV0011016,B00W0M0OFM,https://images-na.ssl-images-amazon.com/images/I/81sGLOusuIL.jpg
REV0011019_IMG01,REV0011019,B08H213R92,https://m.media-amazon.com/images/I/71Rmbxz8+cL._SL1600_.jpg
REV0011057_IMG01,REV0011057,B09DXTZFMW,https://m.media-amazon.com/images/I/71BDaUdpmUL._SL1600_.jpg
REV0011057_IMG02,REV0011057,B09DXTZFMW,https://m.media-amazon.com/images/I/81J8TX7D+-L._SL1600_.jpg
REV0011081_IMG01,REV0011081,B008YDSH6E,https://images-na.ssl-images-amazon.com/images/I/71oothOygZL.jpg
REV0011103_IMG01,REV0011103,B083LJJYPV,https://m.media-amazon.com/images/I/71iDeM2WBhL._SL1600_.jpg
REV0011103_IMG02,REV0011103,B083LJJYPV,https://m.media-amazon.com/images/I/81DOUO9v+WL._SL1600_.jpg
REV0011103_IMG03,REV0011103,B083LJJYPV,https://m.media-amazon.com/images/I/81P7qXLNbwL._SL1600_.jpg
REV0011114_IMG01,REV0011114,B09LZ3TD7X,https://images-na.ssl-images-amazon.com/images/I/61ijNisawYL._SL1600_.jpg
REV0011114_IMG02,REV0011114,B09LZ3TD7X,https://images-na.ssl-images-amazon.com/images/I/61vsBmEsCGL._SL1600_.jpg
REV0011155_IMG01,REV0011155,B0044XYFEQ,https://m.media-amazon.com/images/I/61JxYhRmFtL._SL1600_.jpg
REV0011218_IMG01,REV0011218,B01N56KEU6,https://images-na.ssl-images-amazon.com/images/I/71LNnsaaiVL.jpg
REV0011218_IMG02,REV0011218,B01N56KEU6,https://images-na.ssl-images-amazon.com/images/I/71q6k0zZ1sL.jpg
REV0011218_IMG03,REV0011218,B01N56KEU6,https://images-na.ssl-images-amazon.com/images/I/81iOv3HM-5L.jpg
REV0011218_IMG04,REV0011218,B01N56KEU6,https://images-na.ssl-images-amazon.com/images/I/81qjiE+MJcL.jpg
REV0011228_IMG01,REV0011228,B07R4RHC4H,https://images-na.ssl-images-amazon.com/images/I/C1Bn00WK-QS._SL1600_.jpg
REV0011281_IMG01,REV0011281,B085R91V61,https://images-na.ssl-images-amazon.com/images/I/81PlT+e3Z6L._SL1600_.jpg
REV0011281_IMG02,REV0011281,B085R91V61,https://images-na.ssl-images-amazon.com/images/I/81tWrCbpBNL._SL1600_.jpg
REV0011291_IMG01,REV0011291,B08S3ZKKNL,https://m.media-amazon.com/images/I/614RqcG-B1L._SL1600_.jpg
REV0011307_IMG01,REV0011307,B08DHW3FLD,https://m.media-amazon.com/images/I/81Nmi9PvAiL._SL1600_.jpg
REV0011313_IMG01,REV0011313,B0B1QNB67P,https://images-na.ssl-images-amazon.com/images/I/710iLkxomYL.jpg
REV0011313_IMG02,REV0011313,B0B1QNB67P,https://images-na.ssl-images-amazon.com/images/I/71er30G7gtL.jpg
REV0011332_IMG01,REV0011332,B08B3HCJLM,https://m.media-amazon.com/images/I/61Jo4n1Q4NL._SL1600_.jpg
REV0011336_IMG01,REV0011336,B00L4JGYPQ,https://images-na.ssl-images-amazon.com/images/I/716UVOB5vcL._SL1600_.jpg
REV0011336_IMG02,REV0011336,B00L4JGYPQ,https://images-na.ssl-images-amazon.com/images/I/71H38plOx9L._SL1600_.jpg
REV0011336_IMG03,REV0011336,B00L4JGYPQ,https://images-na.ssl-images-amazon.com/images/I/71o3dctPOnL._SL1600_.jpg
REV0011344_IMG01,REV0011344,B0B9S4Y57D,https://m.media-amazon.com/images/I/71o6Wki6WXL._SL1600_.jpg
REV0011350_IMG01,REV0011350,B09P55FK6K,https://m.media-amazon.com/images/I/61y1GjoVDXL._SL1600_.jpg
REV0011355_IMG01,REV0011355,B08B4PWGW3,https://m.media-amazon.com/images/I/71iFzuWweaL._SL1600_.jpg
REV0011363_IMG01,REV0011363,B00ECX06WS,https://images-na.ssl-images-amazon.com/images/I/81ZwZNwyMfL.jpg
REV0011371_IMG01,REV0011371,B0811C6NDZ,https://images-na.ssl-images-amazon.com/images/I/91wVdssmPYL._SL1600_.jpg
REV0011417_IMG01,REV0011417,B08BNNH5PW,https://m.media-amazon.com/images/I/61KnvhTwaVL._SL1600_.jpg
REV0011426_IMG01,REV0011426,B09YC8YCV6,https://m.media-amazon.com/images/I/510FCHhkgRL._SL1600_.jpg
REV0011426_IMG02,REV0011426,B09YC8YCV6,https://m.media-amazon.com/images/I/51VA7pf8CEL._SL1600_.jpg
REV0011443_IMG01,REV0011443,B07WNQ6ZCB,https://images-na.ssl-images-amazon.com/images/I/81+HIirNnxL._SL1600_.jpg
REV0011443_IMG02,REV0011443,B07WNQ6ZCB,https://images-na.ssl-images-amazon.com/images/I/91M1yWlfILL._SL1600_.jpg
REV0011443_IMG03,REV0011443,B07WNQ6ZCB,https://images-na.ssl-images-amazon.com/images/I/91QUY5apRyL._SL1600_.jpg
REV0011443_IMG04,REV0011443,B07WNQ6ZCB,https://images-na.ssl-images-amazon.com/images/I/91irXO4ExvL._SL1600_.jpg
REV0011517_IMG01,REV0011517,B07QS22G94,https://images-na.ssl-images-amazon.com/images/I/81PSEC8BqaL._SL1600_.jpg
REV0011542_IMG01,REV0011542,B0BCYQQR5R,https://m.media-amazon.com/images/I/612zT54rxvL._SL1600_.jpg
REV0011542_IMG02,REV0011542,B0BCYQQR5R,https://m.media-amazon.com/images/I/61nlAPGNKbL._SL1600_.jpg
REV0011550_IMG01,REV0011550,B0B148VJFW,https://m.media-amazon.com/images/I/81PIlT73Y7L._SL1600_.jpg
REV0011550_IMG02,REV0011550,B0B148VJFW,https://m.media-amazon.com/images/I/81t--vLyNBL._SL1600_.jpg
REV0011551_IMG01,REV0011551,B000DZFTC6,https://images-na.ssl-images-amazon.com/images/I/91HiIZVng+L._SL1600_.jpg
REV0011564_IMG01,REV0011564,B0BYJ8JYL3,https://m.media-amazon.com/images/I/51kers6a2mL._SL1600_.jpg
REV0011569_IMG01,REV0011569,B09LR4TSPK,https://m.media-amazon.com/images/I/71hYw5U8r6L._SL1600_.jpg
REV0011569_IMG02,REV0011569,B09LR4TSPK,https://m.media-amazon.com/images/I/71ptjuUlQjL._SL1600_.jpg
REV0011569_IMG03,REV0011569,B09LR4TSPK,https://m.media-amazon.com/images/I/71wZcgOZXYL._SL1600_.jpg
REV0011581_IMG01,REV0011581,B07R4RHC4H,https://m.media-amazon.com/images/I/71-xVmjOraL._SL1600_.jpg
REV0011605_IMG01,REV0011605,B013TI7A4S,https://images-na.ssl-images-amazon.com/images/I/71QZOVhKTUL.jpg
REV0011605_IMG02,REV0011605,B013TI7A4S,https://images-na.ssl-images-amazon.com/images/I/71WhgwCih9L.jpg
REV0011605_IMG03,REV0011605,B013TI7A4S,https://images-na.ssl-images-amazon.com/images/I/71vwxq-kySL.jpg
REV0011605_IMG04,REV0011605,B013TI7A4S,https://images-na.ssl-images-amazon.com/images/I/71zlwq0M2xL.jpg
REV0011605_IMG05,REV0011605,B013TI7A4S,https://images-na.ssl-images-amazon.com/images/I/81AGe+lpjpL.jpg
REV0011613_IMG01,REV0011613,B085RNS1G7,https://m.media-amazon.com/images/I/71t4stBV6pL._SL1600_.jpg
REV0011613_IMG02,REV0011613,B085RNS1G7,https://m.media-amazon.com/images/I/81Z-O-6y41L._SL1600_.jpg
REV0011682_IMG01,REV0011682,B06XPSNJWD,https://images-na.ssl-images-amazon.com/images/I/71Cp7vj7erL.jpg
REV0011682_IMG02,REV0011682,B06XPSNJWD,https://images-na.ssl-images-amazon.com/images/I/71rvWP30roL.jpg
REV0011705_IMG01,REV0011705,B00VS47U0A,https://m.media-amazon.com/images/I/51kjvS-jPTL._SL1600_.jpg
REV0011705_IMG02,REV0011705,B00VS47U0A,https://m.media-amazon.com/images/I/61HYOyW6zEL._SL1600_.jpg
REV0011705_IMG03,REV0011705,B00VS47U0A,https://m.media-amazon.com/images/I/B1GKiUS0OgS._SL1600_.jpg
REV0011705_IMG04,REV0011705,B00VS47U0A,https://m.media-amazon.com/images/I/C1yfRGBLqUS._SL1600_.jpg
REV0011722_IMG01,REV0011722,B00ECX0FVA,https://images-na.ssl-images-amazon.com/images/I/71jL8LT8mjL.jpg
REV0011742_IMG01,REV0011742,B003094V3K,https://images-na.ssl-images-amazon.com/images/I/61Wi4B4qm-L.jpg
REV0011742_IMG02,REV0011742,B003094V3K,https://images-na.ssl-images-amazon.com/images/I/71ONXl+1UkL.jpg
REV0011742_IMG03,REV0011742,B003094V3K,https://images-na.ssl-images-amazon.com/images/I/71cCfHdQ2CL.jpg
REV0011748_IMG01,REV0011748,B0BPFM7JSG,https://m.media-amazon.com/images/I/71mrMDPyaPL._SL1600_.jpg
REV0011751_IMG01,REV0011751,B00545AU92,https://images-na.ssl-images-amazon.com/images/I/71K+ZlAQQTL._SL1600_.jpg
REV0011776_IMG01,REV0011776,B0BNVSKV36,https://m.media-amazon.com/images/I/51LV1eB9gAL._SL1600_.jpg
REV0011776_IMG02,REV0011776,B0BNVSKV36,https://m.media-amazon.com/images/I/61pz6c-s1YL._SL1600_.jpg
REV0011813_IMG01,REV0011813,B01G5GB2NQ,https://images-na.ssl-images-amazon.com/images/I/715cq4SHUoL.jpg
REV0011840_IMG01,REV0011840,B08NT8Z3D7,https://m.media-amazon.com/images/I/71DP291MgyL._SL1600_.jpg
REV0011840_IMG02,REV0011840,B08NT8Z3D7,https://m.media-amazon.com/images/I/81CoH2zwfxL._SL1600_.jpg
REV0011870_IMG01,REV0011870,B08XW26YXN,https://images-na.ssl-images-amazon.com/images/I/91Lej3gqKVL._SL1600_.jpg
REV0011871_IMG01,REV0011871,B01GE7V1H8,https://images-na.ssl-images-amazon.com/images/I/61y4qTHj26L.jpg
REV0011920_IMG01,REV0011920,B01M3WVX70,https://m.media-amazon.com/images/I/71P6e5Rj1uL._SL1600_.jpg
REV0011923_IMG01,REV0011923,B07WTXWC32,https://images-na.ssl-images-amazon.com/images/I/81UOI7o6DxL._SL1600_.jpg
REV0011923_IMG02,REV0011923,B07WTXWC32,https://images-na.ssl-images-amazon.com/images/I/81XLuO5EnSL._SL1600_.jpg
REV0011959_IMG01,REV0011959,B094PY8C63,https://images-na.ssl-images-amazon.com/images/I/71FBJEgczIL._SL1600_.jpg
REV0011959_IMG02,REV0011959,B094PY8C63,https://images-na.ssl-images-amazon.com/images/I/71UcU7wgi8L._SL1600_.jpg
REV0011992_IMG01,REV0011992,B074RDWS11,https://m.media-amazon.com/images/I/518AY-aUVOL._SL1600_.jpg
REV0012150_IMG01,REV0012150,B07RNJY499,https://images-na.ssl-images-amazon.com/images/I/7190DdxubHL.jpg
REV0012159_IMG01,REV0012159,B07CNH8PL8,https://m.media-amazon.com/images/I/7100P3wZrCL._SL1600_.jpg
REV0012198_IMG01,REV0012198,B01CETJ1Z4,https://images-na.ssl-images-amazon.com/images/I/615J1jdpQIL._SL1600_.jpg
REV0012198_IMG02,REV0012198,B01CETJ1Z4,https://images-na.ssl-images-amazon.com/images/I/61DBYIPKM3L._SL1600_.jpg
REV0012198_IMG03,REV0012198,B01CETJ1Z4,https://images-na.ssl-images-amazon.com/images/I/61XcGFpcZtL._SL1600_.jpg
REV0012198_IMG04,REV0012198,B01CETJ1Z4,https://images-na.ssl-images-amazon.com/images/I/61lV+EhmY5L._SL1600_.jpg
REV0012241_IMG01,REV0012241,B07NVJP82G,https://m.media-amazon.com/images/I/61oQToVINrL._SL1600_.jpg
REV0012241_IMG02,REV0012241,B07NVJP82G,https://m.media-amazon.com/images/I/711bvfSRW-L._SL1600_.jpg
REV0012241_IMG03,REV0012241,B07NVJP82G,https://m.media-amazon.com/images/I/71L8rWfnP+L._SL1600_.jpg
REV0012241_IMG04,REV0012241,B07NVJP82G,https://m.media-amazon.com/images/I/71ViPoWLhQL._SL1600_.jpg
REV0012241_IMG05,REV0012241,B07NVJP82G,https://m.media-amazon.com/images/I/71uV3n81w6L._SL1600_.jpg
REV0012242_IMG01,REV0012242,B097BBJCX8,https://images-na.ssl-images-amazon.com/images/I/71+KXRbA9eL.jpg
REV0012295_IMG01,REV0012295,B08DHV86WK,https://m.media-amazon.com/images/I/61RuLlQZb0L._SL1600_.jpg
REV0012299_IMG01,REV0012299,B00RYQ5DIW,https://images-na.ssl-images-amazon.com/images/I/61XU3z2OVSL.jpg
REV0012299_IMG02,REV0012299,B00RYQ5DIW,https://images-na.ssl-images-amazon.com/images/I/61cwQRVZ17L.jpg
REV0012299_IMG03,REV0012299,B00RYQ5DIW,https://images-na.ssl-images-amazon.com/images/I/61jfU3phyVL.jpg
REV0012307_IMG01,REV0012307,B0BLMPHLWY,https://images-na.ssl-images-amazon.com/images/I/71jm8gLFKsL.jpg
REV0012323_IMG01,REV0012323,B07BTDBWY4,https://m.media-amazon.com/images/I/71dLsHIsAkL._SL1600_.jpg
REV0012323_IMG02,REV0012323,B07BTDBWY4,https://m.media-amazon.com/images/I/71y9Xe4wLIL._SL1600_.jpg
REV0012327_IMG01,REV0012327,B0BB9QMSBP,https://m.media-amazon.com/images/I/610m7iOXq4L._SL1600_.jpg
REV0012330_IMG01,REV0012330,B0BWCL9WCH,https://m.media-amazon.com/images/I/716Zz3efzqL._SL1600_.jpg
REV0012330_IMG02,REV0012330,B0BWCL9WCH,https://m.media-amazon.com/images/I/71Q4pERm+GL._SL1600_.jpg
REV0012348_IMG01,REV0012348,B08LPD8QHK,https://m.media-amazon.com/images/I/614+3riPf7L._SL1600_.jpg
REV0012350_IMG01,REV0012350,B07LB74NRS,https://images-na.ssl-images-amazon.com/images/I/81xybiMW+tL._SL1600_.jpg
REV0012368_IMG01,REV0012368,B0B3DB5HTC,https://images-na.ssl-images-amazon.com/images/I/61QGOKxY7bL.jpg
REV0012398_IMG01,REV0012398,B09W497R2H,https://m.media-amazon.com/images/I/61K2mB+flyL._SL1600_.jpg
REV0012398_IMG02,REV0012398,B09W497R2H,https://m.media-amazon.com/images/I/61qiOyxM-TL._SL1600_.jpg
REV0012457_IMG01,REV0012457,B07HQNZRV2,https://images-na.ssl-images-amazon.com/images/I/71mOx22EW-L._SL1600_.jpg
REV0012460_IMG01,REV0012460,B0053F9LCK,https://images-na.ssl-images-amazon.com/images/I/81IXH9esG7L.jpg
REV0012487_IMG01,REV0012487,B0BYJ8JYL3,https://m.media-amazon.com/images/I/61d0umy22mL._SL1600_.jpg
REV0012515_IMG01,REV0012515,B07NP68PW4,https://images-na.ssl-images-amazon.com/images/I/71mUqtd07dL.jpg
REV0012522_IMG01,REV0012522,B08VCZ438B,https://m.media-amazon.com/images/I/C1YuJWstRqS._SL1600_.jpg
REV0012582_IMG01,REV0012582,B0167MXYT8,https://m.media-amazon.com/images/I/61ng1wIsSCL._SL1600_.jpg
REV0012582_IMG02,REV0012582,B0167MXYT8,https://m.media-amazon.com/images/I/71keBlkns6L._SL1600_.jpg
REV0012592_IMG01,REV0012592,B07HMRDXNF,https://images-na.ssl-images-amazon.com/images/I/711s9VZlarL.jpg
REV0012592_IMG02,REV0012592,B07HMRDXNF,https://images-na.ssl-images-amazon.com/images/I/71Vpm-O5uPL.jpg
REV0012606_IMG01,REV0012606,B09BJV21SF,https://images-na.ssl-images-amazon.com/images/I/71KZMKEVQ+L._SL1600_.jpg
REV0012607_IMG01,REV0012607,B07Q34QCTJ,https://m.media-amazon.com/images/I/61691IMaXHL._SL1600_.jpg
REV0012626_IMG01,REV0012626,B004H3XT9U,https://images-na.ssl-images-amazon.com/images/I/71jRORBIbvL.jpg
REV0012632_IMG01,REV0012632,B07NVJP82G,https://m.media-amazon.com/images/I/51exXOB3VPL._SL1600_.jpg
REV0012719_IMG01,REV0012719,B081K4Q6KQ,https://images-na.ssl-images-amazon.com/images/I/C11wKS83AcS._SL1600_.jpg
REV0012719_IMG02,REV0012719,B081K4Q6KQ,https://images-na.ssl-images-amazon.com/images/I/C1B4641f5AS._SL1600_.jpg
REV0012728_IMG01,REV0012728,B075M4M3H6,https://images-na.ssl-images-amazon.com/images/I/91WjLkIbt+L._SL1600_.jpg
REV0012744_IMG01,REV0012744,B07MBQ4NWP,https://images-na.ssl-images-amazon.com/images/I/B10q0EeCh9S._SL1600_.jpg
REV0012744_IMG02,REV0012744,B07MBQ4NWP,https://images-na.ssl-images-amazon.com/images/I/B19l9oxeU0S._SL1600_.jpg
REV0012744_IMG03,REV0012744,B07MBQ4NWP,https://images-na.ssl-images-amazon.com/images/I/B1ZC47unSYS._SL1600_.jpg
REV0012746_IMG01,REV0012746,B00BFIH0PE,https://images-na.ssl-images-amazon.com/images/I/713x2cu+SfL.jpg
REV0012746_IMG02,REV0012746,B00BFIH0PE,https://images-na.ssl-images-amazon.com/images/I/71HS8M1cMjL.jpg
REV0012746_IMG03,REV0012746,B00BFIH0PE,https://images-na.ssl-images-amazon.com/images/I/71UYNyY-KfL.jpg
REV0012786_IMG01,REV0012786,B0BMPQXGMG,https://images-na.ssl-images-amazon.com/images/I/71yvt56GtFL.jpg
REV0012791_IMG01,REV0012791,B085J2JV64,https://m.media-amazon.com/images/I/715jtDhGScL._SL1600_.jpg
REV0012802_IMG01,REV0012802,B0B3DB5HTC,https://m.media-amazon.com/images/I/71+q+U1zDsL._SL1600_.jpg
REV0012839_IMG01,REV0012839,B0BF5G96GR,https://m.media-amazon.com/images/I/81lEAWQ346L._SL1600_.jpg
REV0012845_IMG01,REV0012845,B07NZW8K5Q,https://m.media-amazon.com/images/I/71e8YfiClwL._SL1600_.jpg
REV0012961_IMG01,REV0012961,B08CW52TWQ,https://m.media-amazon.com/images/I/71GqCmHrPzL._SL1600_.jpg
REV0012961_IMG02,REV0012961,B08CW52TWQ,https://m.media-amazon.com/images/I/71cx2o7ARjL._SL1600_.jpg
REV0013015_IMG01,REV0013015,B076JHTQD8,https://images-na.ssl-images-amazon.com/images/I/8156bKH09DL._SL1600_.jpg
REV0013015_IMG02,REV0013015,B076JHTQD8,https://images-na.ssl-images-amazon.com/images/I/817LbDYBHGL._SL1600_.jpg
REV0013069_IMG01,REV0013069,B09HFDP5CF,https://m.media-amazon.com/images/I/61fH5TsSYoL._SL1600_.jpg
REV0013069_IMG02,REV0013069,B09HFDP5CF,https://m.media-amazon.com/images/I/719O82nJPcL._SL1600_.jpg
REV0013094_IMG01,REV0013094,B0114XW80G,https://images-na.ssl-images-amazon.com/images/I/714OQvKQiCL.jpg
REV0013094_IMG02,REV0013094,B0114XW80G,https://images-na.ssl-images-amazon.com/images/I/71L4LVw1oYL.jpg
REV0013094_IMG03,REV0013094,B0114XW80G,https://images-na.ssl-images-amazon.com/images/I/71hQ8mom4+L.jpg
REV0013095_IMG01,REV0013095,B07NVJP82G,https://m.media-amazon.com/images/I/51+mRspXonL._SL1600_.jpg
REV0013133_IMG01,REV0013133,B07QC7JRDP,https://m.media-amazon.com/images/I/B1wiFQqVgFS._SL1600_.jpg
REV0013138_IMG01,REV0013138,B013TINE4S,https://m.media-amazon.com/images/I/61cqhOWMpWL._SL1600_.jpg
REV0013139_IMG01,REV0013139,B07D7JR5Q5,https://m.media-amazon.com/images/I/71Ww4LsT9JL._SL1600_.jpg
REV0013139_IMG02,REV0013139,B07D7JR5Q5,https://m.media-amazon.com/images/I/71XlipWxqVL._SL1600_.jpg
REV0013223_IMG01,REV0013223,B00RUBUJF8,https://images-na.ssl-images-amazon.com/images/I/81e20gI3oCL.jpg
REV0013226_IMG01,REV0013226,B09YC8YCV6,https://images-na.ssl-images-amazon.com/images/I/71k98Fr-LtL._SL1600_.jpg
REV0013227_IMG01,REV0013227,B0BGHF3RYM,https://m.media-amazon.com/images/I/419tS6h8NDL._SL1600_.jpg
REV0013227_IMG02,REV0013227,B0BGHF3RYM,https://m.media-amazon.com/images/I/41umDz5x+ML._SL1600_.jpg
REV0013227_IMG03,REV0013227,B0BGHF3RYM,https://m.media-amazon.com/images/I/61LQCZEfTQL._SL1600_.jpg
REV0013235_IMG01,REV0013235,B0BBG4K2S9,https://m.media-amazon.com/images/I/711faEewNFL._SL1600_.jpg
REV0013358_IMG01,REV0013358,B09WTVSN57,https://m.media-amazon.com/images/I/51JdT7pL3bL._SL1600_.jpg
REV0013358_IMG02,REV0013358,B09WTVSN57,https://m.media-amazon.com/images/I/61z1FALmUUL._SL1600_.jpg
REV0013358_IMG03,REV0013358,B09WTVSN57,https://m.media-amazon.com/images/I/71V5+SoI4yL._SL1600_.jpg
REV0013370_IMG01,REV0013370,B0BHW2T4NB,https://m.media-amazon.com/images/I/61ZCfVOJbnL._SL1600_.jpg
REV0013371_IMG01,REV0013371,B0BTY63SFY,https://images-na.ssl-images-amazon.com/images/I/61hHRweLigL._SL1600_.jpg
REV0013372_IMG01,REV0013372,B0C36XXTMG,https://images-na.ssl-images-amazon.com/images/I/61F0gm8JSKL.jpg
REV0013387_IMG01,REV0013387,B00DM8L178,https://images-na.ssl-images-amazon.com/images/I/71zHbu-jVBL._SL1600_.jpg
REV0013396_IMG01,REV0013396,B07CYNWTXK,https://images-na.ssl-images-amazon.com/images/I/71B8G786BZL.jpg
REV0013396_IMG02,REV0013396,B07CYNWTXK,https://images-na.ssl-images-amazon.com/images/I/71USu8lCaAL.jpg
REV0013445_IMG01,REV0013445,B0BNN6GLK7,https://m.media-amazon.com/images/I/61vS28ra+7L._SL1600_.jpg
REV0013547_IMG01,REV0013547,B00KJ07SEM,https://images-na.ssl-images-amazon.com/images/I/81L-0aHsvPL._SL1600_.jpg
REV0013547_IMG02,REV0013547,B00KJ07SEM,https://images-na.ssl-images-amazon.com/images/I/81hOwmpgV8L._SL1600_.jpg
REV0013562_IMG01,REV0013562,B07M8JMYHQ,https://images-na.ssl-images-amazon.com/images/I/61DqiUvWBmL._SL1600_.jpg
REV0013564_IMG01,REV0013564,B08FCKRF74,https://m.media-amazon.com/images/I/71b3xCyukxL._SL1600_.jpg
REV0013590_IMG01,REV0013590,B00IB4BMDQ,https://images-na.ssl-images-amazon.com/images/I/61tVPEYuvVL._SL1600_.jpg
REV0013603_IMG01,REV0013603,B07WTXWC32,https://images-na.ssl-images-amazon.com/images/I/B1jlfeu0P3S._SL1600_.jpg
REV0013623_IMG01,REV0013623,B09W5PBYKD,https://m.media-amazon.com/images/I/71p3-Xpz2iL._SL1600_.jpg
REV0013624_IMG01,REV0013624,B08RS7H7KY,https://images-na.ssl-images-amazon.com/images/I/71ZlXsV0UOL._SL1600_.jpg
REV0013669_IMG01,REV0013669,B00GPXASXK,https://images-na.ssl-images-amazon.com/images/I/818k4BYwTAL.jpg
REV0013699_IMG01,REV0013699,B07B94ZR74,https://images-na.ssl-images-amazon.com/images/I/B1BwTtzKUrS._SL1600_.jpg
REV0013761_IMG01,REV0013761,B07DQFHTVS,https://m.media-amazon.com/images/I/71LzF8XLiFL._SL1600_.jpg
REV0013786_IMG01,REV0013786,B07WTXWC32,https://m.media-amazon.com/images/I/61LNyyulf0L._SL1600_.jpg
REV0013786_IMG02,REV0013786,B07WTXWC32,https://m.media-amazon.com/images/I/61dYQYYu3yL._SL1600_.jpg
REV0013798_IMG01,REV0013798,B01MYYG9MD,https://images-na.ssl-images-amazon.com/images/I/81mA+3xROyL.jpg
REV0013827_IMG01,REV0013827,B0BT1CY693,https://images-na.ssl-images-amazon.com/images/I/71dXWU4jvML.jpg
REV0013827_IMG02,REV0013827,B0BT1CY693,https://images-na.ssl-images-amazon.com/images/I/71hCYj5WYoL.jpg
REV0013851_IMG01,REV0013851,B0C884SSHY,https://m.media-amazon.com/images/I/61G+F-iV89L._SL1600_.jpg
REV0013851_IMG02,REV0013851,B0C884SSHY,https://m.media-amazon.com/images/I/71k-7+baOlL._SL1600_.jpg
REV0013883_IMG01,REV0013883,B0BPY9HMGY,https://m.media-amazon.com/images/I/611ajeqmgPL._SL1600_.jpg
REV0013883_IMG02,REV0013883,B0BPY9HMGY,https://m.media-amazon.com/images/I/61QKsd5Kd2L._SL1600_.jpg
REV0013883_IMG03,REV0013883,B0BPY9HMGY,https://m.media-amazon.com/images/I/61VAEqIWPQL._SL1600_.jpg
REV0013883_IMG04,REV0013883,B0BPY9HMGY,https://m.media-amazon.com/images/I/61bcpRN6KdL._SL1600_.jpg
REV0013883_IMG05,REV0013883,B0BPY9HMGY,https://m.media-amazon.com/images/I/61wHFbcnRKL._SL1600_.jpg
REV0013883_IMG06,REV0013883,B0BPY9HMGY,https://m.media-amazon.com/images/I/71ZQ9wCNN0L._SL1600_.jpg
REV0013942_IMG01,REV0013942,B01AROX8A2,https://images-na.ssl-images-amazon.com/images/I/41TtZWgpXpL._SL1600_.jpg
REV0013953_IMG01,REV0013953,B082YF5WSF,https://images-na.ssl-images-amazon.com/images/I/919E0onF+cL._SL1600_.jpg
REV0013953_IMG02,REV0013953,B082YF5WSF,https://images-na.ssl-images-amazon.com/images/I/91O-NRhUQfL._SL1600_.jpg
REV0013953_IMG03,REV0013953,B082YF5WSF,https://images-na.ssl-images-amazon.com/images/I/A1YD7JjSA9L._SL1600_.jpg
REV0013955_IMG01,REV0013955,B07XBXZP2H,https://images-na.ssl-images-amazon.com/images/I/71vT6-tIfSL.jpg
REV0013955_IMG02,REV0013955,B07XBXZP2H,https://images-na.ssl-images-amazon.com/images/I/71y42gpgFZL.jpg
REV0013987_IMG01,REV0013987,B0BCQMS7YS,https://m.media-amazon.com/images/I/71YeYNZOpSL._SL1600_.jpg
REV0013997_IMG01,REV0013997,B0BGTBHC7P,https://images-na.ssl-images-amazon.com/images/I/71LLKqmzumL.jpg
REV0014062_IMG01,REV0014062,B00UXG4WR8,https://images-na.ssl-images-amazon.com/images/I/61GpKIQR9YL.jpg
REV0014077_IMG01,REV0014077,B0CCSNVLPM,https://m.media-amazon.com/images/I/C1AB7jumAWS._SL1600_.jpg
REV0014077_IMG02,REV0014077,B0CCSNVLPM,https://m.media-amazon.com/images/I/C1tF7AdtP1S._SL1600_.jpg
REV0014087_IMG01,REV0014087,B08MWS7Z3K,https://m.media-amazon.com/images/I/612Q2S4QfkL._SL1600_.jpg
REV0014122_IMG01,REV0014122,B07W1P4DS2,https://images-na.ssl-images-amazon.com/images/I/71Py22aSULL.jpg
REV0014122_IMG02,REV0014122,B07W1P4DS2,https://images-na.ssl-images-amazon.com/images/I/71ShduPubKL.jpg
REV0014160_IMG01,REV0014160,B0BRN9S4QX,https://images-na.ssl-images-amazon.com/images/I/6143FftZSjL._SL1600_.jpg
REV0014191_IMG01,REV0014191,B079RL3L28,https://images-na.ssl-images-amazon.com/images/I/51OwpmYUXrL._SL1600_.jpg
REV0014191_IMG02,REV0014191,B079RL3L28,https://images-na.ssl-images-amazon.com/images/I/71Z6hXHRcpL._SL1600_.jpg
REV0014191_IMG03,REV0014191,B079RL3L28,https://images-na.ssl-images-amazon.com/images/I/913RDvqgnEL._SL1600_.jpg
REV0014260_IMG01,REV0014260,B0B9CCJTDF,https://m.media-amazon.com/images/I/61ii41YDB0L._SL1600_.jpg
REV0014268_IMG01,REV0014268,B01E86RPA4,https://images-na.ssl-images-amazon.com/images/I/71erfpbQHNL.jpg
REV0014281_IMG01,REV0014281,B0BFVZDKRH,https://m.media-amazon.com/images/I/C1nD+3bV7PS._SL1600_.jpg
REV0014312_IMG01,REV0014312,B0BLYCKNG9,https://images-na.ssl-images-amazon.com/images/I/81JQgXZOxeL._SL1600_.jpg
REV0014322_IMG01,REV0014322,B07PNGRGNM,https://m.media-amazon.com/images/I/71629BtUd9L._SL1600_.jpg
REV0014322_IMG02,REV0014322,B07PNGRGNM,https://m.media-amazon.com/images/I/717i4aU2XAL._SL1600_.jpg
REV0014322_IMG03,REV0014322,B07PNGRGNM,https://m.media-amazon.com/images/I/81WpzJGWQwL._SL1600_.jpg
REV0014322_IMG04,REV0014322,B07PNGRGNM,https://m.media-amazon.com/images/I/81dPNUp7g9L._SL1600_.jpg
REV0014341_IMG01,REV0014341,B0915YVGNH,https://images-na.ssl-images-amazon.com/images/I/B1e02aiafWS._SL1600_.jpg
REV0014355_IMG01,REV0014355,B0BMQDVF9Q,https://m.media-amazon.com/images/I/71vDgoL3cLL._SL1600_.jpg
REV0014392_IMG01,REV0014392,B07J3N1YD6,https://images-na.ssl-images-amazon.com/images/I/B1BfOQ5RiIS._SL1600_.jpg
REV0014392_IMG02,REV0014392,B07J3N1YD6,https://images-na.ssl-images-amazon.com/images/I/B1K8MNGddcS._SL1600_.jpg
REV0014410_IMG01,REV0014410,B0C71KVMY9,https://images-na.ssl-images-amazon.com/images/I/81Fey3Y0ItL._SL1600_.jpg
REV0014415_IMG01,REV0014415,B09CPXDXRR,https://images-na.ssl-images-amazon.com/images/I/A1vlDdjc3qL._SL1600_.jpg
REV0014430_IMG01,REV0014430,B08LD9YQRW,https://m.media-amazon.com/images/I/6156q1hUVKL._SL1600_.jpg
REV0014430_IMG02,REV0014430,B08LD9YQRW,https://m.media-amazon.com/images/I/61akYXFhH2L._SL1600_.jpg
REV0014439_IMG01,REV0014439,B011GWQTNM,https://images-na.ssl-images-amazon.com/images/I/71EKvYAwuPL._SL1600_.jpg
REV0014509_IMG01,REV0014509,B07144LZ9V,https://images-na.ssl-images-amazon.com/images/I/71DuvHveIaL.jpg
REV0014509_IMG02,REV0014509,B07144LZ9V,https://images-na.ssl-images-amazon.com/images/I/71KKQGmeH0L.jpg
REV0014530_IMG01,REV0014530,B07MCTYSXN,https://m.media-amazon.com/images/I/611vSUlNFIL._SL1600_.jpg
REV0014530_IMG02,REV0014530,B07MCTYSXN,https://m.media-amazon.com/images/I/6189i7n+eYL._SL1600_.jpg
REV0014565_IMG01,REV0014565,B082VYTCDH,https://images-na.ssl-images-amazon.com/images/I/A1L2KsqCjUL._SL1600_.jpg
REV0014565_IMG02,REV0014565,B082VYTCDH,https://images-na.ssl-images-amazon.com/images/I/A1uwnfmDDkL._SL1600_.jpg
REV0014584_IMG01,REV0014584,B01ALBMIEI,https://m.media-amazon.com/images/I/41H70NFj4IL._SL1600_.jpg
REV0014587_IMG01,REV0014587,B08FDC59PB,https://images-na.ssl-images-amazon.com/images/I/6106vhngFcL._SL1600_.jpg
REV0014587_IMG02,REV0014587,B08FDC59PB,https://images-na.ssl-images-amazon.com/images/I/61Vm9RSTFOL._SL1600_.jpg
REV0014587_IMG03,REV0014587,B08FDC59PB,https://images-na.ssl-images-amazon.com/images/I/61p9RHcBbbL._SL1600_.jpg
REV0014587_IMG04,REV0014587,B08FDC59PB,https://images-na.ssl-images-amazon.com/images/I/61p9RHcBbbL._SL1600_.jpg
REV0014604_IMG01,REV0014604,B0BKL5WLB8,https://m.media-amazon.com/images/I/518JDE0Oz4L._SL1600_.jpg
REV0014604_IMG02,REV0014604,B0BKL5WLB8,https://m.media-amazon.com/images/I/61CvKr6xkJL._SL1600_.jpg
REV0014624_IMG01,REV0014624,B0BMPQXGMG,https://images-na.ssl-images-amazon.com/images/I/61YzaNoe89L.jpg
REV0014624_IMG02,REV0014624,B0BMPQXGMG,https://images-na.ssl-images-amazon.com/images/I/71SvKObnpXL.jpg
REV0014624_IMG03,REV0014624,B0BMPQXGMG,https://images-na.ssl-images-amazon.com/images/I/81-dYMwQKsL.jpg
REV0014651_IMG01,REV0014651,B07CL8YV1H,https://m.media-amazon.com/images/I/71c4GAaan0L._SL1600_.jpg
REV0014654_IMG01,REV0014654,B01HZZB6U0,https://images-na.ssl-images-amazon.com/images/I/81tyw0OUQUL._SL1600_.jpg
REV0014654_IMG02,REV0014654,B01HZZB6U0,https://images-na.ssl-images-amazon.com/images/I/81wDnsl-J+L._SL1600_.jpg
REV0014730_IMG01,REV0014730,B075LFTG6X,https://images-na.ssl-images-amazon.com/images/I/31SoRzH43KL._SL1600_.jpg
REV0014745_IMG01,REV0014745,B01ALBMIEI,https://images-na.ssl-images-amazon.com/images/I/61WEury17mL.jpg
REV0014796_IMG01,REV0014796,B0BT1CY693,https://images-na.ssl-images-amazon.com/images/I/71-Tmp0WowL.jpg
REV0014823_IMG01,REV0014823,B0B3DB5HTC,https://m.media-amazon.com/images/I/61+mTcG1NtL._SL1600_.jpg
REV0014823_IMG02,REV0014823,B0B3DB5HTC,https://m.media-amazon.com/images/I/61yunjk0zSL._SL1600_.jpg
REV0014825_IMG01,REV0014825,B081K4Q6KQ,https://m.media-amazon.com/images/I/C1Rhd4UL8BS._SL1600_.jpg
REV0014825_IMG02,REV0014825,B081K4Q6KQ,https://m.media-amazon.com/images/I/C1WvHBDTUqS._SL1600_.jpg
REV0014870_IMG01,REV0014870,B0B8M4H11G,https://m.media-amazon.com/images/I/61bEHHrSyTL._SL1600_.jpg
REV0014890_IMG01,REV0014890,B08PCWTT4X,https://m.media-amazon.com/images/I/C1rPJEhOHeS._SL1600_.jpg
REV0014933_IMG01,REV0014933,B0BPY9HMGY,https://m.media-amazon.com/images/I/71si1oMfjGL._SL1600_.jpg
REV0014933_IMG02,REV0014933,B0BPY9HMGY,https://m.media-amazon.com/images/I/71yXxNomv7L._SL1600_.jpg
REV0014947_IMG01,REV0014947,B09MM7BH9P,https://images-na.ssl-images-amazon.com/images/I/719M2-uTcbL.jpg
REV0014953_IMG01,REV0014953,B081V8N437,https://images-na.ssl-images-amazon.com/images/I/A1GHZbQxzeL._SL1600_.jpg
REV0014961_IMG01,REV0014961,B0C43XFHVH,https://images-na.ssl-images-amazon.com/images/I/71-RDE55FIL._SL1600_.jpg
REV0014961_IMG02,REV0014961,B0C43XFHVH,https://images-na.ssl-images-amazon.com/images/I/71OtFQrejnL._SL1600_.jpg
REV0014961_IMG03,REV0014961,B0C43XFHVH,https://images-na.ssl-images-amazon.com/images/I/71iDjQHDlaL._SL1600_.jpg
REV0014961_IMG04,REV0014961,B0C43XFHVH,https://images-na.ssl-images-amazon.com/images/I/81-0SWSqBwL._SL1600_.jpg
REV0014988_IMG01,REV0014988,B0CCSNVLPM,https://m.media-amazon.com/images/I/C1Gf1alChzS._SL1600_.jpg
REV0014988_IMG02,REV0014988,B0CCSNVLPM,https://m.media-amazon.com/images/I/C1MXvcYSkhS._SL1600_.jpg
REV0014988_IMG03,REV0014988,B0CCSNVLPM,https://m.media-amazon.com/images/I/C1NEZSevtBS._SL1600_.jpg
REV0015026_IMG01,REV0015026,B07WTXWC32,https://m.media-amazon.com/images/I/61ONuEkiHCL._SL1600_.jpg
REV0015103_IMG01,REV0015103,B014LOFZTQ,https://images-na.ssl-images-amazon.com/images/I/61+4n9pIyML.jpg
REV0015103_IMG02,REV0015103,B014LOFZTQ,https://images-na.ssl-images-amazon.com/images/I/71Ia4wpDWAL.jpg
REV0015103_IMG03,REV0015103,B014LOFZTQ,https://images-na.ssl-images-amazon.com/images/I/71QTUYZ0CYL.jpg
REV0015103_IMG04,REV0015103,B014LOFZTQ,https://images-na.ssl-images-amazon.com/images/I/71wPe3rPzhL.jpg
REV0015103_IMG05,REV0015103,B014LOFZTQ,https://images-na.ssl-images-amazon.com/images/I/71z11dwZCJL.jpg
REV0015147_IMG01,REV0015147,B002NDHO7Y,https://m.media-amazon.com/images/I/61NCBHlc4ZL._SL1600_.jpg
REV0015268_IMG01,REV0015268,B0751KDVTP,https://m.media-amazon.com/images/I/714HgS28J5L._SL1600_.jpg
REV0015296_IMG01,REV0015296,B075FKX7TY,https://images-na.ssl-images-amazon.com/images/I/71N3aE7MNQL.jpg
REV0015334_IMG01,REV0015334,B09VTZ54J7,https://images-na.ssl-images-amazon.com/images/I/616Hpq9dGWL.jpg
REV0015418_IMG01,REV0015418,B08289R1HX,https://m.media-amazon.com/images/I/712XVNG4aXL._SL1600_.jpg
REV0015426_IMG01,REV0015426,B07BMT3FH2,https://images-na.ssl-images-amazon.com/images/I/71kLqxLNS0L.jpg
REV0015446_IMG01,REV0015446,B09GHK3F4Y,https://images-na.ssl-images-amazon.com/images/I/71AZQpc-1yL.jpg
REV0015563_IMG01,REV0015563,B09LZ3TD7X,https://images-na.ssl-images-amazon.com/images/I/813IToG8M9L.jpg
REV0015566_IMG01,REV0015566,B01FX2AODM,https://images-na.ssl-images-amazon.com/images/I/81Wx8aX4qSL._SL1600_.jpg
REV0015598_IMG01,REV0015598,B085H7BJ1W,https://m.media-amazon.com/images/I/6114B21jnzL._SL1600_.jpg
REV0015605_IMG01,REV0015605,B0846LMMT5,https://m.media-amazon.com/images/I/61FyKxq2uNL._SL1600_.jpg
REV0015605_IMG02,REV0015605,B0846LMMT5,https://m.media-amazon.com/images/I/61ORS-IrQYL._SL1600_.jpg
REV0015612_IMG01,REV0015612,B09P55FK6K,https://m.media-amazon.com/images/I/814wVTkauUL._SL1600_.jpg
REV0015612_IMG02,REV0015612,B09P55FK6K,https://m.media-amazon.com/images/I/81A-+NJ1gtL._SL1600_.jpg
REV0015612_IMG03,REV0015612,B09P55FK6K,https://m.media-amazon.com/images/I/81Ri9gJMqEL._SL1600_.jpg
REV0015616_IMG01,REV0015616,B001AQZI64,https://m.media-amazon.com/images/I/81HDOOfWdxL._SL1600_.jpg
REV0015616_IMG02,REV0015616,B001AQZI64,https://m.media-amazon.com/images/I/81nvJsPoTmL._SL1600_.jpg
REV0015619_IMG01,REV0015619,B07QC7JRDP,https://images-na.ssl-images-amazon.com/images/I/71RhLahXvOL.jpg
REV0015657_IMG01,REV0015657,B00W8T2UM2,https://m.media-amazon.com/images/I/61kC9ei05YL._SL1600_.jpg
REV0015665_IMG01,REV0015665,B09MM7BH9P,https://images-na.ssl-images-amazon.com/images/I/81UF1GBzuzL._SL1600_.jpg
REV0015686_IMG01,REV0015686,B07JZZ1YSG,https://images-na.ssl-images-amazon.com/images/I/71nH7uYNtnL.jpg
REV0015710_IMG01,REV0015710,B000FNKVJW,https://m.media-amazon.com/images/I/B1hIzTd2d3S._SL1600_.jpg
REV0015720_IMG01,REV0015720,B07GQ5FQGT,https://images-na.ssl-images-amazon.com/images/I/B1enaXEDdWS._SL1600_.jpg
REV0015720_IMG02,REV0015720,B07GQ5FQGT,https://images-na.ssl-images-amazon.com/images/I/B1nHxNRBaJS._SL1600_.jpg
REV0015748_IMG01,REV0015748,B08WWGS5B6,https://m.media-amazon.com/images/I/617gGzdkRrL._SL1600_.jpg
REV0015767_IMG01,REV0015767,B0BKYRM37J,https://m.media-amazon.com/images/I/610fXCUJz3L._SL1600_.jpg
REV0015767_IMG02,REV0015767,B0BKYRM37J,https://m.media-amazon.com/images/I/6186d5EHrBL._SL1600_.jpg
REV0015767_IMG03,REV0015767,B0BKYRM37J,https://m.media-amazon.com/images/I/61RO1GeS6hL._SL1600_.jpg
REV0015771_IMG01,REV0015771,B00359X4L0,https://images-na.ssl-images-amazon.com/images/I/61aOTtxS+DL._SL1600_.jpg
REV0015771_IMG02,REV0015771,B00359X4L0,https://images-na.ssl-images-amazon.com/images/I/71LjqSosMcL._SL1600_.jpg
REV0015796_IMG01,REV0015796,B08JD5XPK7,https://m.media-amazon.com/images/I/61SQNSb-biL._SL1600_.jpg
REV0015881_IMG01,REV0015881,B0C5PR3NWJ,https://images-na.ssl-images-amazon.com/images/I/711Z+XpXzFL._SL1600_.jpg
REV0015881_IMG02,REV0015881,B0C5PR3NWJ,https://images-na.ssl-images-amazon.com/images/I/71i7R35c9dL._SL1600_.jpg
REV0015917_IMG01,REV0015917,B08ZHD696S,https://images-na.ssl-images-amazon.com/images/I/81O8zCDH74L._SL1600_.jpg
REV0015917_IMG02,REV0015917,B08ZHD696S,https://images-na.ssl-images-amazon.com/images/I/81TVaHNm6rL._SL1600_.jpg
REV0015923_IMG01,REV0015923,B08MQT4B5K,https://images-na.ssl-images-amazon.com/images/I/C1L2mi8tC6S._SL1600_.jpg
REV0015973_IMG01,REV0015973,B071DLCG26,https://images-na.ssl-images-amazon.com/images/I/B1i-v0kHyPS._SL1600_.jpg
REV0015973_IMG02,REV0015973,B071DLCG26,https://images-na.ssl-images-amazon.com/images/I/B1wMjuGs1eS._SL1600_.jpg
REV0015995_IMG01,REV0015995,B0C86NF3DH,https://images-na.ssl-images-amazon.com/images/I/71WFDPU6MzL.jpg
REV0015999_IMG01,REV0015999,B0BVBHGGHY,https://m.media-amazon.com/images/I/71e81iDXz5L._SL1600_.jpg
REV0015999_IMG02,REV0015999,B0BVBHGGHY,https://m.media-amazon.com/images/I/81ius11fD6L._SL1600_.jpg
REV0015999_IMG03,REV0015999,B0BVBHGGHY,https://m.media-amazon.com/images/I/91ZpA8HIgYL._SL1600_.jpg
REV0016037_IMG01,REV0016037,B08T5J9Z65,https://images-na.ssl-images-amazon.com/images/I/B1RwSJJGnzS._SL1600_.jpg
REV0016062_IMG01,REV0016062,B08X6ZJR6C,https://m.media-amazon.com/images/I/61M7X6LJvML._SL1600_.jpg
REV0016092_IMG01,REV0016092,B00W1W2DFA,https://m.media-amazon.com/images/I/71jBBkI5TwL._SL1600_.jpg
REV0016106_IMG01,REV0016106,B016DU85B6,https://images-na.ssl-images-amazon.com/images/I/61gE7DKwG0L.jpg
REV0016122_IMG01,REV0016122,B07XBXZP2H,https://images-na.ssl-images-amazon.com/images/I/B18x6XizuUS._SL1600_.jpg
REV0016125_IMG01,REV0016125,B08PCWTT4X,https://m.media-amazon.com/images/I/711tEl3BASL._SL1600_.jpg
REV0016137_IMG01,REV0016137,B08C6GQKQW,https://m.media-amazon.com/images/I/61+0TG4F06L._SL1600_.jpg
REV0016137_IMG02,REV0016137,B08C6GQKQW,https://m.media-amazon.com/images/I/61jiDRbNK7L._SL1600_.jpg
REV0016137_IMG03,REV0016137,B08C6GQKQW,https://m.media-amazon.com/images/I/712f+5FphiL._SL1600_.jpg
REV0016140_IMG01,REV0016140,B08TTH7HRM,https://m.media-amazon.com/images/I/71w3TYRf7jL._SL1600_.jpg
REV0016171_IMG01,REV0016171,B08ZHD696S,https://images-na.ssl-images-amazon.com/images/I/71Qwh6DUzSL.jpg
REV0016177_IMG01,REV0016177,B01EOKNSPA,https://images-na.ssl-images-amazon.com/images/I/7165yMeLrXL.jpg
REV0016177_IMG02,REV0016177,B01EOKNSPA,https://images-na.ssl-images-amazon.com/images/I/717yu3kj7QL.jpg
REV0016177_IMG03,REV0016177,B01EOKNSPA,https://images-na.ssl-images-amazon.com/images/I/7180sNeGzML.jpg
REV0016177_IMG04,REV0016177,B01EOKNSPA,https://images-na.ssl-images-amazon.com/images/I/71A6PCsDDBL.jpg
REV0016177_IMG05,REV0016177,B01EOKNSPA,https://images-na.ssl-images-amazon.com/images/I/71ShA5ftTiL.jpg
REV0016177_IMG06,REV0016177,B01EOKNSPA,https://images-na.ssl-images-amazon.com/images/I/71snrQcCetL.jpg
REV0016177_IMG07,REV0016177,B01EOKNSPA,https://images-na.ssl-images-amazon.com/images/I/81Hz3FJrEKL.jpg
REV0016199_IMG01,REV0016199,B08FDBLZF4,https://images-na.ssl-images-amazon.com/images/I/51JbqL1btuL._SL1600_.jpg
REV0016199_IMG02,REV0016199,B08FDBLZF4,https://images-na.ssl-images-amazon.com/images/I/51bx9IlRcSL._SL1600_.jpg
REV0016223_IMG01,REV0016223,B01N995WDY,https://images-na.ssl-images-amazon.com/images/I/71YU0JpMZjL.jpg
REV0016223_IMG02,REV0016223,B01N995WDY,https://images-na.ssl-images-amazon.com/images/I/71mDGaU-gIL.jpg
REV0016223_IMG03,REV0016223,B01N995WDY,https://images-na.ssl-images-amazon.com/images/I/71oqiHS44iL.jpg
REV0016227_IMG01,REV0016227,B07NVJP82G,https://m.media-amazon.com/images/I/615KW7PMUlL._SL1600_.jpg
REV0016288_IMG01,REV0016288,B08PCWTT4X,https://images-na.ssl-images-amazon.com/images/I/71KdFqo7ukL.jpg
REV0016299_IMG01,REV0016299,B0B758BTSB,https://images-na.ssl-images-amazon.com/images/I/81cPBp01dRL.jpg
REV0016299_IMG02,REV0016299,B0B758BTSB,https://images-na.ssl-images-amazon.com/images/I/81dFeOaV2FL.jpg
REV0016319_IMG01,REV0016319,B01AXY8P90,https://images-na.ssl-images-amazon.com/images/I/71BrKu8ENYL.jpg
REV0016334_IMG01,REV0016334,B089DMYHQW,https://images-na.ssl-images-amazon.com/images/I/711gqdWoK6L._SL1600_.jpg
REV0016334_IMG02,REV0016334,B089DMYHQW,https://images-na.ssl-images-amazon.com/images/I/719zd8bxf0L._SL1600_.jpg
REV0016334_IMG03,REV0016334,B089DMYHQW,https://images-na.ssl-images-amazon.com/images/I/71dZ7JVtoZL._SL1600_.jpg
REV0016334_IMG04,REV0016334,B089DMYHQW,https://images-na.ssl-images-amazon.com/images/I/71gDAMe-yfL._SL1600_.jpg
REV0016334_IMG05,REV0016334,B089DMYHQW,https://images-na.ssl-images-amazon.com/images/I/815+6yZb8-L._SL1600_.jpg
REV0016334_IMG06,REV0016334,B089DMYHQW,https://m.media-amazon.com/images/I/71HGtOT4nUL._SL1600_.jpg
REV0016385_IMG01,REV0016385,B07NVJP82G,https://m.media-amazon.com/images/I/712gtVvW57L._SL1600_.jpg
REV0016407_IMG01,REV0016407,B0BV8XJCFJ,https://images-na.ssl-images-amazon.com/images/I/41wWKmeN8gL._SL1600_.jpg
REV0016451_IMG01,REV0016451,B07DQCCV8W,https://images-na.ssl-images-amazon.com/images/I/71+y1EAePcL._SL1600_.jpg
REV0016451_IMG02,REV0016451,B07DQCCV8W,https://images-na.ssl-images-amazon.com/images/I/71Q1G43dFnL._SL1600_.jpg
REV0016451_IMG03,REV0016451,B07DQCCV8W,https://images-na.ssl-images-amazon.com/images/I/71QqJrQxRPL._SL1600_.jpg
REV0016451_IMG04,REV0016451,B07DQCCV8W,https://images-na.ssl-images-amazon.com/images/I/81WQVwGcbNL._SL1600_.jpg
REV0016451_IMG05,REV0016451,B07DQCCV8W,https://images-na.ssl-images-amazon.com/images/I/81gGoVvDOZL._SL1600_.jpg
REV0016451_IMG06,REV0016451,B07DQCCV8W,https://images-na.ssl-images-amazon.com/images/I/81iuMg+n3WL._SL1600_.jpg
REV0016451_IMG07,REV0016451,B07DQCCV8W,https://images-na.ssl-images-amazon.com/images/I/81l1mGJfmmL._SL1600_.jpg
REV0016451_IMG08,REV0016451,B07DQCCV8W,https://images-na.ssl-images-amazon.com/images/I/81yi1PEb8vL._SL1600_.jpg
REV0016481_IMG01,REV0016481,B0893VT8TJ,https://images-na.ssl-images-amazon.com/images/I/615i1ZJHG3L._SL1600_.jpg
REV0016486_IMG01,REV0016486,B08RYRRYR1,https://images-na.ssl-images-amazon.com/images/I/B1Z-9AkVtTS._SL1600_.jpg
REV0016486_IMG02,REV0016486,B08RYRRYR1,https://images-na.ssl-images-amazon.com/images/I/B1hC+KaoxuS._SL1600_.jpg
REV0016486_IMG03,REV0016486,B08RYRRYR1,https://images-na.ssl-images-amazon.com/images/I/B1k8QdZhjaS._SL1600_.jpg
REV0016486_IMG04,REV0016486,B08RYRRYR1,https://images-na.ssl-images-amazon.com/images/I/C1mGaHg+rSS._SL1600_.jpg
REV0016664_IMG01,REV0016664,B0C36XXTMG,https://images-na.ssl-images-amazon.com/images/I/91+IGvj-pSL._SL1600_.jpg
REV0016671_IMG01,REV0016671,B00T6OB50A,https://images-na.ssl-images-amazon.com/images/I/61eHI8HO0kL.jpg
REV0016671_IMG02,REV0016671,B00T6OB50A,https://images-na.ssl-images-amazon.com/images/I/61ybbD3UYKL.jpg
REV0016682_IMG01,REV0016682,B08NB5VNC6,https://m.media-amazon.com/images/I/61C5l+LNckL._SL1600_.jpg
REV0016682_IMG02,REV0016682,B08NB5VNC6,https://m.media-amazon.com/images/I/71tCsjYZPJL._SL1600_.jpg
REV0016696_IMG01,REV0016696,B07DQFHTVS,https://images-na.ssl-images-amazon.com/images/I/B1xG0XJBGIS._SL1600_.jpg
REV0016730_IMG01,REV0016730,B08M68CCGG,https://images-na.ssl-images-amazon.com/images/I/815axUJ2kTL._SL1600_.jpg
REV0016730_IMG02,REV0016730,B08M68CCGG,https://images-na.ssl-images-amazon.com/images/I/81Qiz52mGrL._SL1600_.jpg
REV0016730_IMG03,REV0016730,B08M68CCGG,https://images-na.ssl-images-amazon.com/images/I/81sWNDnUD+L._SL1600_.jpg
REV0016755_IMG01,REV0016755,B07Z67ZCSD,https://images-na.ssl-images-amazon.com/images/I/7129+MrNO1L.jpg
REV0016755_IMG02,REV0016755,B07Z67ZCSD,https://images-na.ssl-images-amazon.com/images/I/71ofweaMWYL.jpg
REV0016763_IMG01,REV0016763,B07WTXWC32,https://images-na.ssl-images-amazon.com/images/I/71aRuaotPvL._SL1600_.jpg
REV0016869_IMG01,REV0016869,B095VV4FRP,https://m.media-amazon.com/images/I/C13d3pxCBVS._SL1600_.jpg
REV0016879_IMG01,REV0016879,B00ECX038A,https://images-na.ssl-images-amazon.com/images/I/613058sY0zL.jpg
REV0016879_IMG02,REV0016879,B00ECX038A,https://images-na.ssl-images-amazon.com/images/I/61bL1j3c05L.jpg
REV0016879_IMG03,REV0016879,B00ECX038A,https://images-na.ssl-images-amazon.com/images/I/61qIiHwLayL.jpg
REV0016880_IMG01,REV0016880,B0B9CCJTDF,https://images-na.ssl-images-amazon.com/images/I/A1Shk6u6sIL._SL1600_.jpg
REV0016902_IMG01,REV0016902,B095HNGB3D,https://m.media-amazon.com/images/I/51wwMKHgSLL._SL1600_.jpg
REV0016902_IMG02,REV0016902,B095HNGB3D,https://m.media-amazon.com/images/I/61HYhfbolXL._SL1600_.jpg
REV0016902_IMG03,REV0016902,B095HNGB3D,https://m.media-amazon.com/images/I/71EhHBgAJ8L._SL1600_.jpg
REV0016923_IMG01,REV0016923,B07MY2GRGJ,https://images-na.ssl-images-amazon.com/images/I/81+XeXYwT1L._SL1600_.jpg
REV0016923_IMG02,REV0016923,B07MY2GRGJ,https://images-na.ssl-images-amazon.com/images/I/81-xNlQ3WML._SL1600_.jpg
REV0016934_IMG01,REV0016934,B08DL7XGBR,https://images-na.ssl-images-amazon.com/images/I/A1mSvw+u6QL._SL1600_.jpg
REV0016980_IMG01,REV0016980,B08DKRTQT3,https://m.media-amazon.com/images/I/71b33MM7oCL._SL1600_.jpg
REV0016980_IMG02,REV0016980,B08DKRTQT3,https://m.media-amazon.com/images/I/71bmiBqPqOL._SL1600_.jpg
REV0017003_IMG01,REV0017003,B0BLWBQ97G,https://m.media-amazon.com/images/I/61WhCzg95TL._SL1600_.jpg
REV0017009_IMG01,REV0017009,B08B132TYV,https://images-na.ssl-images-amazon.com/images/I/71NDa1EbfML._SL1600_.jpg
REV0017009_IMG02,REV0017009,B08B132TYV,https://images-na.ssl-images-amazon.com/images/I/71YvWx87fXL._SL1600_.jpg
REV0017029_IMG01,REV0017029,B06XR8WW52,https://m.media-amazon.com/images/I/710gev59s8L._SL1600_.jpg
REV0017029_IMG02,REV0017029,B06XR8WW52,https://m.media-amazon.com/images/I/71EvY9SeE8L._SL1600_.jpg
REV0017029_IMG03,REV0017029,B06XR8WW52,https://m.media-amazon.com/images/I/81NnZMl4JlL._SL1600_.jpg
REV0017041_IMG01,REV0017041,B00DM8K30Y,https://images-na.ssl-images-amazon.com/images/I/71jP1S2josL.jpg
REV0017041_IMG02,REV0017041,B00DM8K30Y,https://images-na.ssl-images-amazon.com/images/I/81x8DEqTn7L.jpg
REV0017048_IMG01,REV0017048,B002M3B8CW,https://images-na.ssl-images-amazon.com/images/I/81U51Krbz7L.jpg
REV0017060_IMG01,REV0017060,B08FDD8GZN,https://images-na.ssl-images-amazon.com/images/I/71hm6bRgX6L._SL1600_.jpg
REV0017089_IMG01,REV0017089,B07Q34QCTJ,https://m.media-amazon.com/images/I/51EVfmn65vL._SL1600_.jpg
REV0017089_IMG02,REV0017089,B07Q34QCTJ,https://m.media-amazon.com/images/I/617qUnvp1UL._SL1600_.jpg
REV0017089_IMG03,REV0017089,B07Q34QCTJ,https://m.media-amazon.com/images/I/61T0OmQmHUL._SL1600_.jpg
REV0017089_IMG04,REV0017089,B07Q34QCTJ,https://m.media-amazon.com/images/I/61saXWPL69L._SL1600_.jpg
REV0017112_IMG01,REV0017112,B0C36XXTMG,https://images-na.ssl-images-amazon.com/images/I/6189f09z8OL._SL1600_.jpg
REV0017139_IMG01,REV0017139,B0C36XXTMG,https://m.media-amazon.com/images/I/71RoW4ACVBL._SL1600_.jpg
REV0017158_IMG01,REV0017158,B09W8W65XY,https://images-na.ssl-images-amazon.com/images/I/71igMNQzUwL.jpg
REV0017174_IMG01,REV0017174,B07LG8QYFW,https://images-na.ssl-images-amazon.com/images/I/81geuZChlPL.jpg
REV0017177_IMG01,REV0017177,B07SVCR8K4,https://images-na.ssl-images-amazon.com/images/I/718gsRu2nkL._SL1600_.jpg
REV0017214_IMG01,REV0017214,B08BL1TMCK,https://images-na.ssl-images-amazon.com/images/I/81M-IYs0xYL._SL1600_.jpg
REV0017216_IMG01,REV0017216,B0C4422Q8X,https://m.media-amazon.com/images/I/71W8lH45OUL._SL1600_.jpg
REV0017228_IMG01,REV0017228,B00B4YASX0,https://images-na.ssl-images-amazon.com/images/I/61+rFUse8XL.jpg
REV0017236_IMG01,REV0017236,B09YC8YCV6,https://m.media-amazon.com/images/I/61cYkyguk8L._SL1600_.jpg
REV0017258_IMG01,REV0017258,B07CZXNBVH,https://images-na.ssl-images-amazon.com/images/I/717QoWpWUDL.jpg
REV0017258_IMG02,REV0017258,B07CZXNBVH,https://images-na.ssl-images-amazon.com/images/I/71MVPXhdOeL.jpg
REV0017259_IMG01,REV0017259,B07PNGRGNM,https://images-na.ssl-images-amazon.com/images/I/51gJ7kaq7jL._SL1600_.jpg
REV0017279_IMG01,REV0017279,B0C9TTZW3K,https://m.media-amazon.com/images/I/61EhInYpuRL._SL1600_.jpg
REV0017349_IMG01,REV0017349,B0B7BJZ4LX,https://m.media-amazon.com/images/I/71BLZ3-691L._SL1600_.jpg
REV0017349_IMG02,REV0017349,B0B7BJZ4LX,https://m.media-amazon.com/images/I/71n3CkEMe4L._SL1600_.jpg
REV0017367_IMG01,REV0017367,B07NNKP8SL,https://images-na.ssl-images-amazon.com/images/I/411Rp+J4LmL._SL1600_.jpg
REV0017367_IMG02,REV0017367,B07NNKP8SL,https://images-na.ssl-images-amazon.com/images/I/41sJTcPKj+L._SL1600_.jpg
REV0017367_IMG03,REV0017367,B07NNKP8SL,https://images-na.ssl-images-amazon.com/images/I/41y5dVUv0BL._SL1600_.jpg
REV0017386_IMG01,REV0017386,B0BDKBYN2L,https://m.media-amazon.com/images/I/61bgOP72ZrL._SL1600_.jpg
REV0017408_IMG01,REV0017408,B07VPSFKGM,https://images-na.ssl-images-amazon.com/images/I/81JLYEx9piL.jpg
REV0017421_IMG01,REV0017421,B017KWXZJI,https://images-na.ssl-images-amazon.com/images/I/61MO59Su13L.jpg
REV0017431_IMG01,REV0017431,B0B9NCB4KS,https://m.media-amazon.com/images/I/71WpceUPVNL._SL1600_.jpg
REV0017434_IMG01,REV0017434,B00MOCKG10,https://images-na.ssl-images-amazon.com/images/I/71YBQc7od6L.jpg
REV0017456_IMG01,REV0017456,B07WTXWC32,https://images-na.ssl-images-amazon.com/images/I/71Nvvefh8FL._SL1600_.jpg
REV0017461_IMG01,REV0017461,B06XP8WLFS,https://images-na.ssl-images-amazon.com/images/I/71M-Nf9B+IL._SL1600_.jpg
REV0017461_IMG02,REV0017461,B06XP8WLFS,https://images-na.ssl-images-amazon.com/images/I/71OhpNMsjfL._SL1600_.jpg
REV0017461_IMG03,REV0017461,B06XP8WLFS,https://images-na.ssl-images-amazon.com/images/I/81optk54+QL._SL1600_.jpg
REV0017465_IMG01,REV0017465,B0C94VM8NS,https://m.media-amazon.com/images/I/61AgF0WlPEL._SL1600_.jpg
REV0017494_IMG01,REV0017494,B0B1D98L2T,https://m.media-amazon.com/images/I/610Q9J9qmeL._SL1600_.jpg
REV0017494_IMG02,REV0017494,B0B1D98L2T,https://m.media-amazon.com/images/I/61i5sKXLtYL._SL1600_.jpg
REV0017494_IMG03,REV0017494,B0B1D98L2T,https://m.media-amazon.com/images/I/714Outw0cxL._SL1600_.jpg
REV0017498_IMG01,REV0017498,B0BTBTK796,https://images-na.ssl-images-amazon.com/images/I/81fuwarddXL._SL1600_.jpg
REV0017509_IMG01,REV0017509,B0C8J6NNBT,https://images-na.ssl-images-amazon.com/images/I/713bb5T-gRL._SL1600_.jpg
REV0017509_IMG02,REV0017509,B0C8J6NNBT,https://images-na.ssl-images-amazon.com/images/I/71ljp9WO7kL._SL1600_.jpg
REV0017558_IMG01,REV0017558,B08F3K9X1X,https://images-na.ssl-images-amazon.com/images/I/714R92O0RtL.jpg
REV0017558_IMG02,REV0017558,B08F3K9X1X,https://m.media-amazon.com/images/I/71gPqz7B2NL._SL1600_.jpg
REV0017563_IMG01,REV0017563,B0C5HTFGNF,https://m.media-amazon.com/images/I/61+3stLrlqL._SL1600_.jpg
REV0017563_IMG02,REV0017563,B0C5HTFGNF,https://m.media-amazon.com/images/I/61EWHh8CNHL._SL1600_.jpg
REV0017563_IMG03,REV0017563,B0C5HTFGNF,https://m.media-amazon.com/images/I/61PCYyYmr9L._SL1600_.jpg
REV0017578_IMG01,REV0017578,B0C89QS897,https://m.media-amazon.com/images/I/61TCGaQFDBL._SL1600_.jpg
REV0017602_IMG01,REV0017602,B07QC7JRDP,https://images-na.ssl-images-amazon.com/images/I/A1L7sQIP5bL._SL1600_.jpg
REV0017660_IMG01,REV0017660,B089YC6672,https://m.media-amazon.com/images/I/71ipInD8A8L._SL1600_.jpg
REV0017663_IMG01,REV0017663,B014LOFZTQ,https://images-na.ssl-images-amazon.com/images/I/718uUJrk1JL.jpg
REV0017663_IMG02,REV0017663,B014LOFZTQ,https://images-na.ssl-images-amazon.com/images/I/71ksESzx6ML.jpg
REV0017663_IMG03,REV0017663,B014LOFZTQ,https://images-na.ssl-images-amazon.com/images/I/81j5lTKXTYL.jpg
REV0017671_IMG01,REV0017671,B0737B6HGR,https://images-na.ssl-images-amazon.com/images/I/61KRNc7w-jL.jpg
REV0017671_IMG02,REV0017671,B0737B6HGR,https://images-na.ssl-images-amazon.com/images/I/61hAouPtb9L.jpg
REV0017671_IMG03,REV0017671,B0737B6HGR,https://images-na.ssl-images-amazon.com/images/I/61pKfmy4tqL.jpg
REV0017671_IMG04,REV0017671,B0737B6HGR,https://images-na.ssl-images-amazon.com/images/I/71i1xe5544L.jpg
REV0017706_IMG01,REV0017706,B019YI23SU,https://images-na.ssl-images-amazon.com/images/I/71deSNYcrOL.jpg
REV0017729_IMG01,REV0017729,B00MGMXLTM,https://images-na.ssl-images-amazon.com/images/I/71PjRVjqxBL.jpg
REV0017743_IMG01,REV0017743,B087PJ2392,https://images-na.ssl-images-amazon.com/images/I/B1WN+xD8Q9S._SL1600_.jpg
REV0017749_IMG01,REV0017749,B07BVM2GS7,https://images-na.ssl-images-amazon.com/images/I/61TmpPlhJtL._SL1600_.jpg
REV0017816_IMG01,REV0017816,B08BCSZM43,https://images-na.ssl-images-amazon.com/images/I/91Z7Xi7loVL._SL1600_.jpg
REV0017816_IMG02,REV0017816,B08BCSZM43,https://images-na.ssl-images-amazon.com/images/I/A1UAsmBJalL._SL1600_.jpg
REV0017816_IMG03,REV0017816,B08BCSZM43,https://images-na.ssl-images-amazon.com/images/I/A1sZL4NCxDL._SL1600_.jpg
REV0017816_IMG04,REV0017816,B08BCSZM43,https://images-na.ssl-images-amazon.com/images/I/A1yJoGf9wOL._SL1600_.jpg
REV0017826_IMG01,REV0017826,B07JHBPYKZ,https://images-na.ssl-images-amazon.com/images/I/71BxWhaTx7L._SL1600_.jpg
REV0017837_IMG01,REV0017837,B0C6LLK2TC,https://m.media-amazon.com/images/I/51Bid7i5reL._SL1600_.jpg
REV0017842_IMG01,REV0017842,B0C33X58J7,https://m.media-amazon.com/images/I/61TeVd23l8L._SL1600_.jpg
REV0017842_IMG02,REV0017842,B0C33X58J7,https://m.media-amazon.com/images/I/715ZMc0rhPL._SL1600_.jpg
REV0017849_IMG01,REV0017849,B01D2OF7YO,https://images-na.ssl-images-amazon.com/images/I/61F98S0yjUL.jpg
REV0017857_IMG01,REV0017857,B0C5DBKGTB,https://m.media-amazon.com/images/I/81q3iOC198L._SL1600_.jpg
REV0017889_IMG01,REV0017889,B078BL25P3,https://images-na.ssl-images-amazon.com/images/I/81eTvWB8CeL.jpg
REV0017921_IMG01,REV0017921,B0BGCHX9VP,https://m.media-amazon.com/images/I/61AHn3nAmVL._SL1600_.jpg
REV0017998_IMG01,REV0017998,B0BGTBHC7P,https://m.media-amazon.com/images/I/71fPcf35ZgL._SL1600_.jpg
REV0018028_IMG01,REV0018028,B0899K884D,https://images-na.ssl-images-amazon.com/images/I/81JmvJjrURL._SL1600_.jpg
REV0018028_IMG02,REV0018028,B0899K884D,https://images-na.ssl-images-amazon.com/images/I/81xTIwTmp4L._SL1600_.jpg
REV0018062_IMG01,REV0018062,B003BNZ954,https://m.media-amazon.com/images/I/71EfBQmHviL._SL1600_.jpg
REV0018073_IMG01,REV0018073,B0B2LC17LL,https://m.media-amazon.com/images/I/71meQ6MCs6L._SL1600_.jpg
REV0018073_IMG02,REV0018073,B0B2LC17LL,https://m.media-amazon.com/images/I/71qJvSM5bqL._SL1600_.jpg
REV0018087_IMG01,REV0018087,B083PWDFTS,https://m.media-amazon.com/images/I/71ZaLaUDrtL._SL1600_.jpg
REV0018108_IMG01,REV0018108,B08PCWTT4X,https://images-na.ssl-images-amazon.com/images/I/710HbKd7HWL._SL1600_.jpg
REV0018117_IMG01,REV0018117,B07RNJY499,https://images-na.ssl-images-amazon.com/images/I/719riZeQcsL.jpg
REV0018117_IMG02,REV0018117,B07RNJY499,https://images-na.ssl-images-amazon.com/images/I/71Lqqz361GL.jpg
REV0018123_IMG01,REV0018123,B0CBS9VSJJ,https://m.media-amazon.com/images/I/41erv-ZIdzL._SL1600_.jpg
REV0018123_IMG02,REV0018123,B0CBS9VSJJ,https://m.media-amazon.com/images/I/5124V3UOVNL._SL1600_.jpg
REV0018143_IMG01,REV0018143,B00DM8L056,https://images-na.ssl-images-amazon.com/images/I/81PVOnBC6kL.jpg
REV0018143_IMG02,REV0018143,B00DM8L056,https://images-na.ssl-images-amazon.com/images/I/81aK1kTcnvL.jpg
REV0018147_IMG01,REV0018147,B092JK196F,https://m.media-amazon.com/images/I/C1RdIcaV4SS._SL1600_.jpg
REV0018150_IMG01,REV0018150,B00LWB1VRC,https://images-na.ssl-images-amazon.com/images/I/61B4VzgyDlL.jpg
REV0018180_IMG01,REV0018180,B07HVSR8RF,https://images-na.ssl-images-amazon.com/images/I/81BIcPklaVL._SL1600_.jpg
REV0018195_IMG01,REV0018195,B01H5PB5RE,https://images-na.ssl-images-amazon.com/images/I/81qzut5E0pL._SL1600_.jpg
REV0018258_IMG01,REV0018258,B0BHVBRK6H,https://m.media-amazon.com/images/I/71XrPv4VlTL._SL1600_.jpg
REV0018273_IMG01,REV0018273,B00E58P6WU,https://m.media-amazon.com/images/I/712m82dLJ7L._SL1600_.jpg
REV0018273_IMG02,REV0018273,B00E58P6WU,https://m.media-amazon.com/images/I/71DpxUJW9LL._SL1600_.jpg
REV0018273_IMG03,REV0018273,B00E58P6WU,https://m.media-amazon.com/images/I/81qUYFBA7pL._SL1600_.jpg
REV0018278_IMG01,REV0018278,B073BLHCND,https://images-na.ssl-images-amazon.com/images/I/71+l6S9Ni9L.jpg
REV0018278_IMG02,REV0018278,B073BLHCND,https://images-na.ssl-images-amazon.com/images/I/71C7nCYrVAL.jpg
REV0018278_IMG03,REV0018278,B073BLHCND,https://images-na.ssl-images-amazon.com/images/I/71Gymwawa5L.jpg
REV0018278_IMG04,REV0018278,B073BLHCND,https://images-na.ssl-images-amazon.com/images/I/71JJxMl-yJL.jpg
REV0018278_IMG05,REV0018278,B073BLHCND,https://images-na.ssl-images-amazon.com/images/I/71JMsIEDIsL.jpg
REV0018280_IMG01,REV0018280,B0B69D699Q,https://images-na.ssl-images-amazon.com/images/I/71kuDq8HPUL.jpg
REV0018284_IMG01,REV0018284,B0C6Q877R9,https://images-na.ssl-images-amazon.com/images/I/71AZ6IV+oTL._SL1600_.jpg
REV0018284_IMG02,REV0018284,B0C6Q877R9,https://images-na.ssl-images-amazon.com/images/I/71X4fTVsxQL.jpg
REV0018284_IMG03,REV0018284,B0C6Q877R9,https://images-na.ssl-images-amazon.com/images/I/71Z2W8vCt3L.jpg
REV0018308_IMG01,REV0018308,B00MOCKG10,https://m.media-amazon.com/images/I/71vMrCN524L._SL1600_.jpg
REV0018320_IMG01,REV0018320,B09V7Y1PZ8,https://images-na.ssl-images-amazon.com/images/I/A1HbL+MAJ8L._SL1600_.jpg
REV0018327_IMG01,REV0018327,B01ALBMIEI,https://images-na.ssl-images-amazon.com/images/I/71TgHdig2CL.jpg
REV0018327_IMG02,REV0018327,B01ALBMIEI,https://images-na.ssl-images-amazon.com/images/I/71YvtWyuuRL.jpg
REV0018336_IMG01,REV0018336,B0BKWC5LL4,https://m.media-amazon.com/images/I/71OalI0cxfL._SL1600_.jpg
REV0018336_IMG02,REV0018336,B0BKWC5LL4,https://m.media-amazon.com/images/I/81YEznCc+YL._SL1600_.jpg
REV0018340_IMG01,REV0018340,B01ALBMIEI,https://images-na.ssl-images-amazon.com/images/I/61o1uuFVSiL.jpg
REV0018340_IMG02,REV0018340,B01ALBMIEI,https://images-na.ssl-images-amazon.com/images/I/71bTATS0plL.jpg
REV0018361_IMG01,REV0018361,B096364PDC,https://m.media-amazon.com/images/I/81MAdyRpLjL._SL1600_.jpg
REV0018365_IMG01,REV0018365,B009K2BBQG,https://images-na.ssl-images-amazon.com/images/I/61sY5BB-GSL._SL1600_.jpg
REV0018365_IMG02,REV0018365,B009K2BBQG,https://images-na.ssl-images-amazon.com/images/I/61y4l1VwcFL._SL1600_.jpg
REV0018402_IMG01,REV0018402,B081K4Q6KQ,https://images-na.ssl-images-amazon.com/images/I/B14u2fVXGYS._SL1600_.jpg
REV0018402_IMG02,REV0018402,B081K4Q6KQ,https://images-na.ssl-images-amazon.com/images/I/C1jKXL0MS4S._SL1600_.jpg
REV0018406_IMG01,REV0018406,B08SNMGB8X,https://m.media-amazon.com/images/I/A11B1N9MvWL._SL1600_.jpg
REV0018406_IMG02,REV0018406,B08SNMGB8X,https://m.media-amazon.com/images/I/A11gHQVq4pL._SL1600_.jpg
REV0018406_IMG03,REV0018406,B08SNMGB8X,https://m.media-amazon.com/images/I/A1NCvmybO8L._SL1600_.jpg
REV0018406_IMG04,REV0018406,B08SNMGB8X,https://m.media-amazon.com/images/I/B1+eHzSBadS._SL1600_.jpg
REV0018406_IMG05,REV0018406,B08SNMGB8X,https://m.media-amazon.com/images/I/B1tSi734W-S._SL1600_.jpg
REV0018473_IMG01,REV0018473,B07SF4Y6D9,https://images-na.ssl-images-amazon.com/images/I/71BUhlttQML.jpg
REV0018473_IMG02,REV0018473,B07SF4Y6D9,https://images-na.ssl-images-amazon.com/images/I/91Q0SxoTpcL._SL1600_.jpg
REV0018476_IMG01,REV0018476,B08BPDTL1H,https://images-na.ssl-images-amazon.com/images/I/91JhRnXPR9L._SL1600_.jpg
REV0018498_IMG01,REV0018498,B08PCWTT4X,https://images-na.ssl-images-amazon.com/images/I/61F1dcrm2jL.jpg
REV0018498_IMG02,REV0018498,B08PCWTT4X,https://images-na.ssl-images-amazon.com/images/I/71LdITisebL.jpg
REV0018580_IMG01,REV0018580,B019UAA4HY,https://m.media-amazon.com/images/I/61K4BvZJ9xL._SL1600_.jpg
REV0018580_IMG02,REV0018580,B019UAA4HY,https://m.media-amazon.com/images/I/61M2d355pvL._SL1600_.jpg
REV0018580_IMG03,REV0018580,B019UAA4HY,https://m.media-amazon.com/images/I/61oIH5vigXL._SL1600_.jpg
REV0018580_IMG04,REV0018580,B019UAA4HY,https://m.media-amazon.com/images/I/61p6YUb703L._SL1600_.jpg
REV0018580_IMG05,REV0018580,B019UAA4HY,https://m.media-amazon.com/images/I/71Yef3RqJgL._SL1600_.jpg
REV0018599_IMG01,REV0018599,B0C4LRKXNV,https://images-na.ssl-images-amazon.com/images/I/61MfpoUUeCL.jpg
REV0018605_IMG01,REV0018605,B079VRJTM6,https://images-na.ssl-images-amazon.com/images/I/61FUOtdMruL._SL1600_.jpg
REV0018657_IMG01,REV0018657,B09133YZL4,https://m.media-amazon.com/images/I/71krFFdh-mL._SL1600_.jpg
REV0018695_IMG01,REV0018695,B09M45QYY1,https://m.media-amazon.com/images/I/819UF7nxPbL._SL1600_.jpg
REV0018695_IMG02,REV0018695,B09M45QYY1,https://m.media-amazon.com/images/I/81K2LlJU7OL._SL1600_.jpg
REV0018695_IMG03,REV0018695,B09M45QYY1,https://m.media-amazon.com/images/I/81X3OVHo4WL._SL1600_.jpg
REV0018697_IMG01,REV0018697,B074R7GK8V,https://images-na.ssl-images-amazon.com/images/I/619-6M84LXL._SL1600_.jpg
REV0018697_IMG02,REV0018697,B074R7GK8V,https://images-na.ssl-images-amazon.com/images/I/61beA-KMKTL._SL1600_.jpg
REV0018702_IMG01,REV0018702,B0B6Y2D91L,https://images-na.ssl-images-amazon.com/images/I/71mE4G7vxzL.jpg
REV0018705_IMG01,REV0018705,B08W8JJKGN,https://images-na.ssl-images-amazon.com/images/I/C1at-ifeJmS._SL1600_.jpg
REV0018705_IMG02,REV0018705,B08W8JJKGN,https://images-na.ssl-images-amazon.com/images/I/C1xfe9vPd3S._SL1600_.jpg
REV0018713_IMG01,REV0018713,B08FDB6W59,https://m.media-amazon.com/images/I/914P9SzHktL._SL1600_.jpg
REV0018716_IMG01,REV0018716,B0BTBTK796,https://images-na.ssl-images-amazon.com/images/I/61fI-V7ZWkL._SL1600_.jpg
REV0018760_IMG01,REV0018760,B081K4Q6KQ,https://m.media-amazon.com/images/I/61AZNhvwxiL._SL1600_.jpg
REV0018760_IMG02,REV0018760,B081K4Q6KQ,https://m.media-amazon.com/images/I/61Nv3qBpXLL._SL1600_.jpg
REV0018789_IMG01,REV0018789,B00INXG9MY,https://images-na.ssl-images-amazon.com/images/I/31V25yFQRyL._SL1600_.jpg
REV0018789_IMG02,REV0018789,B00INXG9MY,https://images-na.ssl-images-amazon.com/images/I/31bUYDhVNCL._SL1600_.jpg
REV0018811_IMG01,REV0018811,B0B1TMRL83,https://m.media-amazon.com/images/I/61g8qeHnkML._SL1600_.jpg
REV0018811_IMG02,REV0018811,B0B1TMRL83,https://m.media-amazon.com/images/I/61kwQOz2qsL._SL1600_.jpg
REV0018811_IMG03,REV0018811,B0B1TMRL83,https://m.media-amazon.com/images/I/71t4TGCpK7L._SL1600_.jpg
REV0018834_IMG01,REV0018834,B0BPFM7JSG,https://images-na.ssl-images-amazon.com/images/I/91BNSLIarEL._SL1600_.jpg
REV0018834_IMG02,REV0018834,B0BPFM7JSG,https://images-na.ssl-images-amazon.com/images/I/91x5+V9WCPL._SL1600_.jpg
REV0018834_IMG03,REV0018834,B0BPFM7JSG,https://images-na.ssl-images-amazon.com/images/I/91xmlsXWfgL._SL1600_.jpg
REV0018834_IMG04,REV0018834,B0BPFM7JSG,https://images-na.ssl-images-amazon.com/images/I/A13mb5iFOnL._SL1600_.jpg
REV0018840_IMG01,REV0018840,B086L7WS44,https://images-na.ssl-images-amazon.com/images/I/B1Tw7JbAx-S._SL1600_.jpg
REV0018868_IMG01,REV0018868,B07QFR6J5J,https://images-na.ssl-images-amazon.com/images/I/61Bz2pR6ukL.jpg
REV0018868_IMG02,REV0018868,B07QFR6J5J,https://images-na.ssl-images-amazon.com/images/I/61wl1Ur2+sL.jpg
REV0018879_IMG01,REV0018879,B01KR6OITA,https://images-na.ssl-images-amazon.com/images/I/71dqFqaynoL.jpg
REV0018879_IMG02,REV0018879,B01KR6OITA,https://images-na.ssl-images-amazon.com/images/I/71gYguLXHoL.jpg
REV0018895_IMG01,REV0018895,B0B2LC17LL,https://images-na.ssl-images-amazon.com/images/I/61BTW8E5VbL._SL1600_.jpg
REV0018895_IMG02,REV0018895,B0B2LC17LL,https://images-na.ssl-images-amazon.com/images/I/61cFuVUY7DL._SL1600_.jpg
REV0018895_IMG03,REV0018895,B0B2LC17LL,https://images-na.ssl-images-amazon.com/images/I/61yHbmiAZsL._SL1600_.jpg
REV0018938_IMG01,REV0018938,B075F6L3VW,https://images-na.ssl-images-amazon.com/images/I/81TsGcXwhcL._SL1600_.jpg
REV0018964_IMG01,REV0018964,B07WTXWC32,https://images-na.ssl-images-amazon.com/images/I/71NBTpCuvpL.jpg
REV0018992_IMG01,REV0018992,B082MV8XGC,https://images-na.ssl-images-amazon.com/images/I/811vahLP8sL._SL1600_.jpg
REV0018992_IMG02,REV0018992,B082MV8XGC,https://images-na.ssl-images-amazon.com/images/I/81Zsm0+U8lL._SL1600_.jpg
REV0019005_IMG01,REV0019005,B09RT3FLV3,https://m.media-amazon.com/images/I/B1E5OIQ3bVS._SL1600_.jpg
REV0019053_IMG01,REV0019053,B0C9DPRT35,https://images-na.ssl-images-amazon.com/images/I/21p7cE7S2YL._SL1600_.jpg
REV0019070_IMG01,REV0019070,B08V5JRDQJ,https://images-na.ssl-images-amazon.com/images/I/810cSsdd6iL._SL1600_.jpg
REV0019114_IMG01,REV0019114,B09T88DR2M,https://m.media-amazon.com/images/I/71TApO78bZL._SL1600_.jpg
REV0019117_IMG01,REV0019117,B081K4Q6KQ,https://m.media-amazon.com/images/I/71vuo+NxA-L._SL1600_.jpg
REV0019124_IMG01,REV0019124,B001KGX5G4,https://m.media-amazon.com/images/I/7125F8IDbtL._SL1600_.jpg
REV0019206_IMG01,REV0019206,B07D7JR5Q5,https://images-na.ssl-images-amazon.com/images/I/71GvnQlYbEL._SL1600_.jpg
REV0019215_IMG01,REV0019215,B09MF4RRYZ,https://m.media-amazon.com/images/I/61Q2KGEsKXL._SL1600_.jpg
REV0019222_IMG01,REV0019222,B07CYNWTXK,https://images-na.ssl-images-amazon.com/images/I/71Is-VLHGFL._SL1600_.jpg
REV0019222_IMG02,REV0019222,B07CYNWTXK,https://images-na.ssl-images-amazon.com/images/I/71M8MivgFWL._SL1600_.jpg
REV0019230_IMG01,REV0019230,B007KDZ6WC,https://images-na.ssl-images-amazon.com/images/I/710HsLj1eZL.jpg
REV0019295_IMG01,REV0019295,B08CW52TWQ,https://m.media-amazon.com/images/I/61w9Ig5dS0L._SL1600_.jpg
REV0019300_IMG01,REV0019300,B0081N3YW4,https://images-na.ssl-images-amazon.com/images/I/41fADn6D3DL._SL1600_.jpg
REV0019300_IMG02,REV0019300,B0081N3YW4,https://images-na.ssl-images-amazon.com/images/I/41xKRntKTLL._SL1600_.jpg
REV0019300_IMG03,REV0019300,B0081N3YW4,https://images-na.ssl-images-amazon.com/images/I/51Hr1xzEO4L._SL1600_.jpg
REV0019407_IMG01,REV0019407,B00ECX09KC,https://images-na.ssl-images-amazon.com/images/I/716TiBVTCUL.jpg
REV0019453_IMG01,REV0019453,B08M5THBY4,https://m.media-amazon.com/images/I/61STfVZJ7rL._SL1600_.jpg
REV0019453_IMG02,REV0019453,B08M5THBY4,https://m.media-amazon.com/images/I/816C3ygquqL._SL1600_.jpg
REV0019503_IMG01,REV0019503,B07QC7JRDP,https://images-na.ssl-images-amazon.com/images/I/71kPFItbVPL._SL1600_.jpg
REV0019578_IMG01,REV0019578,B01KR7DYHQ,https://images-na.ssl-images-amazon.com/images/I/61k33zDH-DL._SL1600_.jpg
REV0019578_IMG02,REV0019578,B01KR7DYHQ,https://images-na.ssl-images-amazon.com/images/I/61zd+BVXprL._SL1600_.jpg
REV0019579_IMG01,REV0019579,B07TP6LVSC,https://m.media-amazon.com/images/I/71dvPX-3leL._SL1600_.jpg
REV0019579_IMG02,REV0019579,B07TP6LVSC,https://m.media-amazon.com/images/I/71wDXua34fL._SL1600_.jpg
REV0019591_IMG01,REV0019591,B08ZH72Z98,https://m.media-amazon.com/images/I/71mSaGs-bhL._SL1600_.jpg
REV0019632_IMG01,REV0019632,B01N6PLGIR,https://images-na.ssl-images-amazon.com/images/I/611E3qPFJ2L.jpg
REV0019632_IMG02,REV0019632,B01N6PLGIR,https://images-na.ssl-images-amazon.com/images/I/71lkcdrcutL.jpg
REV0019639_IMG01,REV0019639,B07NVD3PL3,https://m.media-amazon.com/images/I/81Fv5DlEiAL._SL1600_.jpg
REV0019670_IMG01,REV0019670,B07SQ8KGRQ,https://m.media-amazon.com/images/I/619xwJ7178L._SL1600_.jpg
REV0019675_IMG01,REV0019675,B0857554XT,https://images-na.ssl-images-amazon.com/images/I/71YpLUAH66L.jpg
REV0019686_IMG01,REV0019686,B0BGTBHC7P,https://images-na.ssl-images-amazon.com/images/I/71C5guNPM+L.jpg
REV0019687_IMG01,REV0019687,B07GQ64CYD,https://m.media-amazon.com/images/I/71-XQfBaDML._SL1600_.jpg
REV0019687_IMG02,REV0019687,B07GQ64CYD,https://m.media-amazon.com/images/I/711lzl2gT1L._SL1600_.jpg
REV0019708_IMG01,REV0019708,B08CGST7RC,https://images-na.ssl-images-amazon.com/images/I/71bPDmYkXPL._SL1600_.jpg
REV0019708_IMG02,REV0019708,B08CGST7RC,https://images-na.ssl-images-amazon.com/images/I/81AXyWJoOwL._SL1600_.jpg
REV0019716_IMG01,REV0019716,B00D1X37KI,https://images-na.ssl-images-amazon.com/images/I/71VTL26ZkRL.jpg
REV0019725_IMG01,REV0019725,B019YI23SU,https://images-na.ssl-images-amazon.com/images/I/71YPBuTlpPL.jpg
REV0019726_IMG01,REV0019726,B0114XW80G,https://images-na.ssl-images-amazon.com/images/I/61+oHt-VudL._SL1600_.jpg
REV0019726_IMG02,REV0019726,B0114XW80G,https://images-na.ssl-images-amazon.com/images/I/61LcIhbh80L.jpg
REV0019726_IMG03,REV0019726,B0114XW80G,https://images-na.ssl-images-amazon.com/images/I/61eWNy9J3nL._SL1600_.jpg
REV0019726_IMG04,REV0019726,B0114XW80G,https://images-na.ssl-images-amazon.com/images/I/713o4yaTgHL.jpg
REV0019726_IMG05,REV0019726,B0114XW80G,https://images-na.ssl-images-amazon.com/images/I/71hxSATQx7L.jpg
REV0019726_IMG06,REV0019726,B0114XW80G,https://images-na.ssl-images-amazon.com/images/I/71l1DOWEtSL.jpg
REV0019732_IMG01,REV0019732,B00MN65EV4,https://images-na.ssl-images-amazon.com/images/I/71cvlO1C84L.jpg
REV0019760_IMG01,REV0019760,B07KF1P138,https://m.media-amazon.com/images/I/71bZY+EkpnL._SL1600_.jpg
REV0019787_IMG01,REV0019787,B00G5N1A3M,https://m.media-amazon.com/images/I/61fjZrfgUQL._SL1600_.jpg
REV0019787_IMG02,REV0019787,B00G5N1A3M,https://m.media-amazon.com/images/I/61oFAR67YkL._SL1600_.jpg
REV0019788_IMG01,REV0019788,B081DYTC1D,https://m.media-amazon.com/images/I/612xcOSPlhL._SL1600_.jpg
REV0019788_IMG02,REV0019788,B081DYTC1D,https://m.media-amazon.com/images/I/61jd+GVxVTL._SL1600_.jpg
REV0019804_IMG01,REV0019804,B0B9H5NZRD,https://images-na.ssl-images-amazon.com/images/I/61FPiS65-jL.jpg
REV0019804_IMG02,REV0019804,B0B9H5NZRD,https://images-na.ssl-images-amazon.com/images/I/71SfAM-0mWL.jpg
REV0019804_IMG03,REV0019804,B0B9H5NZRD,https://images-na.ssl-images-amazon.com/images/I/71i2mNvm1AL.jpg
REV0019804_IMG04,REV0019804,B0B9H5NZRD,https://images-na.ssl-images-amazon.com/images/I/71pKzwJarZL.jpg
REV0019835_IMG01,REV0019835,B07CYNWTXK,https://images-na.ssl-images-amazon.com/images/I/71ooFtYwY2L.jpg
REV0019841_IMG01,REV0019841,B0CCJ8JHY6,https://m.media-amazon.com/images/I/61+NR1HvnhL._SL1600_.jpg
REV0019841_IMG02,REV0019841,B0CCJ8JHY6,https://m.media-amazon.com/images/I/61M9wy5AMHL._SL1600_.jpg
REV0019841_IMG03,REV0019841,B0CCJ8JHY6,https://m.media-amazon.com/images/I/61t6-PHzZZL._SL1600_.jpg
REV0019841_IMG04,REV0019841,B0CCJ8JHY6,https://m.media-amazon.com/images/I/61yiRfyRtaL._SL1600_.jpg
REV0019900_IMG01,REV0019900,B00LQDDQLU,https://images-na.ssl-images-amazon.com/images/I/71Z2UCZXeZL.jpg
REV0019924_IMG01,REV0019924,B0B9NCB4KS,https://m.media-amazon.com/images/I/612FfUwItTL._SL1600_.jpg
REV0019952_IMG01,REV0019952,B0BHSQJ23S,https://m.media-amazon.com/images/I/51Wqi1gcgwL._SL1600_.jpg
REV0019964_IMG01,REV0019964,B079TCXJFJ,https://images-na.ssl-images-amazon.com/images/I/71MCMgw9U3L.jpg
REV0019977_IMG01,REV0019977,B08THJNXMT,https://m.media-amazon.com/images/I/71j6OKO9F2L._SL1600_.jpg
REV0019983_IMG01,REV0019983,B07Q9KKR6D,https://images-na.ssl-images-amazon.com/images/I/61-eMTnMfyL._SL1600_.jpg
REV0020005_IMG01,REV0020005,B07QC7JRDP,https://images-na.ssl-images-amazon.com/images/I/5193aQ3iSnL._SL1600_.jpg
REV0020039_IMG01,REV0020039,B09B9335PM,https://m.media-amazon.com/images/I/81W7gSROVbL._SL1600_.jpg
REV0020039_IMG02,REV0020039,B09B9335PM,https://m.media-amazon.com/images/I/81WBrjUacjL._SL1600_.jpg
REV0020050_IMG01,REV0020050,B07FNC3453,https://images-na.ssl-images-amazon.com/images/I/81X8vO0t56L._SL1600_.jpg
REV0020072_IMG01,REV0020072,B08MMJ8RM7,https://images-na.ssl-images-amazon.com/images/I/41nEeFscv-L._SL1600_.jpg
REV0020072_IMG02,REV0020072,B08MMJ8RM7,https://images-na.ssl-images-amazon.com/images/I/41nEeFscv-L._SL1600_.jpg
REV0020072_IMG03,REV0020072,B08MMJ8RM7,https://images-na.ssl-images-amazon.com/images/I/51EQC03PftL._SL1600_.jpg
REV0020072_IMG04,REV0020072,B08MMJ8RM7,https://images-na.ssl-images-amazon.com/images/I/51EQC03PftL._SL1600_.jpg
REV0020077_IMG01,REV0020077,B081K4Q6KQ,https://images-na.ssl-images-amazon.com/images/I/619cAWWzA6L._SL1600_.jpg
REV0020131_IMG01,REV0020131,B0C9J6J79Y,https://m.media-amazon.com/images/I/713UAAxm2XL._SL1600_.jpg
REV0020131_IMG02,REV0020131,B0C9J6J79Y,https://m.media-amazon.com/images/I/71LaKQJXtnL._SL1600_.jpg
REV0020131_IMG03,REV0020131,B0C9J6J79Y,https://m.media-amazon.com/images/I/81+R4lIxzOL._SL1600_.jpg
REV0020164_IMG01,REV0020164,B0BRN9S4QX,https://images-na.ssl-images-amazon.com/images/I/712bWFKU8oL._SL1600_.jpg
REV0020166_IMG01,REV0020166,B01FG7OLHY,https://images-na.ssl-images-amazon.com/images/I/612AoYWf+rL._SL1600_.jpg
REV0020198_IMG01,REV0020198,B0751KDVTP,https://images-na.ssl-images-amazon.com/images/I/71WICptvoML.jpg
REV0020204_IMG01,REV0020204,B07BVM2GS7,https://images-na.ssl-images-amazon.com/images/I/71uvW5DAu-L.jpg
REV0020235_IMG01,REV0020235,B06XP8WLFS,https://m.media-amazon.com/images/I/51RFrVszY-L._SL1600_.jpg
REV0020235_IMG02,REV0020235,B06XP8WLFS,https://m.media-amazon.com/images/I/61IwzsTzqXL._SL1600_.jpg
REV0020235_IMG03,REV0020235,B06XP8WLFS,https://m.media-amazon.com/images/I/71HgRlWEfeL._SL1600_.jpg
REV0020235_IMG04,REV0020235,B06XP8WLFS,https://m.media-amazon.com/images/I/71LF-jJUkxL._SL1600_.jpg
REV0020235_IMG05,REV0020235,B06XP8WLFS,https://m.media-amazon.com/images/I/71RkFDIIXhL._SL1600_.jpg
REV0020235_IMG06,REV0020235,B06XP8WLFS,https://m.media-amazon.com/images/I/71hGr6BWniL._SL1600_.jpg
REV0020235_IMG07,REV0020235,B06XP8WLFS,https://m.media-amazon.com/images/I/71uFx3tV78L._SL1600_.jpg
REV0020254_IMG01,REV0020254,B0C5F5TXZM,https://images-na.ssl-images-amazon.com/images/I/71GzeNGYQUL.jpg
REV0020279_IMG01,REV0020279,B08X9GYJLM,https://m.media-amazon.com/images/I/61lQRpv+VnL._SL1600_.jpg
REV0020279_IMG02,REV0020279,B08X9GYJLM,https://m.media-amazon.com/images/I/71J30-taYWL._SL1600_.jpg
REV0020279_IMG03,REV0020279,B08X9GYJLM,https://m.media-amazon.com/images/I/71Orz99OUJL._SL1600_.jpg
REV0020303_IMG01,REV0020303,B08YNL2SL4,https://m.media-amazon.com/images/I/71d9xWOpJsL._SL1600_.jpg
REV0020329_IMG01,REV0020329,B00L1JT4YM,https://images-na.ssl-images-amazon.com/images/I/71ASXjkVxvL.jpg
REV0020329_IMG02,REV0020329,B00L1JT4YM,https://images-na.ssl-images-amazon.com/images/I/71ASXjkVxvL.jpg
REV0020342_IMG01,REV0020342,B083G9PRCZ,https://images-na.ssl-images-amazon.com/images/I/91yvUG8J+gL._SL1600_.jpg
REV0020353_IMG01,REV0020353,B0BXSQN4HV,https://m.media-amazon.com/images/I/71H2+PgsF6L._SL1600_.jpg
REV0020353_IMG02,REV0020353,B0BXSQN4HV,https://m.media-amazon.com/images/I/71LY7x1ONxL._SL1600_.jpg
REV0020353_IMG03,REV0020353,B0BXSQN4HV,https://m.media-amazon.com/images/I/71RVJmHt3bL._SL1600_.jpg
REV0020353_IMG04,REV0020353,B0BXSQN4HV,https://m.media-amazon.com/images/I/71idSfogK0L._SL1600_.jpg
REV0020358_IMG01,REV0020358,B0BR5CBDXN,https://m.media-amazon.com/images/I/713RiztQFHL._SL1600_.jpg
REV0020358_IMG02,REV0020358,B0BR5CBDXN,https://m.media-amazon.com/images/I/71fDze1dg7L._SL1600_.jpg
REV0020382_IMG01,REV0020382,B078GJFXKH,https://images-na.ssl-images-amazon.com/images/I/619qa4YTEeL._SL1600_.jpg
REV0020382_IMG02,REV0020382,B078GJFXKH,https://images-na.ssl-images-amazon.com/images/I/61P9X2md3uL._SL1600_.jpg
REV0020382_IMG03,REV0020382,B078GJFXKH,https://images-na.ssl-images-amazon.com/images/I/61Xq6ooZziL._SL1600_.jpg
REV0020383_IMG01,REV0020383,B09ZXXB86H,https://m.media-amazon.com/images/I/41VKcQ9z6SL._SL1600_.jpg
REV0020441_IMG01,REV0020441,B07JHKLLCQ,https://images-na.ssl-images-amazon.com/images/I/91u2Ur0Fw0L.jpg
REV0020487_IMG01,REV0020487,B09YR1ZVSH,https://images-na.ssl-images-amazon.com/images/I/91ookKoaCOL._SL1600_.jpg
REV0020496_IMG01,REV0020496,B08RYRRYR1,https://m.media-amazon.com/images/I/61xTYA1s24L._SL1600_.jpg
REV0020517_IMG01,REV0020517,B08BRBDHC5,https://m.media-amazon.com/images/I/61+f93UZw4L._SL1600_.jpg
REV0020521_IMG01,REV0020521,B08JSQMD5C,https://m.media-amazon.com/images/I/C1+TOaAGxZS._SL1600_.jpg
REV0020521_IMG02,REV0020521,B08JSQMD5C,https://m.media-amazon.com/images/I/C1KMKwFgb8S._SL1600_.jpg
REV0020550_IMG01,REV0020550,B09DX5CCTL,https://images-na.ssl-images-amazon.com/images/I/81hF5UVRGyL.jpg
REV0020592_IMG01,REV0020592,B016V0OR42,https://m.media-amazon.com/images/I/61D8epdrN8L._SL1600_.jpg
REV0020592_IMG02,REV0020592,B016V0OR42,https://m.media-amazon.com/images/I/61ZIygf7U-L._SL1600_.jpg
REV0020605_IMG01,REV0020605,B0811Y6WW3,https://m.media-amazon.com/images/I/71RPeYGx4TL._SL1600_.jpg
REV0020619_IMG01,REV0020619,B01J664VSA,https://images-na.ssl-images-amazon.com/images/I/712ZRFrq-BL.jpg
REV0020676_IMG01,REV0020676,B07R4RHC4H,https://images-na.ssl-images-amazon.com/images/I/81xcap7t0FL.jpg
REV0020693_IMG01,REV0020693,B00XNIYR7I,https://images-na.ssl-images-amazon.com/images/I/41UCe4rCNvL._SL1600_.jpg
REV0020708_IMG01,REV0020708,B09LZ3TD7X,https://m.media-amazon.com/images/I/619bouSBGzL._SL1600_.jpg
REV0020708_IMG02,REV0020708,B09LZ3TD7X,https://m.media-amazon.com/images/I/71Ke2GNCwuL._SL1600_.jpg
REV0020709_IMG01,REV0020709,B0C4SLSSTP,https://m.media-amazon.com/images/I/61ZajPrP-mL._SL1600_.jpg
REV0020709_IMG02,REV0020709,B0C4SLSSTP,https://m.media-amazon.com/images/I/61r+arOSpZL._SL1600_.jpg
REV0020709_IMG03,REV0020709,B0C4SLSSTP,https://m.media-amazon.com/images/I/61riqUR45hL._SL1600_.jpg
REV0020739_IMG01,REV0020739,B0C5DBKGTB,https://images-na.ssl-images-amazon.com/images/I/91nDlc58LYL._SL1600_.jpg
REV0020745_IMG01,REV0020745,B08GLY6XL5,https://images-na.ssl-images-amazon.com/images/I/61aLSmF1-xL._SL1600_.jpg
REV0020747_IMG01,REV0020747,B015R04V34,https://m.media-amazon.com/images/I/51dLjaiMVpL._SL1600_.jpg
REV0020747_IMG02,REV0020747,B015R04V34,https://m.media-amazon.com/images/I/61NhqHsdXDL._SL1600_.jpg
REV0020768_IMG01,REV0020768,B01CP45U0I,https://images-na.ssl-images-amazon.com/images/I/51zu6VSAOVL._SL1600_.jpg
REV0020768_IMG02,REV0020768,B01CP45U0I,https://images-na.ssl-images-amazon.com/images/I/61FXVN4ixSL.jpg
REV0020768_IMG03,REV0020768,B01CP45U0I,https://images-na.ssl-images-amazon.com/images/I/61UAB5cpdUL.jpg
REV0020768_IMG04,REV0020768,B01CP45U0I,https://images-na.ssl-images-amazon.com/images/I/61YvDOr-D6L.jpg
REV0020804_IMG01,REV0020804,B0823J8KLG,https://m.media-amazon.com/images/I/612EIUgIRSL._SL1600_.jpg
REV0020815_IMG01,REV0020815,B09JY8YPTK,https://m.media-amazon.com/images/I/71XYoJW+ouL._SL1600_.jpg
REV0020822_IMG01,REV0020822,B00IYUL8CC,https://images-na.ssl-images-amazon.com/images/I/61VpbTRuy9L._SL1600_.jpg
REV0020835_IMG01,REV0020835,B075M2Q4B2,https://m.media-amazon.com/images/I/716s5DAbsEL._SL1600_.jpg
REV0020835_IMG02,REV0020835,B075M2Q4B2,https://m.media-amazon.com/images/I/71iX8tKcCXL._SL1600_.jpg
REV0020835_IMG03,REV0020835,B075M2Q4B2,https://m.media-amazon.com/images/I/71lEAcHKNhL._SL1600_.jpg
REV0020835_IMG04,REV0020835,B075M2Q4B2,https://m.media-amazon.com/images/I/71pn-oF8RzL._SL1600_.jpg
REV0020842_IMG01,REV0020842,B00DM8J2HE,https://images-na.ssl-images-amazon.com/images/I/61qsezDw0IL.jpg
REV0020868_IMG01,REV0020868,B01BFVL34O,https://images-na.ssl-images-amazon.com/images/I/71T3rUpnLdL.jpg
REV0020868_IMG02,REV0020868,B01BFVL34O,https://images-na.ssl-images-amazon.com/images/I/71vPKDdarsL.jpg
REV0020891_IMG01,REV0020891,B0BMPQXGMG,https://m.media-amazon.com/images/I/616bdh71jhL._SL1600_.jpg
REV0020891_IMG02,REV0020891,B0BMPQXGMG,https://m.media-amazon.com/images/I/617E9Eo1mbL._SL1600_.jpg
REV0020891_IMG03,REV0020891,B0BMPQXGMG,https://m.media-amazon.com/images/I/71XmfYVdf+L._SL1600_.jpg
REV0021000_IMG01,REV0021000,B00J1T304E,https://m.media-amazon.com/images/I/61Rp+1qgi8L._SL1600_.jpg
REV0021040_IMG01,REV0021040,B0BKGJS5ZG,https://m.media-amazon.com/images/I/61rAffi6hDL._SL1600_.jpg
REV0021060_IMG01,REV0021060,B001ICYB2M,https://images-na.ssl-images-amazon.com/images/I/41184b5FUlL._SL1600_.jpg
REV0021060_IMG02,REV0021060,B001ICYB2M,https://images-na.ssl-images-amazon.com/images/I/5100n9gt3vL._SL1600_.jpg
REV0021060_IMG03,REV0021060,B001ICYB2M,https://images-na.ssl-images-amazon.com/images/I/61XG5ZewwfL._SL1600_.jpg
REV0021060_IMG04,REV0021060,B001ICYB2M,https://images-na.ssl-images-amazon.com/images/I/71ZM3kWapjL._SL1600_.jpg
REV0021063_IMG01,REV0021063,B07TZCBLZ1,https://images-na.ssl-images-amazon.com/images/I/61CdjB6pKZL._SL1600_.jpg
REV0021073_IMG01,REV0021073,B01FZ5T5YQ,https://images-na.ssl-images-amazon.com/images/I/7167rlQVF-L.jpg
REV0021076_IMG01,REV0021076,B0BHVBRK6H,https://m.media-amazon.com/images/I/611h8+cfwqL._SL1600_.jpg
REV0021076_IMG02,REV0021076,B0BHVBRK6H,https://m.media-amazon.com/images/I/61grE2ISOJL._SL1600_.jpg
REV0021076_IMG03,REV0021076,B0BHVBRK6H,https://m.media-amazon.com/images/I/711nsS9+XHL._SL1600_.jpg
REV0021139_IMG01,REV0021139,B01KKJQWHK,https://m.media-amazon.com/images/I/71hSUgeeMrL._SL1600_.jpg
REV0021140_IMG01,REV0021140,B07M8JMYHQ,https://m.media-amazon.com/images/I/71WWOS2w6iL._SL1600_.jpg
REV0021147_IMG01,REV0021147,B07WTXWC32,https://m.media-amazon.com/images/I/61qaO0LqMsL._SL1600_.jpg
REV0021191_IMG01,REV0021191,B076B8FRWJ,https://m.media-amazon.com/images/I/71ollspgzmL._SL1600_.jpg
REV0021280_IMG01,REV0021280,B07B94ZR74,https://m.media-amazon.com/images/I/619-uuDAnCL._SL1600_.jpg
REV0021327_IMG01,REV0021327,B079VRJTM6,https://images-na.ssl-images-amazon.com/images/I/B1Ph3rR90XS._SL1600_.jpg
REV0021327_IMG02,REV0021327,B079VRJTM6,https://images-na.ssl-images-amazon.com/images/I/B1XcCoUdQtS._SL1600_.jpg
REV0021327_IMG03,REV0021327,B079VRJTM6,https://images-na.ssl-images-amazon.com/images/I/B1pxCHsGsUS._SL1600_.jpg
REV0021327_IMG04,REV0021327,B079VRJTM6,https://images-na.ssl-images-amazon.com/images/I/B1sVVlqzLrS._SL1600_.jpg
REV0021327_IMG05,REV0021327,B079VRJTM6,https://images-na.ssl-images-amazon.com/images/I/B1tOvmYotqS._SL1600_.jpg
REV0021342_IMG01,REV0021342,B09HRB1TFD,https://m.media-amazon.com/images/I/81--cqy7cnL._SL1600_.jpg
REV0021367_IMG01,REV0021367,B0CCJ8JHY6,https://m.media-amazon.com/images/I/51DXorKp8PL._SL1600_.jpg
REV0021367_IMG02,REV0021367,B0CCJ8JHY6,https://m.media-amazon.com/images/I/71AUIMZJ-4L._SL1600_.jpg
REV0021367_IMG03,REV0021367,B0CCJ8JHY6,https://m.media-amazon.com/images/I/71cvEWz8deL._SL1600_.jpg
REV0021367_IMG04,REV0021367,B0CCJ8JHY6,https://m.media-amazon.com/images/I/71fCxESYSZL._SL1600_.jpg
REV0021379_IMG01,REV0021379,B0BFL4PGYG,https://m.media-amazon.com/images/I/61zbts6FeML._SL1600_.jpg
REV0021379_IMG02,REV0021379,B0BFL4PGYG,https://m.media-amazon.com/images/I/71O-BgyXO2L._SL1600_.jpg
REV0021473_IMG01,REV0021473,B0B11PC4DM,https://m.media-amazon.com/images/I/714TNIL-BbL._SL1600_.jpg
REV0021473_IMG02,REV0021473,B0B11PC4DM,https://m.media-amazon.com/images/I/819VxNacnoL._SL1600_.jpg
REV0021473_IMG03,REV0021473,B0B11PC4DM,https://m.media-amazon.com/images/I/81ZizNAQSIL._SL1600_.jpg
REV0021510_IMG01,REV0021510,B07QDZS1N4,https://images-na.ssl-images-amazon.com/images/I/B14nD25GRWS._SL1600_.jpg
REV0021524_IMG01,REV0021524,B08LGRFT6Q,https://images-na.ssl-images-amazon.com/images/I/A12PHdJTheL._SL1600_.jpg
REV0021527_IMG01,REV0021527,B09WH15C98,https://m.media-amazon.com/images/I/610eEFq1YPL._SL1600_.jpg
REV0021527_IMG02,REV0021527,B09WH15C98,https://m.media-amazon.com/images/I/61W+T-hpbqL._SL1600_.jpg
REV0021527_IMG03,REV0021527,B09WH15C98,https://m.media-amazon.com/images/I/71ZNWUKigUL._SL1600_.jpg
REV0021527_IMG04,REV0021527,B09WH15C98,https://m.media-amazon.com/images/I/71odeyTrC6L._SL1600_.jpg
REV0021572_IMG01,REV0021572,B0C36XXTMG,https://m.media-amazon.com/images/I/61FqSPqT2ZL._SL1600_.jpg
REV0021598_IMG01,REV0021598,B073PM5CWW,https://images-na.ssl-images-amazon.com/images/I/71ArmCIBowL.jpg
REV0021598_IMG02,REV0021598,B073PM5CWW,https://images-na.ssl-images-amazon.com/images/I/71M8wPafTrL.jpg
REV0021635_IMG01,REV0021635,B01ALBMIEI,https://images-na.ssl-images-amazon.com/images/I/71LRUAGpu6L._SL1600_.jpg
REV0021635_IMG02,REV0021635,B01ALBMIEI,https://images-na.ssl-images-amazon.com/images/I/71dV8ZzbVcL._SL1600_.jpg
REV0021635_IMG03,REV0021635,B01ALBMIEI,https://images-na.ssl-images-amazon.com/images/I/71hM5SRdf2L._SL1600_.jpg
REV0021635_IMG04,REV0021635,B01ALBMIEI,https://images-na.ssl-images-amazon.com/images/I/71hjFU5QWXL._SL1600_.jpg
REV0021635_IMG05,REV0021635,B01ALBMIEI,https://images-na.ssl-images-amazon.com/images/I/71yEkLXYaeL._SL1600_.jpg
REV0021645_IMG01,REV0021645,B08PJY5PV1,https://m.media-amazon.com/images/I/B1Mwr-ODBGS._SL1600_.jpg
REV0021645_IMG02,REV0021645,B08PJY5PV1,https://m.media-amazon.com/images/I/B1UGwIer74S._SL1600_.jpg
REV0021645_IMG03,REV0021645,B08PJY5PV1,https://m.media-amazon.com/images/I/B1nPRDLKqxS._SL1600_.jpg
REV0021657_IMG01,REV0021657,B0C4LRKXNV,https://images-na.ssl-images-amazon.com/images/I/61WztmWB5yL._SL1600_.jpg
REV0021657_IMG02,REV0021657,B0C4LRKXNV,https://images-na.ssl-images-amazon.com/images/I/71enkYPYvsL._SL1600_.jpg
REV0021711_IMG01,REV0021711,B07Q5G2FQJ,https://images-na.ssl-images-amazon.com/images/I/51v8wO8W-JL._SL1600_.jpg
REV0021736_IMG01,REV0021736,B07DPDD3JB,https://images-na.ssl-images-amazon.com/images/I/71X9wwkgleL._SL1600_.jpg
REV0021736_IMG02,REV0021736,B07DPDD3JB,https://images-na.ssl-images-amazon.com/images/I/81QNfi+3iUL._SL1600_.jpg
REV0021746_IMG01,REV0021746,B015A9JEG6,https://images-na.ssl-images-amazon.com/images/I/71w3bp8PHCL._SL1600_.jpg
REV0021746_IMG02,REV0021746,B015A9JEG6,https://images-na.ssl-images-amazon.com/images/I/71wenFtswSL._SL1600_.jpg
REV0021757_IMG01,REV0021757,B089KT8M2K,https://images-na.ssl-images-amazon.com/images/I/81xSh7Nr9IL._SL1600_.jpg
REV0021803_IMG01,REV0021803,B07R3C4QJV,https://images-na.ssl-images-amazon.com/images/I/91feRJirguL._SL1600_.jpg
REV0021820_IMG01,REV0021820,B07YXRTY6F,https://m.media-amazon.com/images/I/B1PGEep96YS._SL1600_.jpg
REV0021832_IMG01,REV0021832,B00QFVF3IC,https://m.media-amazon.com/images/I/51IycN9h8ZL._SL1600_.jpg
REV0021848_IMG01,REV0021848,B07TVQ8758,https://images-na.ssl-images-amazon.com/images/I/716XWiLrVJL.jpg
REV0021853_IMG01,REV0021853,B07R48P1KV,https://m.media-amazon.com/images/I/81Ilb1YNwEL._SL1600_.jpg
REV0021901_IMG01,REV0021901,B0747ZYS7R,https://images-na.ssl-images-amazon.com/images/I/61x92Mu3mkL._SL1600_.jpg
REV0021925_IMG01,REV0021925,B0BT1CY693,https://images-na.ssl-images-amazon.com/images/I/71Lm0Iof16L.jpg
REV0021950_IMG01,REV0021950,B0C8J6NNBT,https://images-na.ssl-images-amazon.com/images/I/91V8aizO7CL._SL1600_.jpg
REV0021967_IMG01,REV0021967,B0882ZJ48W,https://m.media-amazon.com/images/I/71ibzvSgpkL._SL1600_.jpg
REV0021967_IMG02,REV0021967,B0882ZJ48W,https://m.media-amazon.com/images/I/71zWChIKpxL._SL1600_.jpg
REV0021975_IMG01,REV0021975,B07TT21PJ4,https://m.media-amazon.com/images/I/71AuNJg7vxL._SL1600_.jpg
REV0021983_IMG01,REV0021983,B0BCRFWRW8,https://images-na.ssl-images-amazon.com/images/I/519HG3yBEUL._SL1600_.jpg
REV0021990_IMG01,REV0021990,B09HRB1TFD,https://m.media-amazon.com/images/I/51y-6Wq4Q9L._SL1600_.jpg
REV0021990_IMG02,REV0021990,B09HRB1TFD,https://m.media-amazon.com/images/I/612bpInoifL._SL1600_.jpg
REV0021990_IMG03,REV0021990,B09HRB1TFD,https://m.media-amazon.com/images/I/61JFdN07b4L._SL1600_.jpg
REV0022004_IMG01,REV0022004,B08BL1TMCK,https://images-na.ssl-images-amazon.com/images/I/81S-MS-wZnL._SL1600_.jpg
REV0022011_IMG01,REV0022011,B01N56KEU6,https://images-na.ssl-images-amazon.com/images/I/71KP-OMKXQL.jpg
REV0022021_IMG01,REV0022021,B07DQCCV8W,https://images-na.ssl-images-amazon.com/images/I/817s588WVLL.jpg
REV0022051_IMG01,REV0022051,B08BLQV89X,https://images-na.ssl-images-amazon.com/images/I/81nRhka05hL._SL1600_.jpg
REV0022090_IMG01,REV0022090,B0BTBTK796,https://images-na.ssl-images-amazon.com/images/I/610Dtw1SrlL._SL1600_.jpg
REV0022122_IMG01,REV0022122,B07X4CBPZ2,https://images-na.ssl-images-amazon.com/images/I/6139zKCCLfL._SL1600_.jpg
REV0022122_IMG02,REV0022122,B07X4CBPZ2,https://images-na.ssl-images-amazon.com/images/I/614LWN70WvL._SL1600_.jpg
REV0022122_IMG03,REV0022122,B07X4CBPZ2,https://images-na.ssl-images-amazon.com/images/I/61K7Lo-LXjL._SL1600_.jpg
REV0022122_IMG04,REV0022122,B07X4CBPZ2,https://images-na.ssl-images-amazon.com/images/I/71aPZ5lKRuL._SL1600_.jpg
REV0022139_IMG01,REV0022139,B07Y1FLPZM,https://images-na.ssl-images-amazon.com/images/I/B1Tqe7uuG0S._SL1600_.jpg
REV0022157_IMG01,REV0022157,B0BP4W4TN1,https://images-na.ssl-images-amazon.com/images/I/C1hlcuRXkdS._SL1600_.jpg
REV0022246_IMG01,REV0022246,B09VXXCSK9,https://m.media-amazon.com/images/I/71P2dx3yitL._SL1600_.jpg
REV0022252_IMG01,REV0022252,B01ALBMIEI,https://m.media-amazon.com/images/I/711sPsmS5uL._SL1600_.jpg
REV0022252_IMG02,REV0022252,B01ALBMIEI,https://m.media-amazon.com/images/I/811KniNwvgL._SL1600_.jpg
REV0022255_IMG01,REV0022255,B0B69D699Q,https://images-na.ssl-images-amazon.com/images/I/61MHJi520EL._SL1600_.jpg
REV0022255_IMG02,REV0022255,B0B69D699Q,https://images-na.ssl-images-amazon.com/images/I/61w1sWxk7WL._SL1600_.jpg
REV0022260_IMG01,REV0022260,B001AQZI64,https://m.media-amazon.com/images/I/61vEmE412BL._SL1600_.jpg
REV0022315_IMG01,REV0022315,B0C4FQ2X2M,https://m.media-amazon.com/images/I/71-gYd0YndL._SL1600_.jpg
REV0022348_IMG01,REV0022348,B0854245SY,https://m.media-amazon.com/images/I/31MtW0308jL._SL1600_.jpg
REV0022348_IMG02,REV0022348,B0854245SY,https://m.media-amazon.com/images/I/31mJq1qkDNL._SL1600_.jpg
REV0022348_IMG03,REV0022348,B0854245SY,https://m.media-amazon.com/images/I/414J7ZrWBUL._SL1600_.jpg
REV0022348_IMG04,REV0022348,B0854245SY,https://m.media-amazon.com/images/I/416oNFGV6JL._SL1600_.jpg
REV0022348_IMG05,REV0022348,B0854245SY,https://m.media-amazon.com/images/I/41Gce-LhV3L._SL1600_.jpg
REV0022348_IMG06,REV0022348,B0854245SY,https://m.media-amazon.com/images/I/41H+6+fW6nL._SL1600_.jpg
REV0022348_IMG07,REV0022348,B0854245SY,https://m.media-amazon.com/images/I/41Rw-BSwHZL._SL1600_.jpg
REV0022348_IMG08,REV0022348,B0854245SY,https://m.media-amazon.com/images/I/41ZYUaK4QdL._SL1600_.jpg
REV0022348_IMG09,REV0022348,B0854245SY,https://m.media-amazon.com/images/I/41p76Ayeh7L._SL1600_.jpg
REV0022348_IMG10,REV0022348,B0854245SY,https://m.media-amazon.com/images/I/51wqS6fBauL._SL1600_.jpg
REV0022353_IMG01,REV0022353,B08SJFGYCW,https://m.media-amazon.com/images/I/71ql2wq7vmL._SL1600_.jpg
REV0022375_IMG01,REV0022375,B07XL39SVR,https://m.media-amazon.com/images/I/B1s6UXIwUbS._SL1600_.jpg
REV0022386_IMG01,REV0022386,B08K8GKSQC,https://m.media-amazon.com/images/I/71StMmaIL2L._SL1600_.jpg
REV0022390_IMG01,REV0022390,B0045LLC7K,https://images-na.ssl-images-amazon.com/images/I/71bfaM8HC0L.jpg
REV0022402_IMG01,REV0022402,B01M67NWK1,https://images-na.ssl-images-amazon.com/images/I/714O8Nki-ML.jpg
REV0022402_IMG02,REV0022402,B01M67NWK1,https://images-na.ssl-images-amazon.com/images/I/71WvuL24U2L._SL1600_.jpg
REV0022444_IMG01,REV0022444,B07M8JMYHQ,https://images-na.ssl-images-amazon.com/images/I/61J+Ww4zRxL.jpg
REV0022453_IMG01,REV0022453,B09W9MGV8G,https://m.media-amazon.com/images/I/71gzkLg15xL._SL1600_.jpg
REV0022463_IMG01,REV0022463,B0B9H5NZRD,https://images-na.ssl-images-amazon.com/images/I/B1dsHd-b1uS._SL1600_.jpg
REV0022465_IMG01,REV0022465,B0B2LC17LL,https://images-na.ssl-images-amazon.com/images/I/61qnZ8Emz9L._SL1600_.jpg
REV0022469_IMG01,REV0022469,B0737B6HGR,https://images-na.ssl-images-amazon.com/images/I/B1Wu8AvzYcS._SL1600_.jpg
REV0022479_IMG01,REV0022479,B07YXRTY6F,https://m.media-amazon.com/images/I/71u9xe8PeNL._SL1600_.jpg
REV0022492_IMG01,REV0022492,B01C6AASW6,https://images-na.ssl-images-amazon.com/images/I/613SjZCFPLL.jpg
REV0022492_IMG02,REV0022492,B01C6AASW6,https://images-na.ssl-images-amazon.com/images/I/71XlaXo1VeL._SL1600_.jpg
REV0022495_IMG01,REV0022495,B06Y3CXQDG,https://m.media-amazon.com/images/I/71hdXWJcYnL._SL1600_.jpg
REV0022502_IMG01,REV0022502,B07TCZMC68,https://images-na.ssl-images-amazon.com/images/I/B1b8FO+V0LS._SL1600_.jpg
REV0022519_IMG01,REV0022519,B0969FDFBC,https://m.media-amazon.com/images/I/71q41feW3lL._SL1600_.jpg
REV0022594_IMG01,REV0022594,B01JS32CYQ,https://images-na.ssl-images-amazon.com/images/I/512n4kvl5GL._SL1600_.jpg
REV0022622_IMG01,REV0022622,B097BBJCX8,https://m.media-amazon.com/images/I/51IzYMmsTgL._SL1600_.jpg
REV0022622_IMG02,REV0022622,B097BBJCX8,https://m.media-amazon.com/images/I/51J2HMx4HQL._SL1600_.jpg
REV0022646_IMG01,REV0022646,B009K2BBQG,https://images-na.ssl-images-amazon.com/images/I/51RfKPlivRL._SL1600_.jpg
REV0022674_IMG01,REV0022674,B08FDC59PB,https://images-na.ssl-images-amazon.com/images/I/91bSlvsRVzL._SL1600_.jpg
REV0022684_IMG01,REV0022684,B07WFN7KVT,https://m.media-amazon.com/images/I/71N++vuPPvL._SL1600_.jpg
REV0022708_IMG01,REV0022708,B07QTHKXY2,https://m.media-amazon.com/images/I/D1EZ1su34yS._SL1600_.jpg
REV0022723_IMG01,REV0022723,B0BXFSYKHZ,https://m.media-amazon.com/images/I/712m9Pyd6hL._SL1600_.jpg
REV0022736_IMG01,REV0022736,B07T75L88B,https://images-na.ssl-images-amazon.com/images/I/91KP+FbgbXL._SL1600_.jpg
REV0022744_IMG01,REV0022744,B071RSG2QT,https://images-na.ssl-images-amazon.com/images/I/61p-CMrBcrL._SL1600_.jpg
REV0022748_IMG01,REV0022748,B00AF7RY8E,https://m.media-amazon.com/images/I/61AUndZmHbL._SL1600_.jpg
REV0022756_IMG01,REV0022756,B0BMPQXGMG,https://m.media-amazon.com/images/I/71NobZ5MiyL._SL1600_.jpg
REV0022769_IMG01,REV0022769,B09YLTJB7L,https://m.media-amazon.com/images/I/61xN8P2lPBL._SL1600_.jpg
REV0022774_IMG01,REV0022774,B01N3LU8MG,https://images-na.ssl-images-amazon.com/images/I/71EtJnVzRIL.jpg
REV0022862_IMG01,REV0022862,B00R1X7S5Y,https://images-na.ssl-images-amazon.com/images/I/61Yx7fvK2HL.jpg
REV0022875_IMG01,REV0022875,B073ZC16ZD,https://images-na.ssl-images-amazon.com/images/I/61wxRBHpaJL._SL1600_.jpg
REV0022875_IMG02,REV0022875,B073ZC16ZD,https://images-na.ssl-images-amazon.com/images/I/71COthoc5UL.jpg
REV0022875_IMG03,REV0022875,B073ZC16ZD,https://images-na.ssl-images-amazon.com/images/I/71ZqjnAZtRL.jpg
REV0022897_IMG01,REV0022897,B08219JPQF,https://images-na.ssl-images-amazon.com/images/I/81thICDV0mL._SL1600_.jpg
REV0022951_IMG01,REV0022951,B07RNJY499,https://images-na.ssl-images-amazon.com/images/I/7124xynt96L.jpg
REV0022953_IMG01,REV0022953,B07HYJ7GND,https://images-na.ssl-images-amazon.com/images/I/71uBzChXIaL.jpg
REV0022966_IMG01,REV0022966,B009CZS98Y,https://m.media-amazon.com/images/I/71kkTdoeOCL._SL1600_.jpg
REV0022966_IMG02,REV0022966,B009CZS98Y,https://m.media-amazon.com/images/I/71yzRO-uwOL._SL1600_.jpg
REV0023029_IMG01,REV0023029,B07RDQLKWQ,https://m.media-amazon.com/images/I/71LmqJThvnL._SL1600_.jpg
REV0023033_IMG01,REV0023033,B083PWDFTS,https://images-na.ssl-images-amazon.com/images/I/71YMAKvym7L.jpg
REV0023043_IMG01,REV0023043,B07NXWJ7CN,https://images-na.ssl-images-amazon.com/images/I/711RxklP2LL.jpg
REV0023043_IMG02,REV0023043,B07NXWJ7CN,https://images-na.ssl-images-amazon.com/images/I/712EjQOCk8L.jpg
REV0023043_IMG03,REV0023043,B07NXWJ7CN,https://images-na.ssl-images-amazon.com/images/I/717brQHTn8L.jpg
REV0023043_IMG04,REV0023043,B07NXWJ7CN,https://images-na.ssl-images-amazon.com/images/I/71AESqca0bL.jpg
REV0023043_IMG05,REV0023043,B07NXWJ7CN,https://images-na.ssl-images-amazon.com/images/I/71ZfQHFC5BL.jpg
REV0023043_IMG06,REV0023043,B07NXWJ7CN,https://images-na.ssl-images-amazon.com/images/I/71mOb+lDsTL.jpg
REV0023043_IMG07,REV0023043,B07NXWJ7CN,https://images-na.ssl-images-amazon.com/images/I/71mxtl1o9dL.jpg
REV0023043_IMG08,REV0023043,B07NXWJ7CN,https://images-na.ssl-images-amazon.com/images/I/71p9g9sODhL.jpg
REV0023043_IMG09,REV0023043,B07NXWJ7CN,https://images-na.ssl-images-amazon.com/images/I/71q1ibTH5fL.jpg
REV0023062_IMG01,REV0023062,B0BPFM7JSG,https://m.media-amazon.com/images/I/71RNreUZi8L._SL1600_.jpg
REV0023062_IMG02,REV0023062,B0BPFM7JSG,https://m.media-amazon.com/images/I/71Yu9-9dDUL._SL1600_.jpg
REV0023080_IMG01,REV0023080,B096VMJ168,https://m.media-amazon.com/images/I/B17GIuXyiQS._SL1600_.jpg
REV0023086_IMG01,REV0023086,B083Q3D241,https://m.media-amazon.com/images/I/61xqeltjXxL._SL1600_.jpg
REV0023114_IMG01,REV0023114,B0BTBTK796,https://images-na.ssl-images-amazon.com/images/I/81N+fK8m88L._SL1600_.jpg
REV0023144_IMG01,REV0023144,B09MM7BH9P,https://images-na.ssl-images-amazon.com/images/I/71Q9qKjpOhL.jpg
REV0023188_IMG01,REV0023188,B018T1CAMM,https://images-na.ssl-images-amazon.com/images/I/71x9yeSnArL.jpg
REV0023243_IMG01,REV0023243,B00E8KC36M,https://images-na.ssl-images-amazon.com/images/I/71vTDmNycGL.jpg
REV0023260_IMG01,REV0023260,B08374623N,https://m.media-amazon.com/images/I/71K7-odaxrL._SL1600_.jpg
REV0023278_IMG01,REV0023278,B07JQXHVRW,https://m.media-amazon.com/images/I/61FGXgB0ydL._SL1600_.jpg
REV0023278_IMG02,REV0023278,B07JQXHVRW,https://m.media-amazon.com/images/I/61XiDCAd4AL._SL1600_.jpg
REV0023278_IMG03,REV0023278,B07JQXHVRW,https://m.media-amazon.com/images/I/71bJSCnbaLL._SL1600_.jpg
REV0023278_IMG04,REV0023278,B07JQXHVRW,https://m.media-amazon.com/images/I/71uDSgGHAAL._SL1600_.jpg
REV0023279_IMG01,REV0023279,B09W5PBYKD,https://m.media-amazon.com/images/I/C14VVfvplxS._SL1600_.jpg
REV0023333_IMG01,REV0023333,B0BG7R5Y89,https://images-na.ssl-images-amazon.com/images/I/61AgM9GUJ5L.jpg
REV0023333_IMG02,REV0023333,B0BG7R5Y89,https://images-na.ssl-images-amazon.com/images/I/61iDmmA+FGL.jpg
REV0023333_IMG03,REV0023333,B0BG7R5Y89,https://images-na.ssl-images-amazon.com/images/I/61iwZqBhzfL.jpg
REV0023333_IMG04,REV0023333,B0BG7R5Y89,https://images-na.ssl-images-amazon.com/images/I/61oRKNRkcCL.jpg
REV0023333_IMG05,REV0023333,B0BG7R5Y89,https://images-na.ssl-images-amazon.com/images/I/61oyzoqUO5L.jpg
REV0023333_IMG06,REV0023333,B0BG7R5Y89,https://images-na.ssl-images-amazon.com/images/I/61pgcxWVWSL.jpg
REV0023365_IMG01,REV0023365,B09S36KB72,https://images-na.ssl-images-amazon.com/images/I/71eLZQev0wL._SL1600_.jpg
REV0023389_IMG01,REV0023389,B019RF0FV2,https://m.media-amazon.com/images/I/71Qx3p8HWoL._SL1600_.jpg
REV0023429_IMG01,REV0023429,B01M34404M,https://m.media-amazon.com/images/I/61ZeqK7mGgL._SL1600_.jpg
REV0023441_IMG01,REV0023441,B01923E15A,https://images-na.ssl-images-amazon.com/images/I/71Lay5i52OL.jpg
REV0023462_IMG01,REV0023462,B07NS9N17G,https://images-na.ssl-images-amazon.com/images/I/51vt2XA-llL._SL1600_.jpg
REV0023486_IMG01,REV0023486,B07DF55K19,https://images-na.ssl-images-amazon.com/images/I/71-HamW5qDL.jpg
REV0023486_IMG02,REV0023486,B07DF55K19,https://images-na.ssl-images-amazon.com/images/I/71rCfy1WawL.jpg
REV0023486_IMG03,REV0023486,B07DF55K19,https://images-na.ssl-images-amazon.com/images/I/71xQtw5+sZL.jpg
REV0023487_IMG01,REV0023487,B07HVSR8RF,https://images-na.ssl-images-amazon.com/images/I/61tfR81RKBL._SL1600_.jpg
REV0023493_IMG01,REV0023493,B00NZMG68K,https://images-na.ssl-images-amazon.com/images/I/81+UtsYtWxL._SL1600_.jpg
REV0023495_IMG01,REV0023495,B001A5B346,https://images-na.ssl-images-amazon.com/images/I/511F-irOKyL._SL1600_.jpg
REV0023527_IMG01,REV0023527,B00WVLLXKW,https://images-na.ssl-images-amazon.com/images/I/616cx-dqkiL.jpg
REV0023534_IMG01,REV0023534,B07H1FYLZ3,https://images-na.ssl-images-amazon.com/images/I/611octMyK9L.jpg
REV0023534_IMG02,REV0023534,B07H1FYLZ3,https://images-na.ssl-images-amazon.com/images/I/61Sz-etboWL.jpg
REV0023573_IMG01,REV0023573,B09Y1MN1GN,https://images-na.ssl-images-amazon.com/images/I/71HzuGz2WqL._SL1600_.jpg
REV0023573_IMG02,REV0023573,B09Y1MN1GN,https://images-na.ssl-images-amazon.com/images/I/71Y955-WH4L._SL1600_.jpg
REV0023600_IMG01,REV0023600,B0BY1YNR34,https://m.media-amazon.com/images/I/61GPljw0TyL._SL1600_.jpg
REV0023617_IMG01,REV0023617,B082XR9CYH,https://images-na.ssl-images-amazon.com/images/I/81ien0n1ruL._SL1600_.jpg
REV0023621_IMG01,REV0023621,B09SNVLH2V,https://m.media-amazon.com/images/I/41-QfNbDnXL._SL1600_.jpg
REV0023621_IMG02,REV0023621,B09SNVLH2V,https://m.media-amazon.com/images/I/41uPtmnuJSL._SL1600_.jpg
REV0023621_IMG03,REV0023621,B09SNVLH2V,https://m.media-amazon.com/images/I/61VMGlHq++L._SL1600_.jpg
REV0023621_IMG04,REV0023621,B09SNVLH2V,https://m.media-amazon.com/images/I/71YYWhXuZ7L._SL1600_.jpg
REV0023644_IMG01,REV0023644,B00ZAAXLHY,https://m.media-amazon.com/images/I/81UjJDPXDNL._SL1600_.jpg
REV0023675_IMG01,REV0023675,B08PCWTT4X,https://images-na.ssl-images-amazon.com/images/I/717Hcuk4MAL._SL1600_.jpg
REV0023678_IMG01,REV0023678,B00DM8K1UG,https://images-na.ssl-images-amazon.com/images/I/51zsRfO-xML.jpg
REV0023732_IMG01,REV0023732,B01HPXMEE4,https://images-na.ssl-images-amazon.com/images/I/71TF+8Lyh8L.jpg
REV0023732_IMG02,REV0023732,B01HPXMEE4,https://images-na.ssl-images-amazon.com/images/I/71WRUXIig0L.jpg
REV0023732_IMG03,REV0023732,B01HPXMEE4,https://images-na.ssl-images-amazon.com/images/I/71o1ldodHOL.jpg
REV0023759_IMG01,REV0023759,B01N6PLGIR,https://m.media-amazon.com/images/I/61wsJxwgt1L._SL1600_.jpg
REV0023759_IMG02,REV0023759,B01N6PLGIR,https://m.media-amazon.com/images/I/71N-3z91IWL._SL1600_.jpg
REV0023759_IMG03,REV0023759,B01N6PLGIR,https://m.media-amazon.com/images/I/71q8HN2ozLL._SL1600_.jpg
REV0023791_IMG01,REV0023791,B07SQ8KGRQ,https://m.media-amazon.com/images/I/61wv3JxxArL._SL1600_.jpg
REV0023808_IMG01,REV0023808,B08FDB6W59,https://images-na.ssl-images-amazon.com/images/I/61dQe+DO-aL.jpg
REV0023817_IMG01,REV0023817,B07JCJ65PC,https://m.media-amazon.com/images/I/51LlXCw6vUL._SL1600_.jpg
REV0023839_IMG01,REV0023839,B077BG6R36,https://m.media-amazon.com/images/I/61gWyDw8AyL._SL1600_.jpg
REV0023845_IMG01,REV0023845,B0BYJ8JYL3,https://m.media-amazon.com/images/I/61MICKAgyVL._SL1600_.jpg
REV0023845_IMG02,REV0023845,B0BYJ8JYL3,https://m.media-amazon.com/images/I/61zF-ExyRQL._SL1600_.jpg
REV0023943_IMG01,REV0023943,B087M62BBV,https://images-na.ssl-images-amazon.com/images/I/C1BhJiw-I-S._SL1600_.jpg
REV0023944_IMG01,REV0023944,B08M5THBY4,https://images-na.ssl-images-amazon.com/images/I/81WLdypWPgL._SL1600_.jpg
REV0023950_IMG01,REV0023950,B0042NQRI0,https://images-na.ssl-images-amazon.com/images/I/51Sr7vqXCuL._SL1600_.jpg
REV0024007_IMG01,REV0024007,B09PQL8XLS,https://m.media-amazon.com/images/I/61Z4AZnF+PL._SL1600_.jpg
REV0024039_IMG01,REV0024039,B07BRD46CR,https://m.media-amazon.com/images/I/71i+-zEikCL._SL1600_.jpg
REV0024039_IMG02,REV0024039,B07BRD46CR,https://m.media-amazon.com/images/I/81Pzl-KlqqL._SL1600_.jpg
REV0024050_IMG01,REV0024050,B07D3D9NG7,https://images-na.ssl-images-amazon.com/images/I/71I2Pq0OHKL.jpg
REV0024050_IMG02,REV0024050,B07D3D9NG7,https://images-na.ssl-images-amazon.com/images/I/71UDl+SYhoL.jpg
REV0024060_IMG01,REV0024060,B07DY7VBK7,https://images-na.ssl-images-amazon.com/images/I/41fNWXZYU1L._SL1600_.jpg
REV0024070_IMG01,REV0024070,B00DZUB1U0,https://images-na.ssl-images-amazon.com/images/I/91kRG3MokFL._SL1600_.jpg
REV0024130_IMG01,REV0024130,B085Y2GJLQ,https://m.media-amazon.com/images/I/61fx7wpVFnL._SL1600_.jpg
REV0024160_IMG01,REV0024160,B005D9IR4Y,https://m.media-amazon.com/images/I/61RTt+Yu3xL._SL1600_.jpg
REV0024160_IMG02,REV0024160,B005D9IR4Y,https://m.media-amazon.com/images/I/71ThcMVJKLL._SL1600_.jpg
REV0024176_IMG01,REV0024176,B071K678VL,https://images-na.ssl-images-amazon.com/images/I/71JWlJD0klL.jpg
REV0024176_IMG02,REV0024176,B071K678VL,https://images-na.ssl-images-amazon.com/images/I/71evgjY+THL.jpg
REV0024189_IMG01,REV0024189,B0C4WK4187,https://images-na.ssl-images-amazon.com/images/I/B11nIfLIICS._SL1600_.jpg
REV0024189_IMG02,REV0024189,B0C4WK4187,https://images-na.ssl-images-amazon.com/images/I/B13HwtdlYYS._SL1600_.jpg
REV0024235_IMG01,REV0024235,B001TH7GZU,https://images-na.ssl-images-amazon.com/images/I/71LhFLsDW+L.jpg
REV0024249_IMG01,REV0024249,B0BKYCRTZK,https://m.media-amazon.com/images/I/81gy1LJ02sL._SL1600_.jpg
REV0024255_IMG01,REV0024255,B001ICQSH8,https://images-na.ssl-images-amazon.com/images/I/61GxFXlFiHL.jpg
REV0024307_IMG01,REV0024307,B09NR62M32,https://images-na.ssl-images-amazon.com/images/I/71CPf9MuEEL._SL1600_.jpg
REV0024307_IMG02,REV0024307,B09NR62M32,https://images-na.ssl-images-amazon.com/images/I/81Qd5sroDmL._SL1600_.jpg
REV0024307_IMG03,REV0024307,B09NR62M32,https://images-na.ssl-images-amazon.com/images/I/81xfB2ZWfwL._SL1600_.jpg
REV0024334_IMG01,REV0024334,B0B81HGSSB,https://images-na.ssl-images-amazon.com/images/I/71htvVJb0NL._SL1600_.jpg
REV0024336_IMG01,REV0024336,B081DGB6NV,https://images-na.ssl-images-amazon.com/images/I/614j6NbFKSL.jpg
REV0024336_IMG02,REV0024336,B081DGB6NV,https://images-na.ssl-images-amazon.com/images/I/61jNlxP79tL.jpg
REV0024336_IMG03,REV0024336,B081DGB6NV,https://images-na.ssl-images-amazon.com/images/I/71EDwImO50L.jpg
REV0024336_IMG04,REV0024336,B081DGB6NV,https://images-na.ssl-images-amazon.com/images/I/71o26d4qk1L.jpg
REV0024371_IMG01,REV0024371,B0BTY63SFY,https://m.media-amazon.com/images/I/61LPW6qwIQL._SL1600_.jpg
REV0024371_IMG02,REV0024371,B0BTY63SFY,https://m.media-amazon.com/images/I/71ia2lAQrgL._SL1600_.jpg
REV0024371_IMG03,REV0024371,B0BTY63SFY,https://m.media-amazon.com/images/I/81SiLKfqN9L._SL1600_.jpg
REV0024390_IMG01,REV0024390,B0C7D34B53,https://images-na.ssl-images-amazon.com/images/I/C1ZuQFhyQkS._SL1600_.jpg
REV0024391_IMG01,REV0024391,B0BX9SKX3S,https://images-na.ssl-images-amazon.com/images/I/61qXzuT6UWL._SL1600_.jpg
REV0024399_IMG01,REV0024399,B0BYZBBDPN,https://m.media-amazon.com/images/I/61XGTxsXjBL._SL1600_.jpg
REV0024399_IMG02,REV0024399,B0BYZBBDPN,https://m.media-amazon.com/images/I/61k+DcN4onL._SL1600_.jpg
REV0024399_IMG03,REV0024399,B0BYZBBDPN,https://m.media-amazon.com/images/I/61oA5HvEtEL._SL1600_.jpg
REV0024399_IMG04,REV0024399,B0BYZBBDPN,https://m.media-amazon.com/images/I/71y8nFsvvTL._SL1600_.jpg
REV0024407_IMG01,REV0024407,B0BX9GK3PB,https://images-na.ssl-images-amazon.com/images/I/51DLaxZrS3L.jpg
REV0024407_IMG02,REV0024407,B0BX9GK3PB,https://images-na.ssl-images-amazon.com/images/I/61+Avf3LPJL.jpg
REV0024415_IMG01,REV0024415,B07MCTYSXN,https://m.media-amazon.com/images/I/616Tx4hFQZL._SL1600_.jpg
REV0024415_IMG02,REV0024415,B07MCTYSXN,https://m.media-amazon.com/images/I/61PHaDsbmmL._SL1600_.jpg
REV0024465_IMG01,REV0024465,B00L1JT4YM,https://images-na.ssl-images-amazon.com/images/I/51ikiiOjBlL._SL1600_.jpg
REV0024473_IMG01,REV0024473,B09GL6SRNJ,https://m.media-amazon.com/images/I/71z558farGL._SL1600_.jpg
REV0024476_IMG01,REV0024476,B0BCJ9D5GD,https://m.media-amazon.com/images/I/71TlHRLObbL._SL1600_.jpg
REV0024490_IMG01,REV0024490,B0C5XMRQXY,https://m.media-amazon.com/images/I/61409IxJ4uL._SL1600_.jpg
REV0024490_IMG02,REV0024490,B0C5XMRQXY,https://m.media-amazon.com/images/I/61F252lYo4L._SL1600_.jpg
REV0024490_IMG03,REV0024490,B0C5XMRQXY,https://m.media-amazon.com/images/I/71xD-siJG4L._SL1600_.jpg
REV0024529_IMG01,REV0024529,B08HD96C4Q,https://m.media-amazon.com/images/I/61l-XCdEv+L._SL1600_.jpg
REV0024612_IMG01,REV0024612,B06XR8WW52,https://images-na.ssl-images-amazon.com/images/I/71F8is1ICkL._SL1600_.jpg
REV0024629_IMG01,REV0024629,B09PQL8XLS,https://m.media-amazon.com/images/I/61O3hqWTGML._SL1600_.jpg
REV0024657_IMG01,REV0024657,B0882ZJ48W,https://m.media-amazon.com/images/I/61Ce-K802cL._SL1600_.jpg
REV0024657_IMG02,REV0024657,B0882ZJ48W,https://m.media-amazon.com/images/I/71Xz0jOw0SL._SL1600_.jpg
REV0024776_IMG01,REV0024776,B07QC7JRDP,https://images-na.ssl-images-amazon.com/images/I/61Lfmy6ffNL.jpg
REV0024803_IMG01,REV0024803,B01C588W4K,https://images-na.ssl-images-amazon.com/images/I/61JD7+bloTL._SL1600_.jpg
REV0024847_IMG01,REV0024847,B07TT21PJ4,https://m.media-amazon.com/images/I/41tPbWEhuwL._SL1600_.jpg
REV0024847_IMG02,REV0024847,B07TT21PJ4,https://m.media-amazon.com/images/I/818OOisAzJL._SL1600_.jpg
REV0024857_IMG01,REV0024857,B0B9RNRJ5K,https://m.media-amazon.com/images/I/8100hOaLN-L._SL1600_.jpg
REV0024858_IMG01,REV0024858,B07ZL2VL1Q,https://images-na.ssl-images-amazon.com/images/I/81qVovNDY+L._SL1600_.jpg
REV0024879_IMG01,REV0024879,B07VNPD4V9,https://m.media-amazon.com/images/I/71PjoKuaWFL._SL1600_.jpg
REV0024922_IMG01,REV0024922,B07WTXWC32,https://images-na.ssl-images-amazon.com/images/I/71dlgLlMlIL.jpg
REV0024924_IMG01,REV0024924,B00ECV4BXU,https://images-na.ssl-images-amazon.com/images/I/61-rk9GdnhL.jpg
REV0024956_IMG01,REV0024956,B0892B3VWM,https://images-na.ssl-images-amazon.com/images/I/61ld-M1zZ+L._SL1600_.jpg
REV0024974_IMG01,REV0024974,B0B5SSPN1F,https://m.media-amazon.com/images/I/71IUJhZ+nbL._SL1600_.jpg
REV0024974_IMG02,REV0024974,B0B5SSPN1F,https://m.media-amazon.com/images/I/71iKngJpbtL._SL1600_.jpg
REV0024974_IMG03,REV0024974,B0B5SSPN1F,https://m.media-amazon.com/images/I/81Vo75HfDVL._SL1600_.jpg
REV0024991_IMG01,REV0024991,B0B9H5NZRD,https://m.media-amazon.com/images/I/61lKe1M-MDL._SL1600_.jpg
REV0025006_IMG01,REV0025006,B082G2ZT81,https://m.media-amazon.com/images/I/81gzQuQKxRL._SL1600_.jpg
REV0025006_IMG02,REV0025006,B082G2ZT81,https://m.media-amazon.com/images/I/91lCQ91gmgL._SL1600_.jpg
REV0025042_IMG01,REV0025042,B0C4WK4187,https://m.media-amazon.com/images/I/71r0lNuYVfL._SL1600_.jpg
REV0025054_IMG01,REV0025054,B07SMRM9JW,https://images-na.ssl-images-amazon.com/images/I/B11a71Zu4IS._SL1600_.jpg
REV0025054_IMG02,REV0025054,B07SMRM9JW,https://images-na.ssl-images-amazon.com/images/I/B1qHb92zovS._SL1600_.jpg
REV0025059_IMG01,REV0025059,B0C7CC35KH,https://m.media-amazon.com/images/I/61tnI3Ygl8L._SL1600_.jpg
REV0025059_IMG02,REV0025059,B0C7CC35KH,https://m.media-amazon.com/images/I/61vGcKZjehL._SL1600_.jpg
REV0025064_IMG01,REV0025064,B00AMF8HF8,https://images-na.ssl-images-amazon.com/images/I/71e7sAAFfbL.jpg
REV0025085_IMG01,REV0025085,B08PCWTT4X,https://images-na.ssl-images-amazon.com/images/I/51VAajLeP8L._SL1600_.jpg
REV0025113_IMG01,REV0025113,B08BPDTL1H,https://m.media-amazon.com/images/I/619k+V6Vh8L._SL1600_.jpg
REV0025113_IMG02,REV0025113,B08BPDTL1H,https://m.media-amazon.com/images/I/61xa3z6GOjL._SL1600_.jpg
REV0025136_IMG01,REV0025136,B013TI7A4S,https://images-na.ssl-images-amazon.com/images/I/61gQdyOOHOL._SL1600_.jpg
REV0025136_IMG02,REV0025136,B013TI7A4S,https://images-na.ssl-images-amazon.com/images/I/71gTtCJDNiL._SL1600_.jpg
REV0025170_IMG01,REV0025170,B09NY6QZWC,https://images-na.ssl-images-amazon.com/images/I/71-rpFNPUEL._SL1600_.jpg
REV0025202_IMG01,REV0025202,B0763SGBC6,https://m.media-amazon.com/images/I/81CT6zoKKGL._SL1600_.jpg
REV0025202_IMG02,REV0025202,B0763SGBC6,https://m.media-amazon.com/images/I/81YBdHl7wUL._SL1600_.jpg
REV0025202_IMG03,REV0025202,B0763SGBC6,https://m.media-amazon.com/images/I/91gbCN87-wL._SL1600_.jpg
REV0025264_IMG01,REV0025264,B0BP4W4TN1,https://m.media-amazon.com/images/I/51C7Nml2F2L._SL1600_.jpg
REV0025264_IMG02,REV0025264,B0BP4W4TN1,https://m.media-amazon.com/images/I/51MSMwiwJVL._SL1600_.jpg
REV0025264_IMG03,REV0025264,B0BP4W4TN1,https://m.media-amazon.com/images/I/61IF9zF73hL._SL1600_.jpg
REV0025264_IMG04,REV0025264,B0BP4W4TN1,https://m.media-amazon.com/images/I/71+Q1+hGK5L._SL1600_.jpg
REV0025264_IMG05,REV0025264,B0BP4W4TN1,https://m.media-amazon.com/images/I/71McT0L4k0L._SL1600_.jpg
REV0025264_IMG06,REV0025264,B0BP4W4TN1,https://m.media-amazon.com/images/I/71vR5PdhdpL._SL1600_.jpg
REV0025297_IMG01,REV0025297,B08DQ5GZK4,https://m.media-amazon.com/images/I/61JRgCUGB6L._SL1600_.jpg
REV0025303_IMG01,REV0025303,B08BPDTL1H,https://images-na.ssl-images-amazon.com/images/I/A1CR0Nf5h+L._SL1600_.jpg
REV0025304_IMG01,REV0025304,B07QV4YMLF,https://images-na.ssl-images-amazon.com/images/I/9121Xhe0LoL._SL1600_.jpg
REV0025304_IMG02,REV0025304,B07QV4YMLF,https://images-na.ssl-images-amazon.com/images/I/91O8HwGS5cL._SL1600_.jpg
REV0025306_IMG01,REV0025306,B07GG6KP6H,https://images-na.ssl-images-amazon.com/images/I/71qvklXQVnL.jpg
REV0025325_IMG01,REV0025325,B0BGHF3RYM,https://m.media-amazon.com/images/I/61JGQw7ZC4L._SL1600_.jpg
REV0025325_IMG02,REV0025325,B0BGHF3RYM,https://m.media-amazon.com/images/I/71LtisNhO2L._SL1600_.jpg
REV0025325_IMG03,REV0025325,B0BGHF3RYM,https://m.media-amazon.com/images/I/815GYLyUP6L._SL1600_.jpg
REV0025337_IMG01,REV0025337,B08QFQF9HG,https://m.media-amazon.com/images/I/71-A7aKPzOL._SL1600_.jpg
REV0025389_IMG01,REV0025389,B07RNJY499,https://m.media-amazon.com/images/I/61ewtJ7lgiL._SL1600_.jpg
REV0025399_IMG01,REV0025399,B07QC7JRDP,https://m.media-amazon.com/images/I/51oHURJBkXL._SL1600_.jpg
REV0025401_IMG01,REV0025401,B002ZNCBNE,https://m.media-amazon.com/images/I/81W1UhKk-ML._SL1600_.jpg
REV0025402_IMG01,REV0025402,B00LEO3XNM,https://images-na.ssl-images-amazon.com/images/I/714agiuM8WL.jpg
REV0025402_IMG02,REV0025402,B00LEO3XNM,https://images-na.ssl-images-amazon.com/images/I/71idSw3nqPL.jpg
REV0025406_IMG01,REV0025406,B07TSG8F98,https://images-na.ssl-images-amazon.com/images/I/615zFPtjseL.jpg
REV0025424_IMG01,REV0025424,B07H3B3278,https://m.media-amazon.com/images/I/71+P8r-oF-L._SL1600_.jpg
REV0025455_IMG01,REV0025455,B07H3BNVBY,https://images-na.ssl-images-amazon.com/images/I/61+83clwNLL.jpg
REV0025455_IMG02,REV0025455,B07H3BNVBY,https://images-na.ssl-images-amazon.com/images/I/71BmUI30G3L.jpg
REV0025457_IMG01,REV0025457,B085RK8FVZ,https://images-na.ssl-images-amazon.com/images/I/81W7+Be7aiL._SL1600_.jpg
REV0025457_IMG02,REV0025457,B085RK8FVZ,https://images-na.ssl-images-amazon.com/images/I/81tOeKbkpVL._SL1600_.jpg
REV0025478_IMG01,REV0025478,B07CQ8J3XZ,https://m.media-amazon.com/images/I/61y+NjT2fHL._SL1600_.jpg
REV0025478_IMG02,REV0025478,B07CQ8J3XZ,https://m.media-amazon.com/images/I/71hphebs0GL._SL1600_.jpg
REV0025499_IMG01,REV0025499,B08544SNNP,https://images-na.ssl-images-amazon.com/images/I/71AAd7T+N-L._SL1600_.jpg
REV0025544_IMG01,REV0025544,B000H5WXNK,https://images-na.ssl-images-amazon.com/images/I/C1neXC2PqaS._SL1600_.jpg
REV0025546_IMG01,REV0025546,B0B69D699Q,https://images-na.ssl-images-amazon.com/images/I/61oiSB35xWL.jpg
REV0025546_IMG02,REV0025546,B0B69D699Q,https://images-na.ssl-images-amazon.com/images/I/71XDEL1YCFL.jpg
REV0025563_IMG01,REV0025563,B09GL6SRNJ,https://m.media-amazon.com/images/I/61FEGJMyOuL._SL1600_.jpg
REV0025609_IMG01,REV0025609,B07RNJY499,https://images-na.ssl-images-amazon.com/images/I/61q5mlboTZL.jpg
REV0025609_IMG02,REV0025609,B07RNJY499,https://images-na.ssl-images-amazon.com/images/I/7100r8cF4fL.jpg
REV0025609_IMG03,REV0025609,B07RNJY499,https://images-na.ssl-images-amazon.com/images/I/71q4VjsOFrL.jpg
REV0025649_IMG01,REV0025649,B074124N36,https://m.media-amazon.com/images/I/61+KzJ0H1mL._SL1600_.jpg
REV0025657_IMG01,REV0025657,B0BK11DDLD,https://images-na.ssl-images-amazon.com/images/I/710kUVTe3xL.jpg
REV0025657_IMG02,REV0025657,B0BK11DDLD,https://images-na.ssl-images-amazon.com/images/I/81yKnyeKZ9L.jpg
REV0025687_IMG01,REV0025687,B00G5N1A3M,https://images-na.ssl-images-amazon.com/images/I/71goPXj92vL.jpg
REV0025687_IMG02,REV0025687,B00G5N1A3M,https://images-na.ssl-images-amazon.com/images/I/71q8UvEf7nL.jpg
REV0025688_IMG01,REV0025688,B078FH587H,https://m.media-amazon.com/images/I/71BLpvYjEML._SL1600_.jpg
REV0025688_IMG02,REV0025688,B078FH587H,https://m.media-amazon.com/images/I/81WXLxY7GuL._SL1600_.jpg
REV0025688_IMG03,REV0025688,B078FH587H,https://m.media-amazon.com/images/I/81cQEJ70xgL._SL1600_.jpg
REV0025688_IMG04,REV0025688,B078FH587H,https://m.media-amazon.com/images/I/81z-VJbwPsL._SL1600_.jpg
REV0025711_IMG01,REV0025711,B0045LLC7K,https://images-na.ssl-images-amazon.com/images/I/61cgQlKBX+L.jpg
REV0025719_IMG01,REV0025719,B07CYNWTXK,https://images-na.ssl-images-amazon.com/images/I/717jCpsGFLL.jpg
REV0025719_IMG02,REV0025719,B07CYNWTXK,https://images-na.ssl-images-amazon.com/images/I/71BwuduTWxL.jpg
REV0025755_IMG01,REV0025755,B0B4SHF3F8,https://m.media-amazon.com/images/I/81rr+hrFXEL._SL1600_.jpg
REV0025761_IMG01,REV0025761,B08BPDTL1H,https://images-na.ssl-images-amazon.com/images/I/81tjheQln2L._SL1600_.jpg
REV0025795_IMG01,REV0025795,B09VTZ54J7,https://images-na.ssl-images-amazon.com/images/I/71dXAEZ0OWL.jpg
REV0025802_IMG01,REV0025802,B07YRH21KV,https://m.media-amazon.com/images/I/714a2lFI7DL._SL1600_.jpg
REV0025845_IMG01,REV0025845,B07MR7V7P4,https://images-na.ssl-images-amazon.com/images/I/6189q4mVVfL._SL1600_.jpg
REV0025853_IMG01,REV0025853,B09B75NWLG,https://m.media-amazon.com/images/I/716lkZmVH-L._SL1600_.jpg
REV0025874_IMG01,REV0025874,B06XR96P3Z,https://images-na.ssl-images-amazon.com/images/I/B1zQDaJ11VS._SL1600_.jpg
REV0025923_IMG01,REV0025923,B081X2V1SX,https://m.media-amazon.com/images/I/51k4tYZxhRL._SL1600_.jpg
REV0025981_IMG01,REV0025981,B09HRB1TFD,https://m.media-amazon.com/images/I/81Ma68Vd9RL._SL1600_.jpg
REV0025986_IMG01,REV0025986,B07GG6KP6H,https://images-na.ssl-images-amazon.com/images/I/61eejyOXgEL.jpg
REV0025986_IMG02,REV0025986,B07GG6KP6H,https://images-na.ssl-images-amazon.com/images/I/61quY7SFofL.jpg
REV0026006_IMG01,REV0026006,B092Z2BNC6,https://images-na.ssl-images-amazon.com/images/I/81MH2zBbJ9L._SL1600_.jpg
REV0026026_IMG01,REV0026026,B0737B6HGR,https://images-na.ssl-images-amazon.com/images/I/61CTRmYi2DL.jpg
REV0026048_IMG01,REV0026048,B09R72Y954,https://m.media-amazon.com/images/I/71gYUc77EdL._SL1600_.jpg
REV0026107_IMG01,REV0026107,B07RNJY499,https://images-na.ssl-images-amazon.com/images/I/716eTf-SnoL.jpg
REV0026132_IMG01,REV0026132,B004H3XSVE,https://images-na.ssl-images-amazon.com/images/I/71+61qjmVIL.jpg
REV0026137_IMG01,REV0026137,B08CDF7HG4,https://images-na.ssl-images-amazon.com/images/I/B1qVP-K5ZaS._SL1600_.jpg
REV0026137_IMG02,REV0026137,B08CDF7HG4,https://images-na.ssl-images-amazon.com/images/I/C1rwQYRRWhS._SL1600_.jpg
REV0026147_IMG01,REV0026147,B07VXLVHGL,https://images-na.ssl-images-amazon.com/images/I/61X1S3Wmi9L.jpg
REV0026147_IMG02,REV0026147,B07VXLVHGL,https://images-na.ssl-images-amazon.com/images/I/71E9dV2RqvL.jpg
REV0026147_IMG03,REV0026147,B07VXLVHGL,https://images-na.ssl-images-amazon.com/images/I/71ptSBkegFL.jpg
REV0026184_IMG01,REV0026184,B075M6J6X8,https://images-na.ssl-images-amazon.com/images/I/C1KxuLqyCoS._SL1600_.jpg
REV0026188_IMG01,REV0026188,B07DNXWC18,https://images-na.ssl-images-amazon.com/images/I/41Vzw+oefJL._SL1600_.jpg
REV0026221_IMG01,REV0026221,B001ICYB2M,https://images-na.ssl-images-amazon.com/images/I/719S2dOAMpL.jpg
REV0026221_IMG02,REV0026221,B001ICYB2M,https://images-na.ssl-images-amazon.com/images/I/71py8wLK1sL.jpg
REV0026222_IMG01,REV0026222,B07YXRTY6F,https://m.media-amazon.com/images/I/71hqvIBN1XL._SL1600_.jpg
REV0026222_IMG02,REV0026222,B07YXRTY6F,https://m.media-amazon.com/images/I/71u7GbIdv7L._SL1600_.jpg
REV0026242_IMG01,REV0026242,B0049I2NPY,https://images-na.ssl-images-amazon.com/images/I/612vYvTXtSL.jpg
REV0026242_IMG02,REV0026242,B0049I2NPY,https://images-na.ssl-images-amazon.com/images/I/61e+hINBrRL.jpg
REV0026283_IMG01,REV0026283,B09MM7BH9P,https://images-na.ssl-images-amazon.com/images/I/71A8LToeSQL.jpg
REV0026318_IMG01,REV0026318,B0BV5PZ6PJ,https://m.media-amazon.com/images/I/61OMErpTkeL._SL1600_.jpg
REV0026318_IMG02,REV0026318,B0BV5PZ6PJ,https://m.media-amazon.com/images/I/7178aROEBBL._SL1600_.jpg
REV0026318_IMG03,REV0026318,B0BV5PZ6PJ,https://m.media-amazon.com/images/I/71FIwP+R5PL._SL1600_.jpg
REV0026318_IMG04,REV0026318,B0BV5PZ6PJ,https://m.media-amazon.com/images/I/71cUuArE1TL._SL1600_.jpg
REV0026327_IMG01,REV0026327,B0BCYQQR5R,https://m.media-amazon.com/images/I/71DM+tyLs-L._SL1600_.jpg
REV0026329_IMG01,REV0026329,B00ZPN3OA0,https://images-na.ssl-images-amazon.com/images/I/7135wq6aqAL.jpg
REV0026329_IMG02,REV0026329,B00ZPN3OA0,https://images-na.ssl-images-amazon.com/images/I/718W6eOES9L.jpg
REV0026338_IMG01,REV0026338,B085RNS1G7,https://images-na.ssl-images-amazon.com/images/I/8137l-tVF8L._SL1600_.jpg
REV0026338_IMG02,REV0026338,B085RNS1G7,https://images-na.ssl-images-amazon.com/images/I/81y9g5NuWeL._SL1600_.jpg
REV0026342_IMG01,REV0026342,B0BNN6GLK7,https://m.media-amazon.com/images/I/61LoURjU8oL._SL1600_.jpg
REV0026419_IMG01,REV0026419,B0737B6HGR,https://images-na.ssl-images-amazon.com/images/I/711GJrlWaVL.jpg
REV0026458_IMG01,REV0026458,B00IKMWQMK,https://images-na.ssl-images-amazon.com/images/I/81Kq4fUvR3L._SL1600_.jpg
REV0026528_IMG01,REV0026528,B092S4GXQB,https://images-na.ssl-images-amazon.com/images/I/C1co1R9oqBS._SL1600_.jpg
REV0026586_IMG01,REV0026586,B001TH7H0E,https://images-na.ssl-images-amazon.com/images/I/81iiZTb9BnL.jpg
REV0026593_IMG01,REV0026593,B00E8KC36M,https://images-na.ssl-images-amazon.com/images/I/619ApMSS90L.jpg
REV0026610_IMG01,REV0026610,B095WPVWHW,https://m.media-amazon.com/images/I/61BWURq47qL._SL1600_.jpg
REV0026610_IMG02,REV0026610,B095WPVWHW,https://m.media-amazon.com/images/I/61tyTYvbNqL._SL1600_.jpg
REV0026610_IMG03,REV0026610,B095WPVWHW,https://m.media-amazon.com/images/I/61yoBJQCQlL._SL1600_.jpg
REV0026618_IMG01,REV0026618,B07TSG8F98,https://m.media-amazon.com/images/I/71GO4TJeGQL._SL1600_.jpg
REV0026618_IMG02,REV0026618,B07TSG8F98,https://m.media-amazon.com/images/I/81c+Elt+3lL._SL1600_.jpg
REV0026774_IMG01,REV0026774,B07MPWR2R4,https://images-na.ssl-images-amazon.com/images/I/71qeCuep+pL.jpg
REV0026785_IMG01,REV0026785,B07P13ZDSM,https://m.media-amazon.com/images/I/71cWTiyxLgL._SL1600_.jpg
REV0026801_IMG01,REV0026801,B0BYX598BT,https://m.media-amazon.com/images/I/21WqRiwfxdL._SL1600_.jpg
REV0026801_IMG02,REV0026801,B0BYX598BT,https://m.media-amazon.com/images/I/31+6caOk5OL._SL1600_.jpg
REV0026845_IMG01,REV0026845,B082S9JRRX,https://images-na.ssl-images-amazon.com/images/I/61P5kee25+L._SL1600_.jpg
REV0026861_IMG01,REV0026861,B08MMJ8RM7,https://images-na.ssl-images-amazon.com/images/I/613bgq5ciQL.jpg
REV0026861_IMG02,REV0026861,B08MMJ8RM7,https://images-na.ssl-images-amazon.com/images/I/71qQU71gTnL.jpg
REV0026875_IMG01,REV0026875,B001FREYN6,https://m.media-amazon.com/images/I/71d+zuCGsRL._SL1600_.jpg
REV0026875_IMG02,REV0026875,B001FREYN6,https://m.media-amazon.com/images/I/71d+zuCGsRL._SL1600_.jpg
REV0026908_IMG01,REV0026908,B07WFFXFZB,https://images-na.ssl-images-amazon.com/images/I/71Z29YSoGxL._SL1600_.jpg
REV0026908_IMG02,REV0026908,B07WFFXFZB,https://images-na.ssl-images-amazon.com/images/I/81DdjB4GfbL._SL1600_.jpg
REV0026908_IMG03,REV0026908,B07WFFXFZB,https://images-na.ssl-images-amazon.com/images/I/81IwQu1czvL._SL1600_.jpg
REV0026908_IMG04,REV0026908,B07WFFXFZB,https://images-na.ssl-images-amazon.com/images/I/81tD87CAWUL._SL1600_.jpg
REV0026912_IMG01,REV0026912,B0752B57FG,https://m.media-amazon.com/images/I/61jksV4jiPL._SL1600_.jpg
REV0026912_IMG02,REV0026912,B0752B57FG,https://m.media-amazon.com/images/I/71o7edFdg6L._SL1600_.jpg
REV0026941_IMG01,REV0026941,B083PWDFTS,https://m.media-amazon.com/images/I/81WvT1X3r+L._SL1600_.jpg
REV0026949_IMG01,REV0026949,B083HRNMML,https://images-na.ssl-images-amazon.com/images/I/819SByAcBwL._SL1600_.jpg
REV0027023_IMG01,REV0027023,B019RF0FV2,https://images-na.ssl-images-amazon.com/images/I/A1CcbDYhCcL._SL1600_.jpg
REV0027050_IMG01,REV0027050,B06XHG5G14,https://m.media-amazon.com/images/I/81S7lrWTVVL._SL1600_.jpg
REV0027069_IMG01,REV0027069,B0B9H5NZRD,https://images-na.ssl-images-amazon.com/images/I/61PIm7q3IgL.jpg
REV0027085_IMG01,REV0027085,B08PCWTT4X,https://m.media-amazon.com/images/I/6160h1NovrL._SL1600_.jpg
REV0027085_IMG02,REV0027085,B08PCWTT4X,https://m.media-amazon.com/images/I/71D3Dsa0YaL._SL1600_.jpg
REV0027097_IMG01,REV0027097,B07FWV5DMN,https://m.media-amazon.com/images/I/51rqcLrySaL._SL1600_.jpg
REV0027097_IMG02,REV0027097,B07FWV5DMN,https://m.media-amazon.com/images/I/61WKdpOBBfL._SL1600_.jpg
REV0027097_IMG03,REV0027097,B07FWV5DMN,https://m.media-amazon.com/images/I/61XV8LYQBIL._SL1600_.jpg
REV0027097_IMG04,REV0027097,B07FWV5DMN,https://m.media-amazon.com/images/I/71Ly8FCP1CL._SL1600_.jpg
REV0027097_IMG05,REV0027097,B07FWV5DMN,https://m.media-amazon.com/images/I/71QilPELw-L._SL1600_.jpg
REV0027098_IMG01,REV0027098,B0737B6HGR,https://m.media-amazon.com/images/I/71C10Xhc0dL._SL1600_.jpg
REV0027108_IMG01,REV0027108,B07RNJY499,https://images-na.ssl-images-amazon.com/images/I/71SxXTrNXBL.jpg
REV0027156_IMG01,REV0027156,B081TLZFK8,https://m.media-amazon.com/images/I/81S-a4HAsyL._SL1600_.jpg
REV0027168_IMG01,REV0027168,B0C5HTFGNF,https://m.media-amazon.com/images/I/71FGkbatLFL._SL1600_.jpg
REV0027168_IMG02,REV0027168,B0C5HTFGNF,https://m.media-amazon.com/images/I/81yG3g4SAEL._SL1600_.jpg
REV0027224_IMG01,REV0027224,B07K2PV2R9,https://m.media-amazon.com/images/I/61lrNiCmxYL._SL1600_.jpg
REV0027234_IMG01,REV0027234,B07488SRD7,https://images-na.ssl-images-amazon.com/images/I/71+5KohgCeL.jpg
REV0027235_IMG01,REV0027235,B00CXNI720,https://images-na.ssl-images-amazon.com/images/I/71m8cHVb2nL.jpg
REV0027291_IMG01,REV0027291,B08HD944LH,https://m.media-amazon.com/images/I/71jlTGCw+GL._SL1600_.jpg
REV0027292_IMG01,REV0027292,B0BLY43NLL,https://images-na.ssl-images-amazon.com/images/I/71tBkdGPu8L._SL1600_.jpg
REV0027292_IMG02,REV0027292,B0BLY43NLL,https://images-na.ssl-images-amazon.com/images/I/71zT2nTt84L._SL1600_.jpg
REV0027305_IMG01,REV0027305,B089DMYHQW,https://images-na.ssl-images-amazon.com/images/I/91YluQEplcL._SL1600_.jpg
REV0027384_IMG01,REV0027384,B0763SGBC6,https://images-na.ssl-images-amazon.com/images/I/71LE7cxV3aL.jpg
REV0027384_IMG02,REV0027384,B0763SGBC6,https://images-na.ssl-images-amazon.com/images/I/81N45rdScfL.jpg
REV0027397_IMG01,REV0027397,B081K4Q6KQ,https://m.media-amazon.com/images/I/51GXJKCB+3L._SL1600_.jpg
REV0027397_IMG02,REV0027397,B081K4Q6KQ,https://m.media-amazon.com/images/I/51v5wkwg9OL._SL1600_.jpg
REV0027397_IMG03,REV0027397,B081K4Q6KQ,https://m.media-amazon.com/images/I/61FhIyI0hVL._SL1600_.jpg
REV0027451_IMG01,REV0027451,B07V9PLKZY,https://images-na.ssl-images-amazon.com/images/I/61WxmrhEfKL._SL1600_.jpg
REV0027452_IMG01,REV0027452,B09HFDP5CF,https://images-na.ssl-images-amazon.com/images/I/B1EitJp+m7S._SL1600_.jpg
REV0027457_IMG01,REV0027457,B085R91V61,https://images-na.ssl-images-amazon.com/images/I/B1IRM3LSx1S._SL1600_.jpg
REV0027457_IMG02,REV0027457,B085R91V61,https://images-na.ssl-images-amazon.com/images/I/B1KdDcTQsDS._SL1600_.jpg
REV0027485_IMG01,REV0027485,B095BCQMXX,https://images-na.ssl-images-amazon.com/images/I/B1P-6CxPuVS._SL1600_.jpg
REV0027485_IMG02,REV0027485,B095BCQMXX,https://images-na.ssl-images-amazon.com/images/I/B1xBsAk6PfS._SL1600_.jpg
REV0027522_IMG01,REV0027522,B0B36BYTH8,https://m.media-amazon.com/images/I/71AqS50qwKL._SL1600_.jpg
REV0027543_IMG01,REV0027543,B07QC7JRDP,https://images-na.ssl-images-amazon.com/images/I/71lO-Jt7jpL._SL1600_.jpg
REV0027551_IMG01,REV0027551,B07T8G8G5S,https://images-na.ssl-images-amazon.com/images/I/41tGFOnnNSL._SL1600_.jpg
REV0027567_IMG01,REV0027567,B06XP8WLFS,https://m.media-amazon.com/images/I/61mZKuBvo9L._SL1600_.jpg
REV0027572_IMG01,REV0027572,B0C5DBKGTB,https://images-na.ssl-images-amazon.com/images/I/817vPOPBmdL._SL1600_.jpg
REV0027572_IMG02,REV0027572,B0C5DBKGTB,https://images-na.ssl-images-amazon.com/images/I/81cGEnOIOBL._SL1600_.jpg
REV0027580_IMG01,REV0027580,B07RNJY499,https://images-na.ssl-images-amazon.com/images/I/71PXAW6rfkL.jpg
REV0027591_IMG01,REV0027591,B0BFL4PGYG,https://m.media-amazon.com/images/I/71+kxcrD3lL._SL1600_.jpg
REV0027598_IMG01,REV0027598,B001ICYB2M,https://m.media-amazon.com/images/I/71k6SYgfEuL._SL1600_.jpg
REV0027604_IMG01,REV0027604,B0C4LRKXNV,https://images-na.ssl-images-amazon.com/images/I/B1YnmDlrG9S._SL1600_.jpg
REV0027604_IMG02,REV0027604,B0C4LRKXNV,https://images-na.ssl-images-amazon.com/images/I/B1u7n56FnPS._SL1600_.jpg
REV0027702_IMG01,REV0027702,B09RT3FLV3,https://m.media-amazon.com/images/I/71K3goOfT-L._SL1600_.jpg
REV0027708_IMG01,REV0027708,B07WTXWC32,https://images-na.ssl-images-amazon.com/images/I/71XBCUVr6LL._SL1600_.jpg
REV0027708_IMG02,REV0027708,B07WTXWC32,https://images-na.ssl-images-amazon.com/images/I/71bcDUsxAHL._SL1600_.jpg
REV0027728_IMG01,REV0027728,B01N98C33F,https://images-na.ssl-images-amazon.com/images/I/71cvSWlEBKL.jpg
REV0027728_IMG02,REV0027728,B01N98C33F,https://images-na.ssl-images-amazon.com/images/I/71yitSky5XL.jpg
REV0027747_IMG01,REV0027747,B09BXVS17S,https://images-na.ssl-images-amazon.com/images/I/A1NxX6L5Z1L._SL1600_.jpg
REV0027747_IMG02,REV0027747,B09BXVS17S,https://images-na.ssl-images-amazon.com/images/I/B17BAY9Y1CS._SL1600_.jpg
REV0027747_IMG03,REV0027747,B09BXVS17S,https://images-na.ssl-images-amazon.com/images/I/B1L13BPg8bS._SL1600_.jpg
REV0027751_IMG01,REV0027751,B0C36XXTMG,https://m.media-amazon.com/images/I/61-e9G91MIL._SL1600_.jpg
REV0027791_IMG01,REV0027791,B07MN3MK34,https://images-na.ssl-images-amazon.com/images/I/71kxNtNgKXL.jpg
REV0027807_IMG01,REV0027807,B083HYXC4Q,https://images-na.ssl-images-amazon.com/images/I/418L-Z+zKNL._SL1600_.jpg
REV0027807_IMG02,REV0027807,B083HYXC4Q,https://images-na.ssl-images-amazon.com/images/I/51JKU7On63L._SL1600_.jpg
REV0027807_IMG03,REV0027807,B083HYXC4Q,https://images-na.ssl-images-amazon.com/images/I/51jfxJY+9bL._SL1600_.jpg
REV0027821_IMG01,REV0027821,B083KNHK33,https://m.media-amazon.com/images/I/614YrRaIxtL._SL1600_.jpg
REV0027821_IMG02,REV0027821,B083KNHK33,https://m.media-amazon.com/images/I/61oHByalHiL._SL1600_.jpg
REV0027857_IMG01,REV0027857,B07VWXPRVS,https://m.media-amazon.com/images/I/71Lf+sk9OVL._SL1600_.jpg
REV0027945_IMG01,REV0027945,B0B2DD4V71,https://m.media-amazon.com/images/I/61AC5Ps5dGL._SL1600_.jpg
REV0027945_IMG02,REV0027945,B0B2DD4V71,https://m.media-amazon.com/images/I/61xAPktKHqL._SL1600_.jpg
REV0027945_IMG03,REV0027945,B0B2DD4V71,https://m.media-amazon.com/images/I/71+dynMvgKL._SL1600_.jpg
REV0027945_IMG04,REV0027945,B0B2DD4V71,https://m.media-amazon.com/images/I/71SQKGwrjdL._SL1600_.jpg
REV0027950_IMG01,REV0027950,B01FG7OLHY,https://m.media-amazon.com/images/I/71RFth-wX1L._SL1600_.jpg
REV0027957_IMG01,REV0027957,B07MC5TBNS,https://images-na.ssl-images-amazon.com/images/I/81Adr69U-ML.jpg
REV0027957_IMG02,REV0027957,B07MC5TBNS,https://images-na.ssl-images-amazon.com/images/I/81ivG+S3V0L.jpg
REV0027973_IMG01,REV0027973,B09Z2TS5XY,https://m.media-amazon.com/images/I/51vLAAhBwyL._SL1600_.jpg
REV0027973_IMG02,REV0027973,B09Z2TS5XY,https://m.media-amazon.com/images/I/61DMg3boFNL._SL1600_.jpg
REV0028000_IMG01,REV0028000,B019RF0FV2,https://m.media-amazon.com/images/I/61rAPgWJslL._SL1600_.jpg
REV0028002_IMG01,REV0028002,B0BDXKSHY1,https://m.media-amazon.com/images/I/712RdY-Y17L._SL1600_.jpg
REV0028010_IMG01,REV0028010,B0BWY39LNJ,https://m.media-amazon.com/images/I/B1vQ88yKOuS._SL1600_.jpg
REV0028027_IMG01,REV0028027,B0BBPS9YX3,https://m.media-amazon.com/images/I/71y8-DEJhnL._SL1600_.jpg
REV0028042_IMG01,REV0028042,B0826N5X4Y,https://images-na.ssl-images-amazon.com/images/I/81xI40DCAbL._SL1600_.jpg
REV0028083_IMG01,REV0028083,B08SBJRJGV,https://m.media-amazon.com/images/I/8151zbfZARL._SL1600_.jpg
REV0028149_IMG01,REV0028149,B00AMF7X2G,https://images-na.ssl-images-amazon.com/images/I/71RuX9vWq8L.jpg
REV0028152_IMG01,REV0028152,B00XNK6ZG2,https://images-na.ssl-images-amazon.com/images/I/717ALyQExRL.jpg
REV0028152_IMG02,REV0028152,B00XNK6ZG2,https://images-na.ssl-images-amazon.com/images/I/71TM0ltDi1L.jpg
REV0028152_IMG03,REV0028152,B00XNK6ZG2,https://images-na.ssl-images-amazon.com/images/I/71Wv4VpaTAL.jpg
REV0028152_IMG04,REV0028152,B00XNK6ZG2,https://images-na.ssl-images-amazon.com/images/I/71Z3Dy2Q7-L.jpg
REV0028152_IMG05,REV0028152,B00XNK6ZG2,https://images-na.ssl-images-amazon.com/images/I/81pRW3QlU3L.jpg
REV0028189_IMG01,REV0028189,B07B94ZR74,https://m.media-amazon.com/images/I/61C2sM6F-aL._SL1600_.jpg
REV0028189_IMG02,REV0028189,B07B94ZR74,https://m.media-amazon.com/images/I/61CClXjh43L._SL1600_.jpg
REV0028205_IMG01,REV0028205,B095C9GXN4,https://m.media-amazon.com/images/I/7188hbs0AaL._SL1600_.jpg
REV0028260_IMG01,REV0028260,B07FKM46F8,https://m.media-amazon.com/images/I/61Z8XQDPq5L._SL1600_.jpg
REV0028264_IMG01,REV0028264,B0C4QBZHT2,https://m.media-amazon.com/images/I/61m1rJjZA7L._SL1600_.jpg
REV0028264_IMG02,REV0028264,B0C4QBZHT2,https://m.media-amazon.com/images/I/61yUrfkE9BL._SL1600_.jpg
REV0028264_IMG03,REV0028264,B0C4QBZHT2,https://m.media-amazon.com/images/I/71-oOUEBM4L._SL1600_.jpg
REV0028379_IMG01,REV0028379,B08D4S6MND,https://images-na.ssl-images-amazon.com/images/I/71LC1VYQQZL._SL1600_.jpg
REV0028379_IMG02,REV0028379,B08D4S6MND,https://images-na.ssl-images-amazon.com/images/I/71jPUs57n+L._SL1600_.jpg
REV0028379_IMG03,REV0028379,B08D4S6MND,https://images-na.ssl-images-amazon.com/images/I/81njamSQo9L._SL1600_.jpg
REV0028446_IMG01,REV0028446,B09ZHKRQCL,https://images-na.ssl-images-amazon.com/images/I/61QAi4y1ETL._SL1600_.jpg
REV0028446_IMG02,REV0028446,B09ZHKRQCL,https://images-na.ssl-images-amazon.com/images/I/71mx7BMoE7L._SL1600_.jpg
REV0028451_IMG01,REV0028451,B07Y9S7L29,https://m.media-amazon.com/images/I/61ttVyh1EsL._SL1600_.jpg
REV0028451_IMG02,REV0028451,B07Y9S7L29,https://m.media-amazon.com/images/I/61uvgnORPFL._SL1600_.jpg
REV0028451_IMG03,REV0028451,B07Y9S7L29,https://m.media-amazon.com/images/I/71CpXEDdq9L._SL1600_.jpg
REV0028451_IMG04,REV0028451,B07Y9S7L29,https://m.media-amazon.com/images/I/816EboNoXeL._SL1600_.jpg
REV0028465_IMG01,REV0028465,B0C7G1VY62,https://images-na.ssl-images-amazon.com/images/I/71-R1svBEoL.jpg
REV0028467_IMG01,REV0028467,B097QX32H2,https://m.media-amazon.com/images/I/612to0oESiL._SL1600_.jpg
REV0028468_IMG01,REV0028468,B09PGQMSW3,https://m.media-amazon.com/images/I/71RvhBWkshL._SL1600_.jpg
REV0028494_IMG01,REV0028494,B0BWRF4CX5,https://m.media-amazon.com/images/I/51MljDHOyBL._SL1600_.jpg
REV0028504_IMG01,REV0028504,B0BMGFVGY4,https://m.media-amazon.com/images/I/712xG0A85HL._SL1600_.jpg
REV0028504_IMG02,REV0028504,B0BMGFVGY4,https://m.media-amazon.com/images/I/71p+yUQNx2L._SL1600_.jpg
REV0028515_IMG01,REV0028515,B07J2WX3RC,https://images-na.ssl-images-amazon.com/images/I/818pqMhaJrL._SL1600_.jpg
REV0028520_IMG01,REV0028520,B083PWDFTS,https://m.media-amazon.com/images/I/61tjM3xzx6L._SL1600_.jpg
REV0028535_IMG01,REV0028535,B0C9SP1VQS,https://images-na.ssl-images-amazon.com/images/I/715KeALWQbL.jpg
REV0028535_IMG02,REV0028535,B0C9SP1VQS,https://images-na.ssl-images-amazon.com/images/I/71twOqMbqxL.jpg
REV0028535_IMG03,REV0028535,B0C9SP1VQS,https://images-na.ssl-images-amazon.com/images/I/817tOnEh5zL.jpg
REV0028535_IMG04,REV0028535,B0C9SP1VQS,https://images-na.ssl-images-amazon.com/images/I/81CtrxET2uL.jpg
REV0028614_IMG01,REV0028614,B09CBF2XCF,https://m.media-amazon.com/images/I/61vHV7e2u2L._SL1600_.jpg
REV0028615_IMG01,REV0028615,B0B6FHBYTR,https://m.media-amazon.com/images/I/71boWmJGWxL._SL1600_.jpg
REV0028615_IMG02,REV0028615,B0B6FHBYTR,https://m.media-amazon.com/images/I/81E2FyKbqNL._SL1600_.jpg
REV0028641_IMG01,REV0028641,B08SJL99GJ,https://m.media-amazon.com/images/I/71EF+tf9HqL._SL1600_.jpg
REV0028647_IMG01,REV0028647,B07RZV1F7B,https://m.media-amazon.com/images/I/71gXl74JmZL._SL1600_.jpg
REV0028650_IMG01,REV0028650,B0958RLTSY,https://images-na.ssl-images-amazon.com/images/I/71KmUbYT8OL.jpg
REV0028654_IMG01,REV0028654,B07DNXWC18,https://images-na.ssl-images-amazon.com/images/I/81KhroYzU3L._SL1600_.jpg
REV0028664_IMG01,REV0028664,B0BYJ8JYL3,https://m.media-amazon.com/images/I/71e3Cplp4ZL._SL1600_.jpg
REV0028664_IMG02,REV0028664,B0BYJ8JYL3,https://m.media-amazon.com/images/I/71ibBxqe3BL._SL1600_.jpg
REV0028664_IMG03,REV0028664,B0BYJ8JYL3,https://m.media-amazon.com/images/I/71zoFrMZVqL._SL1600_.jpg
REV0028664_IMG04,REV0028664,B0BYJ8JYL3,https://m.media-amazon.com/images/I/81MGlTrhoBL._SL1600_.jpg
REV0028682_IMG01,REV0028682,B07ZVLV39J,https://images-na.ssl-images-amazon.com/images/I/71ffRKemNrL._SL1600_.jpg
REV0028754_IMG01,REV0028754,B082S9JRRX,https://images-na.ssl-images-amazon.com/images/I/71gyw5rJIhL._SL1600_.jpg
REV0028768_IMG01,REV0028768,B00UNOSLYU,https://images-na.ssl-images-amazon.com/images/I/71AALKuB9IL._SL1600_.jpg
REV0028815_IMG01,REV0028815,B01FG7OLHY,https://images-na.ssl-images-amazon.com/images/I/71hEih7qTZL._SL1600_.jpg
REV0028821_IMG01,REV0028821,B083HRNMML,https://images-na.ssl-images-amazon.com/images/I/81tjQJYNTQL._SL1600_.jpg
REV0028834_IMG01,REV0028834,B0CC66XD1W,https://m.media-amazon.com/images/I/71C0pZfc6JL._SL1600_.jpg
REV0028885_IMG01,REV0028885,B0C9DPRT35,https://images-na.ssl-images-amazon.com/images/I/71mbIfshklL.jpg
REV0028889_IMG01,REV0028889,B01FG7OLHY,https://m.media-amazon.com/images/I/71NzSGxd83L._SL1600_.jpg
REV0028889_IMG02,REV0028889,B01FG7OLHY,https://m.media-amazon.com/images/I/71RmvgvXOpL._SL1600_.jpg
REV0028923_IMG01,REV0028923,B07Q34QCTJ,https://m.media-amazon.com/images/I/61pGHvyC7vL._SL1600_.jpg
REV0028931_IMG01,REV0028931,B0C4L63N1F,https://m.media-amazon.com/images/I/61Ss-gNQ2qL._SL1600_.jpg
REV0029003_IMG01,REV0029003,B075LFTG6X,https://images-na.ssl-images-amazon.com/images/I/710wD-a0tcL.jpg
REV0029008_IMG01,REV0029008,B07LG8QYFW,https://m.media-amazon.com/images/I/714xJ7W7-HL._SL1600_.jpg
REV0029030_IMG01,REV0029030,B0C7TLL2GB,https://m.media-amazon.com/images/I/610igocf1FL._SL1600_.jpg
REV0029030_IMG02,REV0029030,B0C7TLL2GB,https://m.media-amazon.com/images/I/61ayCxJ9hYL._SL1600_.jpg
REV0029068_IMG01,REV0029068,B0CCSNVLPM,https://images-na.ssl-images-amazon.com/images/I/91iKTVQVzIL._SL1600_.jpg
REV0029075_IMG01,REV0029075,B07Q2G85J8,https://images-na.ssl-images-amazon.com/images/I/81I3g+ZpLHL._SL1600_.jpg
REV0029075_IMG02,REV0029075,B07Q2G85J8,https://images-na.ssl-images-amazon.com/images/I/81Uy-XiOmvL._SL1600_.jpg
REV0029075_IMG03,REV0029075,B07Q2G85J8,https://images-na.ssl-images-amazon.com/images/I/91nj44oy2WL._SL1600_.jpg
REV0029152_IMG01,REV0029152,B08PCWTT4X,https://images-na.ssl-images-amazon.com/images/I/71viamu7y4L.jpg
REV0029152_IMG02,REV0029152,B08PCWTT4X,https://images-na.ssl-images-amazon.com/images/I/81E4PoWetxL.jpg
REV0029178_IMG01,REV0029178,B09CPG4JHK,https://images-na.ssl-images-amazon.com/images/I/B1HgcJec4YS._SL1600_.jpg
REV0029212_IMG01,REV0029212,B00AMF7X2G,https://m.media-amazon.com/images/I/41JWGdONYWL._SL1600_.jpg
REV0029255_IMG01,REV0029255,B07JQ644T2,https://images-na.ssl-images-amazon.com/images/I/51-3vPWPfbL._SL1600_.jpg
REV0029255_IMG02,REV0029255,B07JQ644T2,https://images-na.ssl-images-amazon.com/images/I/51kDdlNMIdL._SL1600_.jpg
REV0029255_IMG03,REV0029255,B07JQ644T2,https://images-na.ssl-images-amazon.com/images/I/61boS09CpHL._SL1600_.jpg
REV0029273_IMG01,REV0029273,B08CGST7RC,https://m.media-amazon.com/images/I/B1L6YNFqj7S._SL1600_.jpg
REV0029278_IMG01,REV0029278,B07PRVFN9L,https://images-na.ssl-images-amazon.com/images/I/615xtCjMUOL._SL1600_.jpg
REV0029278_IMG02,REV0029278,B07PRVFN9L,https://images-na.ssl-images-amazon.com/images/I/61EiJUYKqkL._SL1600_.jpg
REV0029278_IMG03,REV0029278,B07PRVFN9L,https://images-na.ssl-images-amazon.com/images/I/61rZotgSYXL._SL1600_.jpg
REV0029278_IMG04,REV0029278,B07PRVFN9L,https://images-na.ssl-images-amazon.com/images/I/71SLMl-4DiL._SL1600_.jpg
REV0029286_IMG01,REV0029286,B08BPDTL1H,https://images-na.ssl-images-amazon.com/images/I/81Bn3iI+j+L._SL1600_.jpg
REV0029286_IMG02,REV0029286,B08BPDTL1H,https://images-na.ssl-images-amazon.com/images/I/81pj4ZOwMbL._SL1600_.jpg
REV0029289_IMG01,REV0029289,B016YJ4TRU,https://images-na.ssl-images-amazon.com/images/I/61b1zCtdOjL.jpg
REV0029289_IMG02,REV0029289,B016YJ4TRU,https://images-na.ssl-images-amazon.com/images/I/61t8pbikaOL.jpg
REV0029292_IMG01,REV0029292,B0BPHJHPVD,https://m.media-amazon.com/images/I/71EKKbd2tkL._SL1600_.jpg
REV0029292_IMG02,REV0029292,B0BPHJHPVD,https://m.media-amazon.com/images/I/71x-HU12poL._SL1600_.jpg
REV0029321_IMG01,REV0029321,B0B9CCJTDF,https://images-na.ssl-images-amazon.com/images/I/B1MvXJUs63S._SL1600_.jpg
REV0029321_IMG02,REV0029321,B0B9CCJTDF,https://images-na.ssl-images-amazon.com/images/I/B1pLwrZSKQS._SL1600_.jpg
REV0029356_IMG01,REV0029356,B0C11BTB7Z,https://m.media-amazon.com/images/I/61FVE1P8tHL._SL1600_.jpg
REV0029374_IMG01,REV0029374,B01N56KEU6,https://images-na.ssl-images-amazon.com/images/I/C1gzXC8-bES._SL1600_.jpg
REV0029406_IMG01,REV0029406,B00L1JT4YM,https://images-na.ssl-images-amazon.com/images/I/71Tslv54sSL.jpg
REV0029420_IMG01,REV0029420,B0BT1CY693,https://images-na.ssl-images-amazon.com/images/I/61D1ab6xBtL.jpg
REV0029420_IMG02,REV0029420,B0BT1CY693,https://images-na.ssl-images-amazon.com/images/I/61L19bMmRJL.jpg
REV0029420_IMG03,REV0029420,B0BT1CY693,https://images-na.ssl-images-amazon.com/images/I/61tVM3lIWpL.jpg
REV0029441_IMG01,REV0029441,B095C9GXN4,https://m.media-amazon.com/images/I/71hvH2P8UXL._SL1600_.jpg
REV0029455_IMG01,REV0029455,B09D3B5DF9,https://m.media-amazon.com/images/I/71VBY2qFzuL._SL1600_.jpg
REV0029455_IMG02,REV0029455,B09D3B5DF9,https://m.media-amazon.com/images/I/71o7gwVajXL._SL1600_.jpg
REV0029491_IMG01,REV0029491,B08C9RHNKP,https://images-na.ssl-images-amazon.com/images/I/711Dytbdg0L._SL1600_.jpg
REV0029496_IMG01,REV0029496,B08CY3XZMQ,https://images-na.ssl-images-amazon.com/images/I/A12KCy4SSpL._SL1600_.jpg
REV0029496_IMG02,REV0029496,B08CY3XZMQ,https://images-na.ssl-images-amazon.com/images/I/A1co2j+BqqL._SL1600_.jpg
REV0029539_IMG01,REV0029539,B00EBIZ2O6,https://images-na.ssl-images-amazon.com/images/I/71M1925jAVL._SL1600_.jpg
REV0029539_IMG02,REV0029539,B00EBIZ2O6,https://images-na.ssl-images-amazon.com/images/I/81b2kU7-g8L._SL1600_.jpg
REV0029539_IMG03,REV0029539,B00EBIZ2O6,https://images-na.ssl-images-amazon.com/images/I/81w3NWR614L._SL1600_.jpg
REV0029557_IMG01,REV0029557,B07THC8PMM,https://m.media-amazon.com/images/I/71mXazww4yL._SL1600_.jpg
REV0029632_IMG01,REV0029632,B0834XZSVH,https://images-na.ssl-images-amazon.com/images/I/71ZwWcE+hPL.jpg
REV0029641_IMG01,REV0029641,B01ALBMIEI,https://images-na.ssl-images-amazon.com/images/I/B1G1HyRNiDS._SL1600_.jpg
REV0029641_IMG02,REV0029641,B01ALBMIEI,https://images-na.ssl-images-amazon.com/images/I/B1icJkIOQDS._SL1600_.jpg
REV0029684_IMG01,REV0029684,B085ZFLFPC,https://images-na.ssl-images-amazon.com/images/I/61bI9v+lZwL._SL1600_.jpg
REV0029704_IMG01,REV0029704,B08FDD8GZN,https://images-na.ssl-images-amazon.com/images/I/C1hz5nfI8-S._SL1600_.jpg
REV0029713_IMG01,REV0029713,B08H7T3KCY,https://images-na.ssl-images-amazon.com/images/I/91tQZglhIZL._SL1600_.jpg
REV0029729_IMG01,REV0029729,B08DKRTQT3,https://images-na.ssl-images-amazon.com/images/I/71upSf++SjL.jpg
REV0029729_IMG02,REV0029729,B08DKRTQT3,https://images-na.ssl-images-amazon.com/images/I/71wi5iRPZGL.jpg
REV0029730_IMG01,REV0029730,B06X1FWLXW,https://m.media-amazon.com/images/I/61rN-7DfOJL._SL1600_.jpg
REV0029760_IMG01,REV0029760,B082W732T2,https://m.media-amazon.com/images/I/71PvvT-UOtL._SL1600_.jpg
REV0029760_IMG02,REV0029760,B082W732T2,https://m.media-amazon.com/images/I/71zOgP2y8DL._SL1600_.jpg
REV0029771_IMG01,REV0029771,B0784YYSVS,https://images-na.ssl-images-amazon.com/images/I/71X0XGxf1IL.jpg
REV0029777_IMG01,REV0029777,B0B9CCJTDF,https://images-na.ssl-images-amazon.com/images/I/912DaKWPlzL._SL1600_.jpg
REV0029782_IMG01,REV0029782,B09YNN7GDD,https://m.media-amazon.com/images/I/61XpSjp7e4L._SL1600_.jpg
REV0029867_IMG01,REV0029867,B0BGLGNM67,https://m.media-amazon.com/images/I/71JFBnlNMML._SL1600_.jpg
REV0029899_IMG01,REV0029899,B08B3HCJLM,https://m.media-amazon.com/images/I/619HNtCq2OL._SL1600_.jpg
REV0029902_IMG01,REV0029902,B00J7COW6K,https://m.media-amazon.com/images/I/81AT1bnCAGL._SL1600_.jpg
REV0029906_IMG01,REV0029906,B075M4M3H6,https://images-na.ssl-images-amazon.com/images/I/91WjLkIbt+L._SL1600_.jpg
REV0029907_IMG01,REV0029907,B07XL39SVR,https://m.media-amazon.com/images/I/51Vcf3gvxgL._SL1600_.jpg
REV0029907_IMG02,REV0029907,B07XL39SVR,https://m.media-amazon.com/images/I/51m1grO6W3L._SL1600_.jpg
REV0029908_IMG01,REV0029908,B091GNM136,https://m.media-amazon.com/images/I/71z88MPpykL._SL1600_.jpg
REV0029921_IMG01,REV0029921,B0BTBTK796,https://images-na.ssl-images-amazon.com/images/I/71bRteBTfsL.jpg
REV0029940_IMG01,REV0029940,B009AK62U8,https://images-na.ssl-images-amazon.com/images/I/710Kx7Xs6AL.jpg
REV0030055_IMG01,REV0030055,B000PJ6TVK,https://images-na.ssl-images-amazon.com/images/I/71EM0ZpRTAL.jpg
REV0030055_IMG02,REV0030055,B000PJ6TVK,https://images-na.ssl-images-amazon.com/images/I/71kIV4vw2xL.jpg
REV0030063_IMG01,REV0030063,B0C69G8PHH,https://m.media-amazon.com/images/I/71Q2XNA9oVL._SL1600_.jpg
REV0030063_IMG02,REV0030063,B0C69G8PHH,https://m.media-amazon.com/images/I/91KMZ6LB3zL._SL1600_.jpg
REV0030063_IMG03,REV0030063,B0C69G8PHH,https://m.media-amazon.com/images/I/91is3yah5EL._SL1600_.jpg
REV0030071_IMG01,REV0030071,B07L964WTH,https://m.media-amazon.com/images/I/71Fo4BmiNjL._SL1600_.jpg
REV0030071_IMG02,REV0030071,B07L964WTH,https://m.media-amazon.com/images/I/81xPNBNM-4L._SL1600_.jpg
REV0030077_IMG01,REV0030077,B0C7GCZ44M,https://images-na.ssl-images-amazon.com/images/I/712arkU8PvL.jpg
REV0030080_IMG01,REV0030080,B079VRJTM6,https://m.media-amazon.com/images/I/61kSr0xOQRL._SL1600_.jpg
REV0030080_IMG02,REV0030080,B079VRJTM6,https://m.media-amazon.com/images/I/61mqn5YW7RL._SL1600_.jpg
REV0030122_IMG01,REV0030122,B005NK21MM,https://images-na.ssl-images-amazon.com/images/I/717wi3bFgoL.jpg
REV0030122_IMG02,REV0030122,B005NK21MM,https://images-na.ssl-images-amazon.com/images/I/71uHAPeE84L.jpg
REV0030125_IMG01,REV0030125,B0C8JVGC91,https://m.media-amazon.com/images/I/61ys2ufshNL._SL1600_.jpg
REV0030125_IMG02,REV0030125,B0C8JVGC91,https://m.media-amazon.com/images/I/717BX1+1P5L._SL1600_.jpg
REV0030125_IMG03,REV0030125,B0C8JVGC91,https://m.media-amazon.com/images/I/71J+g646HfL._SL1600_.jpg
REV0030125_IMG04,REV0030125,B0C8JVGC91,https://m.media-amazon.com/images/I/71iqoaUiFuL._SL1600_.jpg
REV0030147_IMG01,REV0030147,B0742D5HSG,https://images-na.ssl-images-amazon.com/images/I/61O9J9PELsL.jpg
REV0030147_IMG02,REV0030147,B0742D5HSG,https://images-na.ssl-images-amazon.com/images/I/71HrmSJ3SPL.jpg
REV0030147_IMG03,REV0030147,B0742D5HSG,https://images-na.ssl-images-amazon.com/images/I/71QUCEQVqqL.jpg
REV0030147_IMG04,REV0030147,B0742D5HSG,https://images-na.ssl-images-amazon.com/images/I/71pMDQcYUhL.jpg
REV0030147_IMG05,REV0030147,B0742D5HSG,https://images-na.ssl-images-amazon.com/images/I/71qEaQfVAtL.jpg
REV0030197_IMG01,REV0030197,B07QMZL448,https://images-na.ssl-images-amazon.com/images/I/71pzyhHhFlL._SL1600_.jpg
REV0030218_IMG01,REV0030218,B0081N3YW4,https://images-na.ssl-images-amazon.com/images/I/71U4ejm-nlL.jpg
REV0030281_IMG01,REV0030281,B08DL7XGBR,https://images-na.ssl-images-amazon.com/images/I/C1DrycTNGUS._SL1600_.jpg
REV0030333_IMG01,REV0030333,B00IB4BMDQ,https://images-na.ssl-images-amazon.com/images/I/71y24PwjjmL.jpg
REV0030369_IMG01,REV0030369,B0C5PR3NWJ,https://images-na.ssl-images-amazon.com/images/I/61ooUwTPJeL.jpg
REV0030369_IMG02,REV0030369,B0C5PR3NWJ,https://images-na.ssl-images-amazon.com/images/I/71B+nkhaoUL.jpg
REV0030369_IMG03,REV0030369,B0C5PR3NWJ,https://images-na.ssl-images-amazon.com/images/I/71kIJbhjcyL.jpg
REV0030382_IMG01,REV0030382,B0053Y2I8U,https://images-na.ssl-images-amazon.com/images/I/612rNsTY11L._SL1600_.jpg
REV0030486_IMG01,REV0030486,B09MVV717N,https://m.media-amazon.com/images/I/713HpqHwYGL._SL1600_.jpg
REV0030486_IMG02,REV0030486,B09MVV717N,https://m.media-amazon.com/images/I/715O6e3HePL._SL1600_.jpg
REV0030486_IMG03,REV0030486,B09MVV717N,https://m.media-amazon.com/images/I/71uk0+BIm1L._SL1600_.jpg
REV0030527_IMG01,REV0030527,B07V7FFM9W,https://images-na.ssl-images-amazon.com/images/I/91WUEXRbeLL._SL1600_.jpg
REV0030527_IMG02,REV0030527,B07V7FFM9W,https://images-na.ssl-images-amazon.com/images/I/91zaoAeIRhL._SL1600_.jpg
REV0030563_IMG01,REV0030563,B08GLY6XL5,https://images-na.ssl-images-amazon.com/images/I/81-QhgLIvKL._SL1600_.jpg
REV0030586_IMG01,REV0030586,B00009W3I4,https://m.media-amazon.com/images/I/71vKENK4tsL._SL1600_.jpg
REV0030592_IMG01,REV0030592,B0BMV7X9YJ,https://images-na.ssl-images-amazon.com/images/I/71DMUZP+NwL._SL1600_.jpg
REV0030592_IMG02,REV0030592,B0BMV7X9YJ,https://images-na.ssl-images-amazon.com/images/I/812HKyedhfL._SL1600_.jpg
REV0030592_IMG03,REV0030592,B0BMV7X9YJ,https://images-na.ssl-images-amazon.com/images/I/81BdsNoxvTL._SL1600_.jpg
REV0030592_IMG04,REV0030592,B0BMV7X9YJ,https://images-na.ssl-images-amazon.com/images/I/81H9d+TTQ8L._SL1600_.jpg
REV0030612_IMG01,REV0030612,B08ZHD696S,https://m.media-amazon.com/images/I/719tUhSf0+L._SL1600_.jpg
REV0030612_IMG02,REV0030612,B08ZHD696S,https://m.media-amazon.com/images/I/71mn0-mlffL._SL1600_.jpg
REV0030643_IMG01,REV0030643,B0737B6HGR,https://images-na.ssl-images-amazon.com/images/I/C1NdVKdGFyS._SL1600_.jpg
REV0030659_IMG01,REV0030659,B00JV8GLAK,https://m.media-amazon.com/images/I/71AZVf9qCGL._SL1600_.jpg
REV0030659_IMG02,REV0030659,B00JV8GLAK,https://m.media-amazon.com/images/I/71ZPC4t-lUL._SL1600_.jpg
REV0030659_IMG03,REV0030659,B00JV8GLAK,https://m.media-amazon.com/images/I/71eCRqAsP6L._SL1600_.jpg
REV0030659_IMG04,REV0030659,B00JV8GLAK,https://m.media-amazon.com/images/I/71ncpo15ZTL._SL1600_.jpg
REV0030659_IMG05,REV0030659,B00JV8GLAK,https://m.media-amazon.com/images/I/71pMEsjkKRL._SL1600_.jpg
REV0030666_IMG01,REV0030666,B07KNTTQ1V,https://m.media-amazon.com/images/I/71j2V5zN6OL._SL1600_.jpg
REV0030743_IMG01,REV0030743,B07GWGJ54Q,https://m.media-amazon.com/images/I/71XMHnPBRCL._SL1600_.jpg
REV0030743_IMG02,REV0030743,B07GWGJ54Q,https://m.media-amazon.com/images/I/71gixiYUelL._SL1600_.jpg
REV0030744_IMG01,REV0030744,B09YC8YCV6,https://m.media-amazon.com/images/I/71j0DMVUrUL._SL1600_.jpg
REV0030753_IMG01,REV0030753,B008YDSH6E,https://images-na.ssl-images-amazon.com/images/I/71662Q6fNgL.jpg
REV0030777_IMG01,REV0030777,B09XML7C87,https://images-na.ssl-images-amazon.com/images/I/31V3TNWvEiL._SL1600_.jpg
REV0030814_IMG01,REV0030814,B07LG8QYFW,https://m.media-amazon.com/images/I/71KqnW9t56L._SL1600_.jpg
REV0030814_IMG02,REV0030814,B07LG8QYFW,https://m.media-amazon.com/images/I/81vM9pvYOyL._SL1600_.jpg
REV0030837_IMG01,REV0030837,B01ALBMIEI,https://m.media-amazon.com/images/I/61NOOn+XkAL._SL1600_.jpg
REV0030839_IMG01,REV0030839,B0BLCCH96W,https://m.media-amazon.com/images/I/61AdlOfaoTL._SL1600_.jpg
REV0030839_IMG02,REV0030839,B0BLCCH96W,https://m.media-amazon.com/images/I/61AssDCo2zL._SL1600_.jpg
REV0030839_IMG03,REV0030839,B0BLCCH96W,https://m.media-amazon.com/images/I/61E7JlDdR8L._SL1600_.jpg
REV0030839_IMG04,REV0030839,B0BLCCH96W,https://m.media-amazon.com/images/I/61JIAA0T4oL._SL1600_.jpg
REV0030839_IMG05,REV0030839,B0BLCCH96W,https://m.media-amazon.com/images/I/61LfLl5nA6L._SL1600_.jpg
REV0030839_IMG06,REV0030839,B0BLCCH96W,https://m.media-amazon.com/images/I/61WGUnFtz5L._SL1600_.jpg
REV0030839_IMG07,REV0030839,B0BLCCH96W,https://m.media-amazon.com/images/I/61ifRmI90oL._SL1600_.jpg
REV0030839_IMG08,REV0030839,B0BLCCH96W,https://m.media-amazon.com/images/I/61sOSGPa2iL._SL1600_.jpg
REV0030839_IMG09,REV0030839,B0BLCCH96W,https://m.media-amazon.com/images/I/61wTTp0hwuL._SL1600_.jpg
REV0030862_IMG01,REV0030862,B0B13YYFYT,https://images-na.ssl-images-amazon.com/images/I/71J8FDU2YLL.jpg
REV0030864_IMG01,REV0030864,B00E8KC36M,https://images-na.ssl-images-amazon.com/images/I/71d3Qjj2+rL.jpg
REV0030913_IMG01,REV0030913,B0BWYC982M,https://m.media-amazon.com/images/I/51ftrStQTEL._SL1600_.jpg
REV0030913_IMG02,REV0030913,B0BWYC982M,https://m.media-amazon.com/images/I/61A2w-FjyiL._SL1600_.jpg
REV0030913_IMG03,REV0030913,B0BWYC982M,https://m.media-amazon.com/images/I/61vcxcNOxKL._SL1600_.jpg
REV0030918_IMG01,REV0030918,B0BX9GK3PB,https://images-na.ssl-images-amazon.com/images/I/61KOJcMKDdL.jpg
REV0030918_IMG02,REV0030918,B0BX9GK3PB,https://images-na.ssl-images-amazon.com/images/I/717yEe0QYdL.jpg
REV0030918_IMG03,REV0030918,B0BX9GK3PB,https://images-na.ssl-images-amazon.com/images/I/71YvT-GivPL.jpg
REV0030929_IMG01,REV0030929,B0BBQS2QB1,https://m.media-amazon.com/images/I/61wd0g6EgPL._SL1600_.jpg
REV0030929_IMG02,REV0030929,B0BBQS2QB1,https://m.media-amazon.com/images/I/71SwL+Fg5BL._SL1600_.jpg
REV0030987_IMG01,REV0030987,B00E84Q15C,https://images-na.ssl-images-amazon.com/images/I/71o6Wxq4hCL.jpg
REV0031035_IMG01,REV0031035,B07LF2JCB4,https://images-na.ssl-images-amazon.com/images/I/81KCB9kaNvL._SL1600_.jpg
REV0031041_IMG01,REV0031041,B0B9CCJTDF,https://images-na.ssl-images-amazon.com/images/I/A1L5WtBPQAL._SL1600_.jpg
REV0031041_IMG02,REV0031041,B0B9CCJTDF,https://images-na.ssl-images-amazon.com/images/I/A1sG--MW0aL._SL1600_.jpg
REV0031123_IMG01,REV0031123,B07QC7JRDP,https://images-na.ssl-images-amazon.com/images/I/814tAJEtboL._SL1600_.jpg
REV0031199_IMG01,REV0031199,B07WTXWC32,https://images-na.ssl-images-amazon.com/images/I/71InLssiPvL._SL1600_.jpg
REV0031199_IMG02,REV0031199,B07WTXWC32,https://images-na.ssl-images-amazon.com/images/I/71J8LofucuL._SL1600_.jpg
REV0031199_IMG03,REV0031199,B07WTXWC32,https://images-na.ssl-images-amazon.com/images/I/71R4XfRGA5L._SL1600_.jpg
REV0031199_IMG04,REV0031199,B07WTXWC32,https://images-na.ssl-images-amazon.com/images/I/71ntVGzmSaL._SL1600_.jpg
REV0031207_IMG01,REV0031207,B089DMYHQW,https://images-na.ssl-images-amazon.com/images/I/81bp82eMAUL._SL1600_.jpg
REV0031209_IMG01,REV0031209,B01N2VJIJM,https://m.media-amazon.com/images/I/71gj8qA2EAL._SL1600_.jpg
REV0031210_IMG01,REV0031210,B0BP4W4TN1,https://m.media-amazon.com/images/I/81-Rb21wqpL._SL1600_.jpg
REV0031210_IMG02,REV0031210,B0BP4W4TN1,https://m.media-amazon.com/images/I/81qSVyT0EJL._SL1600_.jpg
REV0031214_IMG01,REV0031214,B00AW04ZMM,https://images-na.ssl-images-amazon.com/images/I/61XNAO5d-rL._SL1600_.jpg
REV0031237_IMG01,REV0031237,B0BX9GK3PB,https://images-na.ssl-images-amazon.com/images/I/71fXVu5tLbL._SL1600_.jpg
REV0031258_IMG01,REV0031258,B01C588W4K,https://images-na.ssl-images-amazon.com/images/I/717dPp8VMAL.jpg
REV0031258_IMG02,REV0031258,B01C588W4K,https://images-na.ssl-images-amazon.com/images/I/71IHlwSp0FL.jpg
REV0031258_IMG03,REV0031258,B01C588W4K,https://images-na.ssl-images-amazon.com/images/I/71Nl7ZJ98XL.jpg
REV0031373_IMG01,REV0031373,B0BGTBHC7P,https://images-na.ssl-images-amazon.com/images/I/61HhHsm9gSL._SL1600_.jpg
REV0031382_IMG01,REV0031382,B07XL39SVR,https://m.media-amazon.com/images/I/415PX8twcAL._SL1600_.jpg
REV0031394_IMG01,REV0031394,B07RZV1F7B,https://m.media-amazon.com/images/I/41rqBPqlJxL._SL1600_.jpg
REV0031416_IMG01,REV0031416,B00AFCH78G,https://images-na.ssl-images-amazon.com/images/I/A1zoTPeq8EL._SL1600_.jpg
REV0031449_IMG01,REV0031449,B0BPFM7JSG,https://images-na.ssl-images-amazon.com/images/I/61vqmsW0rbL.jpg
REV0031449_IMG02,REV0031449,B0BPFM7JSG,https://images-na.ssl-images-amazon.com/images/I/71LQLrI9YQL.jpg
REV0031455_IMG01,REV0031455,B001TH7GZU,https://images-na.ssl-images-amazon.com/images/I/71BAh0Q+byL._SL1600_.jpg
REV0031455_IMG02,REV0031455,B001TH7GZU,https://images-na.ssl-images-amazon.com/images/I/71qdKTfirfL._SL1600_.jpg
REV0031460_IMG01,REV0031460,B0CB8Y7Q5T,https://m.media-amazon.com/images/I/61W0T0o0q7L._SL1600_.jpg
REV0031460_IMG02,REV0031460,B0CB8Y7Q5T,https://m.media-amazon.com/images/I/61kEpfEWA7L._SL1600_.jpg
REV0031477_IMG01,REV0031477,B0056I99WG,https://images-na.ssl-images-amazon.com/images/I/813S2KUzENL.jpg
REV0031480_IMG01,REV0031480,B07BKTFK2B,https://images-na.ssl-images-amazon.com/images/I/61G-UDntNuL.jpg
REV0031480_IMG02,REV0031480,B07BKTFK2B,https://images-na.ssl-images-amazon.com/images/I/61RcsQyIbdL.jpg
REV0031559_IMG01,REV0031559,B005E0LSCU,https://m.media-amazon.com/images/I/815geG1TXKL._SL1600_.jpg
REV0031559_IMG02,REV0031559,B005E0LSCU,https://m.media-amazon.com/images/I/81EVXoMlpDL._SL1600_.jpg
REV0031603_IMG01,REV0031603,B0C7GCZ44M,https://images-na.ssl-images-amazon.com/images/I/81dp4XPbnqL._SL1600_.jpg
REV0031655_IMG01,REV0031655,B0BTM1TJGP,https://m.media-amazon.com/images/I/61UEINp04SL._SL1600_.jpg
REV0031728_IMG01,REV0031728,B0737B6HGR,https://images-na.ssl-images-amazon.com/images/I/71LC3-w0FxL.jpg
REV0031728_IMG02,REV0031728,B0737B6HGR,https://images-na.ssl-images-amazon.com/images/I/71bo7S8j-KL.jpg
REV0031728_IMG03,REV0031728,B0737B6HGR,https://images-na.ssl-images-amazon.com/images/I/71k8hLCKpmL.jpg
REV0031728_IMG04,REV0031728,B0737B6HGR,https://images-na.ssl-images-amazon.com/images/I/71suTrgZjaL.jpg
REV0031728_IMG05,REV0031728,B0737B6HGR,https://images-na.ssl-images-amazon.com/images/I/71taZkYO1zL.jpg
REV0031739_IMG01,REV0031739,B00ZY6KM4E,https://m.media-amazon.com/images/I/B12Vm4RvCzS._SL1600_.jpg
REV0031765_IMG01,REV0031765,B07YJCN2ML,https://m.media-amazon.com/images/I/71N2VEIR9oL._SL1600_.jpg
REV0031765_IMG02,REV0031765,B07YJCN2ML,https://m.media-amazon.com/images/I/810b4RkFdcL._SL1600_.jpg
REV0031767_IMG01,REV0031767,B01BRKA0U6,https://m.media-amazon.com/images/I/81DnS6E1O3L._SL1600_.jpg
REV0031768_IMG01,REV0031768,B096TWQZ3B,https://m.media-amazon.com/images/I/71WKqHyTPNL._SL1600_.jpg
REV0031798_IMG01,REV0031798,B0C36XXTMG,https://m.media-amazon.com/images/I/711hZH2AopL._SL1600_.jpg
REV0031798_IMG02,REV0031798,B0C36XXTMG,https://m.media-amazon.com/images/I/7191W5RV2qL._SL1600_.jpg
REV0031847_IMG01,REV0031847,B000VYMXAU,https://m.media-amazon.com/images/I/719p9jeEDWL._SL1600_.jpg
REV0031853_IMG01,REV0031853,B075FC597Y,https://m.media-amazon.com/images/I/C1GrnCoM-HS._SL1600_.jpg
REV0031885_IMG01,REV0031885,B07SHPNX8N,https://images-na.ssl-images-amazon.com/images/I/71BT-3e77UL._SL1600_.jpg
REV0031912_IMG01,REV0031912,B0B5SSPN1F,https://m.media-amazon.com/images/I/61RkSTeT8KL._SL1600_.jpg
REV0031912_IMG02,REV0031912,B0B5SSPN1F,https://m.media-amazon.com/images/I/61p7dL-i8RL._SL1600_.jpg
REV0031935_IMG01,REV0031935,B08DL7XGBR,https://m.media-amazon.com/images/I/C1ZqRrhy0-S._SL1600_.jpg
REV0031955_IMG01,REV0031955,B082HPBZXK,https://images-na.ssl-images-amazon.com/images/I/C16NTkpeP8S._SL1600_.jpg
REV0031988_IMG01,REV0031988,B0BL38MSQS,https://m.media-amazon.com/images/I/71AB6gjbgsL._SL1600_.jpg
REV0032002_IMG01,REV0032002,B0BGTBHC7P,https://m.media-amazon.com/images/I/71JMLH1GoxL._SL1600_.jpg
REV0032007_IMG01,REV0032007,B09HWCBPKD,https://images-na.ssl-images-amazon.com/images/I/71UVWcq8EYL.jpg
REV0032007_IMG02,REV0032007,B09HWCBPKD,https://images-na.ssl-images-amazon.com/images/I/71eDtTeaSoL.jpg
REV0032038_IMG01,REV0032038,B0B47KJH4D,https://m.media-amazon.com/images/I/81NQY3aOkuL._SL1600_.jpg
REV0032059_IMG01,REV0032059,B07KP253ZZ,https://images-na.ssl-images-amazon.com/images/I/81Hfbk8AXfL.jpg
REV0032067_IMG01,REV0032067,B01IO0E9RC,https://m.media-amazon.com/images/I/81ZC+dHCtrL._SL1600_.jpg
REV0032085_IMG01,REV0032085,B07YJDHV8W,https://m.media-amazon.com/images/I/61DTq6074PL._SL1600_.jpg
REV0032085_IMG02,REV0032085,B07YJDHV8W,https://m.media-amazon.com/images/I/61tOnwgfmLL._SL1600_.jpg
REV0032100_IMG01,REV0032100,B073K1L6RH,https://m.media-amazon.com/images/I/617GLS3k0ML._SL1600_.jpg
REV0032140_IMG01,REV0032140,B07D7JR5Q5,https://images-na.ssl-images-amazon.com/images/I/B1YrwhfWPUS._SL1600_.jpg
REV0032140_IMG02,REV0032140,B07D7JR5Q5,https://images-na.ssl-images-amazon.com/images/I/B1yxJ5KyH5S._SL1600_.jpg
REV0032174_IMG01,REV0032174,B07CYNWTXK,https://images-na.ssl-images-amazon.com/images/I/71+d7pIcH1L.jpg
REV0032174_IMG02,REV0032174,B07CYNWTXK,https://images-na.ssl-images-amazon.com/images/I/71OddXzhcHL.jpg
REV0032174_IMG03,REV0032174,B07CYNWTXK,https://images-na.ssl-images-amazon.com/images/I/71TV7Catd-L.jpg
REV0032243_IMG01,REV0032243,B09MQLYPRR,https://images-na.ssl-images-amazon.com/images/I/817yRjkE6PL.jpg
REV0032252_IMG01,REV0032252,B0027E8EXC,https://images-na.ssl-images-amazon.com/images/I/611V+RChXhL.jpg
REV0032252_IMG02,REV0032252,B0027E8EXC,https://images-na.ssl-images-amazon.com/images/I/61rKXlm1cYL._SL1600_.jpg
REV0032279_IMG01,REV0032279,B07CYNWTXK,https://images-na.ssl-images-amazon.com/images/I/71eHv8fPWvL.jpg
REV0032283_IMG01,REV0032283,B00LMVFL6E,https://images-na.ssl-images-amazon.com/images/I/71l-BfZ71IL.jpg
REV0032288_IMG01,REV0032288,B07WTXWC32,https://m.media-amazon.com/images/I/81f-gdQbnFL._SL1600_.jpg
REV0032300_IMG01,REV0032300,B07WTXWC32,https://images-na.ssl-images-amazon.com/images/I/81HfPaHZG+L.jpg
REV0032300_IMG02,REV0032300,B07WTXWC32,https://images-na.ssl-images-amazon.com/images/I/81TqSGx54RL.jpg
REV0032324_IMG01,REV0032324,B08YFF4Z1B,https://m.media-amazon.com/images/I/61c45KhZGAL._SL1600_.jpg
REV0032324_IMG02,REV0032324,B08YFF4Z1B,https://m.media-amazon.com/images/I/71fxDwZsmYL._SL1600_.jpg
REV0032337_IMG01,REV0032337,B01N98C33F,https://images-na.ssl-images-amazon.com/images/I/71QWubsSryL._SL1600_.jpg
REV0032337_IMG02,REV0032337,B01N98C33F,https://images-na.ssl-images-amazon.com/images/I/71w3J+5k2mL._SL1600_.jpg
REV0032364_IMG01,REV0032364,B0C7CC35KH,https://images-na.ssl-images-amazon.com/images/I/61wGy5HlzpL.jpg
REV0032364_IMG02,REV0032364,B0C7CC35KH,https://images-na.ssl-images-amazon.com/images/I/71J48hdKK5L.jpg
REV0032442_IMG01,REV0032442,B06XR8WW52,https://images-na.ssl-images-amazon.com/images/I/C1XaIm3prgS._SL1600_.jpg
REV0032451_IMG01,REV0032451,B08W8JJKGN,https://m.media-amazon.com/images/I/C1Lv400qT2S._SL1600_.jpg
REV0032451_IMG02,REV0032451,B08W8JJKGN,https://m.media-amazon.com/images/I/C1azhC+mxLS._SL1600_.jpg
REV0032451_IMG03,REV0032451,B08W8JJKGN,https://m.media-amazon.com/images/I/C1rkO5zN6CS._SL1600_.jpg
REV0032469_IMG01,REV0032469,B0C6PHL4J8,https://m.media-amazon.com/images/I/71x30qDaa3L._SL1600_.jpg
REV0032508_IMG01,REV0032508,B08DL7XGBR,https://images-na.ssl-images-amazon.com/images/I/71XREnJmlRL._SL1600_.jpg
REV0032508_IMG02,REV0032508,B08DL7XGBR,https://images-na.ssl-images-amazon.com/images/I/71ghRxwu3VL._SL1600_.jpg
REV0032508_IMG03,REV0032508,B08DL7XGBR,https://images-na.ssl-images-amazon.com/images/I/71ohMG7bHwL._SL1600_.jpg
REV0032508_IMG04,REV0032508,B08DL7XGBR,https://images-na.ssl-images-amazon.com/images/I/8195IvsD1qL._SL1600_.jpg
REV0032508_IMG05,REV0032508,B08DL7XGBR,https://images-na.ssl-images-amazon.com/images/I/81BW3C39BjL._SL1600_.jpg
REV0032508_IMG06,REV0032508,B08DL7XGBR,https://images-na.ssl-images-amazon.com/images/I/81EY53rZuIL._SL1600_.jpg
REV0032508_IMG07,REV0032508,B08DL7XGBR,https://images-na.ssl-images-amazon.com/images/I/81Nvyl8KDRL._SL1600_.jpg
REV0032508_IMG08,REV0032508,B08DL7XGBR,https://images-na.ssl-images-amazon.com/images/I/81V3D9g9vxL._SL1600_.jpg
REV0032508_IMG09,REV0032508,B08DL7XGBR,https://images-na.ssl-images-amazon.com/images/I/81Vkm8sqLwL._SL1600_.jpg
REV0032508_IMG10,REV0032508,B08DL7XGBR,https://images-na.ssl-images-amazon.com/images/I/81h9zGov3QL._SL1600_.jpg
REV0032508_IMG11,REV0032508,B08DL7XGBR,https://images-na.ssl-images-amazon.com/images/I/81wxiwiHcgL._SL1600_.jpg
REV0032509_IMG01,REV0032509,B07MLWJZH7,https://m.media-amazon.com/images/I/51N09zJE2mL._SL1600_.jpg
REV0032509_IMG02,REV0032509,B07MLWJZH7,https://m.media-amazon.com/images/I/61CZ0UfIkYL._SL1600_.jpg
REV0032509_IMG03,REV0032509,B07MLWJZH7,https://m.media-amazon.com/images/I/61PPWnMktlL._SL1600_.jpg
REV0032519_IMG01,REV0032519,B07HVSR8RF,https://images-na.ssl-images-amazon.com/images/I/A1O9TLcQOXL._SL1600_.jpg
REV0032519_IMG02,REV0032519,B07HVSR8RF,https://images-na.ssl-images-amazon.com/images/I/B1lbRcUgqJS._SL1600_.jpg
REV0032561_IMG01,REV0032561,B0B5TDG96F,https://m.media-amazon.com/images/I/51vWnN46MAL._SL1600_.jpg
REV0032561_IMG02,REV0032561,B0B5TDG96F,https://m.media-amazon.com/images/I/61NZ3+GX9uL._SL1600_.jpg
REV0032563_IMG01,REV0032563,B08PCWTT4X,https://images-na.ssl-images-amazon.com/images/I/61gfnmrlUJL.jpg
REV0032563_IMG02,REV0032563,B08PCWTT4X,https://images-na.ssl-images-amazon.com/images/I/71+T3KOEeZL.jpg
REV0032603_IMG01,REV0032603,B07D7JR5Q5,https://m.media-amazon.com/images/I/71YpcS26h+L._SL1600_.jpg
REV0032603_IMG02,REV0032603,B07D7JR5Q5,https://m.media-amazon.com/images/I/81OEm6U65wL._SL1600_.jpg
REV0032630_IMG01,REV0032630,B07X3C8GMC,https://m.media-amazon.com/images/I/51hExmtH6ZL._SL1600_.jpg
REV0032660_IMG01,REV0032660,B07XBXZP2H,https://images-na.ssl-images-amazon.com/images/I/71wqRqa5+yL.jpg
REV0032660_IMG02,REV0032660,B07XBXZP2H,https://images-na.ssl-images-amazon.com/images/I/71wqRqa5+yL.jpg
REV0032683_IMG01,REV0032683,B09RHF9W7B,https://images-na.ssl-images-amazon.com/images/I/71x3cP1QgML.jpg
REV0032749_IMG01,REV0032749,B07YCDQ39L,https://images-na.ssl-images-amazon.com/images/I/C1WERh7nIdS._SL1600_.jpg
REV0032756_IMG01,REV0032756,B081K4Q6KQ,https://m.media-amazon.com/images/I/71DNKf14GLL._SL1600_.jpg
REV0032757_IMG01,REV0032757,B081K4Q6KQ,https://images-na.ssl-images-amazon.com/images/I/715zsmVOd2L._SL1600_.jpg
REV0032757_IMG02,REV0032757,B081K4Q6KQ,https://images-na.ssl-images-amazon.com/images/I/71M2TNSo-aL._SL1600_.jpg
REV0032757_IMG03,REV0032757,B081K4Q6KQ,https://images-na.ssl-images-amazon.com/images/I/71SvxxJjQwL._SL1600_.jpg
REV0032757_IMG04,REV0032757,B081K4Q6KQ,https://images-na.ssl-images-amazon.com/images/I/71WnDWsfgeL._SL1600_.jpg
REV0032764_IMG01,REV0032764,B07YQ7YV5K,https://m.media-amazon.com/images/I/71dIdS2KeOL._SL1600_.jpg
REV0032813_IMG01,REV0032813,B07WWLDWMP,https://m.media-amazon.com/images/I/71+npqB9pdL._SL1600_.jpg
REV0032813_IMG02,REV0032813,B07WWLDWMP,https://m.media-amazon.com/images/I/71gasD4HejL._SL1600_.jpg
REV0032821_IMG01,REV0032821,B07WTXWC32,https://m.media-amazon.com/images/I/61x94DaNrBL._SL1600_.jpg
REV0032844_IMG01,REV0032844,B0BT1CY693,https://images-na.ssl-images-amazon.com/images/I/51228asAvSL._SL1600_.jpg
REV0032857_IMG01,REV0032857,B085R91V61,https://images-na.ssl-images-amazon.com/images/I/613bPmW4sXL.jpg
REV0032897_IMG01,REV0032897,B07WTXWC32,https://images-na.ssl-images-amazon.com/images/I/818MvADoFBL._SL1600_.jpg
REV0032935_IMG01,REV0032935,B00MOCKG10,https://images-na.ssl-images-amazon.com/images/I/61XO0AubaaL.jpg
REV0032937_IMG01,REV0032937,B09CPDT71T,https://images-na.ssl-images-amazon.com/images/I/91DBEhxiT7L._SL1600_.jpg
REV0032937_IMG02,REV0032937,B09CPDT71T,https://images-na.ssl-images-amazon.com/images/I/91GQICEnXyL._SL1600_.jpg
REV0032949_IMG01,REV0032949,B00INXG9MY,https://images-na.ssl-images-amazon.com/images/I/51Z9AAOTbgL._SL1600_.jpg
REV0032961_IMG01,REV0032961,B07QMZL448,https://images-na.ssl-images-amazon.com/images/I/71pzyhHhFlL._SL1600_.jpg
REV0032964_IMG01,REV0032964,B09HFDP5CF,https://images-na.ssl-images-amazon.com/images/I/B168tMIoMAS._SL1600_.jpg
REV0033006_IMG01,REV0033006,B0792B9HK4,https://m.media-amazon.com/images/I/811rWBF5N2L._SL1600_.jpg
REV0033052_IMG01,REV0033052,B0BY3YQVTS,https://m.media-amazon.com/images/I/61ghqYHW85L._SL1600_.jpg
REV0033056_IMG01,REV0033056,B09L17335F,https://m.media-amazon.com/images/I/71fRk0U4OaL._SL1600_.jpg
REV0033056_IMG02,REV0033056,B09L17335F,https://m.media-amazon.com/images/I/71vvL8JXMaL._SL1600_.jpg
REV0033064_IMG01,REV0033064,B083PWDFTS,https://images-na.ssl-images-amazon.com/images/I/61KJhRP7O-L._SL1600_.jpg
REV0033123_IMG01,REV0033123,B07WLD3SQM,https://m.media-amazon.com/images/I/51uKCe5iVJL._SL1600_.jpg
REV0033123_IMG02,REV0033123,B07WLD3SQM,https://m.media-amazon.com/images/I/51umLpcpCoL._SL1600_.jpg
REV0033190_IMG01,REV0033190,B07F9268G9,https://m.media-amazon.com/images/I/81MxbVO3tzL._SL1600_.jpg
REV0033224_IMG01,REV0033224,B08546YPQY,https://m.media-amazon.com/images/I/B15Zy8siBAS._SL1600_.jpg
REV0033224_IMG02,REV0033224,B08546YPQY,https://m.media-amazon.com/images/I/B1OeOk-mXOS._SL1600_.jpg
REV0033224_IMG03,REV0033224,B08546YPQY,https://m.media-amazon.com/images/I/B1uqyHvR9GS._SL1600_.jpg
REV0033245_IMG01,REV0033245,B00HNEJHGO,https://m.media-amazon.com/images/I/61KF7gO1diL._SL1600_.jpg
REV0033252_IMG01,REV0033252,B0053F9LCK,https://images-na.ssl-images-amazon.com/images/I/713lZ0umRfL.jpg
REV0033264_IMG01,REV0033264,B07JMNYK7X,https://m.media-amazon.com/images/I/71WYT9p4NiL._SL1600_.jpg
REV0033281_IMG01,REV0033281,B09BJV21SF,https://m.media-amazon.com/images/I/6177S2QcKnL._SL1600_.jpg
REV0033281_IMG02,REV0033281,B09BJV21SF,https://m.media-amazon.com/images/I/71U-YRQe52L._SL1600_.jpg
REV0033286_IMG01,REV0033286,B0BTBTK796,https://m.media-amazon.com/images/I/71FdroTOhpL._SL1600_.jpg
REV0033334_IMG01,REV0033334,B09PQL8XLS,https://m.media-amazon.com/images/I/51hVANjOd9L._SL1600_.jpg
REV0033334_IMG02,REV0033334,B09PQL8XLS,https://m.media-amazon.com/images/I/51tmNnu2mgL._SL1600_.jpg
REV0033347_IMG01,REV0033347,B09MRWZ96Z,https://m.media-amazon.com/images/I/71aa3TQw5QL._SL1600_.jpg
REV0033347_IMG02,REV0033347,B09MRWZ96Z,https://m.media-amazon.com/images/I/81+ufbjuI9L._SL1600_.jpg
REV0033360_IMG01,REV0033360,B07WTXWC32,https://images-na.ssl-images-amazon.com/images/I/71MGwn0P4zL.jpg
REV0033360_IMG02,REV0033360,B07WTXWC32,https://images-na.ssl-images-amazon.com/images/I/71T46y2AyZL.jpg
REV0033426_IMG01,REV0033426,B0BWCL9WCH,https://m.media-amazon.com/images/I/61GO2vPXO1L._SL1600_.jpg
REV0033426_IMG02,REV0033426,B0BWCL9WCH,https://m.media-amazon.com/images/I/71H63TkiJAL._SL1600_.jpg
REV0033426_IMG03,REV0033426,B0BWCL9WCH,https://m.media-amazon.com/images/I/71RbibZEY1L._SL1600_.jpg
REV0033426_IMG04,REV0033426,B0BWCL9WCH,https://m.media-amazon.com/images/I/71b7IHbTsqL._SL1600_.jpg
REV0033426_IMG05,REV0033426,B0BWCL9WCH,https://m.media-amazon.com/images/I/71f8DmpBo0L._SL1600_.jpg
REV0033427_IMG01,REV0033427,B07SHKBXP5,https://images-na.ssl-images-amazon.com/images/I/61cpuDVWIOL.jpg
REV0033469_IMG01,REV0033469,B07H3NX5CG,https://m.media-amazon.com/images/I/61BUq5HNR8L._SL1600_.jpg
REV0033581_IMG01,REV0033581,B09MQLYPRR,https://images-na.ssl-images-amazon.com/images/I/71FWCe4rknL.jpg
REV0033627_IMG01,REV0033627,B08287T43K,https://images-na.ssl-images-amazon.com/images/I/B1QJ2ov8uqS._SL1600_.jpg
REV0033627_IMG02,REV0033627,B08287T43K,https://images-na.ssl-images-amazon.com/images/I/B1WX0t5Nz1S._SL1600_.jpg
REV0033627_IMG03,REV0033627,B08287T43K,https://images-na.ssl-images-amazon.com/images/I/B1gZTU+mG2S._SL1600_.jpg
REV0033631_IMG01,REV0033631,B014LOFZTQ,https://images-na.ssl-images-amazon.com/images/I/71cbyyxNCSL.jpg
REV0033714_IMG01,REV0033714,B06XXWVPWJ,https://images-na.ssl-images-amazon.com/images/I/610UarZ8pJL.jpg
REV0033714_IMG02,REV0033714,B06XXWVPWJ,https://images-na.ssl-images-amazon.com/images/I/71WjY05xCAL._SL1600_.jpg
REV0033714_IMG03,REV0033714,B06XXWVPWJ,https://images-na.ssl-images-amazon.com/images/I/71wXXqC78dL.jpg
REV0033718_IMG01,REV0033718,B0BMQDVF9Q,https://m.media-amazon.com/images/I/710cD0UKtlL._SL1600_.jpg
REV0033718_IMG02,REV0033718,B0BMQDVF9Q,https://m.media-amazon.com/images/I/712bzTPYRYL._SL1600_.jpg
REV0033718_IMG03,REV0033718,B0BMQDVF9Q,https://m.media-amazon.com/images/I/71rSMtnOi8L._SL1600_.jpg
REV0033750_IMG01,REV0033750,B07BTBBVPZ,https://m.media-amazon.com/images/I/71QvFU3bhZL._SL1600_.jpg
REV0033758_IMG01,REV0033758,B07DQFHTVS,https://images-na.ssl-images-amazon.com/images/I/71ayMHZvUAL.jpg
REV0033777_IMG01,REV0033777,B07R4RHC4H,https://images-na.ssl-images-amazon.com/images/I/810r91bI-JL._SL1600_.jpg
REV0033777_IMG02,REV0033777,B07R4RHC4H,https://images-na.ssl-images-amazon.com/images/I/91EIH0fEEZL._SL1600_.jpg
REV0033802_IMG01,REV0033802,B07GS22WPJ,https://images-na.ssl-images-amazon.com/images/I/61mGSfjrxEL.jpg
REV0033832_IMG01,REV0033832,B08SBJRJGV,https://m.media-amazon.com/images/I/710C7dsl8ZL._SL1600_.jpg
REV0033850_IMG01,REV0033850,B0BHVB8BF4,https://images-na.ssl-images-amazon.com/images/I/71-V+EsVrSL.jpg
REV0033850_IMG02,REV0033850,B0BHVB8BF4,https://images-na.ssl-images-amazon.com/images/I/71OCp3YieHL.jpg
REV0033855_IMG01,REV0033855,B005AR74L6,https://images-na.ssl-images-amazon.com/images/I/51swio3MAHL._SL1600_.jpg
REV0033870_IMG01,REV0033870,B07WTXWC32,https://m.media-amazon.com/images/I/71LW5uGRugL._SL1600_.jpg
REV0033898_IMG01,REV0033898,B06XRNTC76,https://images-na.ssl-images-amazon.com/images/I/71R5bTahAHL.jpg
REV0033898_IMG02,REV0033898,B06XRNTC76,https://images-na.ssl-images-amazon.com/images/I/71WruBOpNnL.jpg
REV0033898_IMG03,REV0033898,B06XRNTC76,https://images-na.ssl-images-amazon.com/images/I/71cyxeQhYcL.jpg
REV0033939_IMG01,REV0033939,B07SN41HLV,https://m.media-amazon.com/images/I/71UjCdIV-CL._SL1600_.jpg
REV0033946_IMG01,REV0033946,B08GNHQ165,https://m.media-amazon.com/images/I/81BuGQg09DL._SL1600_.jpg
REV0033946_IMG02,REV0033946,B08GNHQ165,https://m.media-amazon.com/images/I/91mpMxUMfhL._SL1600_.jpg
REV0033972_IMG01,REV0033972,B078Y8YNF9,https://images-na.ssl-images-amazon.com/images/I/91nYKbK5QvL._SL1600_.jpg
REV0033995_IMG01,REV0033995,B00AUWTYN2,https://images-na.ssl-images-amazon.com/images/I/61GqGAAt3lL.jpg
REV0033995_IMG02,REV0033995,B00AUWTYN2,https://images-na.ssl-images-amazon.com/images/I/71vui0vXMSL.jpg
REV0034000_IMG01,REV0034000,B0C36XXTMG,https://m.media-amazon.com/images/I/71RCxNG2toL._SL1600_.jpg
REV0034044_IMG01,REV0034044,B007SJEGVK,https://images-na.ssl-images-amazon.com/images/I/71pYGLI0RKL.jpg
REV0034056_IMG01,REV0034056,B0BT1CY693,https://images-na.ssl-images-amazon.com/images/I/61dGQKCrq0L._SL1600_.jpg
REV0034092_IMG01,REV0034092,B019PBHB1K,https://images-na.ssl-images-amazon.com/images/I/61R4fCz1BEL.jpg
REV0034092_IMG02,REV0034092,B019PBHB1K,https://images-na.ssl-images-amazon.com/images/I/61lC5N1i-+L.jpg
REV0034092_IMG03,REV0034092,B019PBHB1K,https://images-na.ssl-images-amazon.com/images/I/61qHxNKPwDL.jpg
REV0034097_IMG01,REV0034097,B07NRB7W1G,https://images-na.ssl-images-amazon.com/images/I/91F2fwG7IAL._SL1600_.jpg
REV0034109_IMG01,REV0034109,B0CCSNVLPM,https://m.media-amazon.com/images/I/71EKOGuSV9L._SL1600_.jpg
REV0034153_IMG01,REV0034153,B0C586PNZ9,https://m.media-amazon.com/images/I/61Vs9BhgHJL._SL1600_.jpg
REV0034153_IMG02,REV0034153,B0C586PNZ9,https://m.media-amazon.com/images/I/61c9APZJsvL._SL1600_.jpg
REV0034153_IMG03,REV0034153,B0C586PNZ9,https://m.media-amazon.com/images/I/71+VshpFJOL._SL1600_.jpg
REV0034189_IMG01,REV0034189,B0987MNJZ1,https://m.media-amazon.com/images/I/61t3TFoO1PL._SL1600_.jpg
REV0034209_IMG01,REV0034209,B0BXLZNNSB,https://m.media-amazon.com/images/I/51CKoI5mYaL._SL1600_.jpg
REV0034209_IMG02,REV0034209,B0BXLZNNSB,https://m.media-amazon.com/images/I/61fcS9dj1lL._SL1600_.jpg
REV0034223_IMG01,REV0034223,B0882ZJ48W,https://m.media-amazon.com/images/I/613i6yB-WtL._SL1600_.jpg
REV0034223_IMG02,REV0034223,B0882ZJ48W,https://m.media-amazon.com/images/I/6181X1sjdlL._SL1600_.jpg
REV0034223_IMG03,REV0034223,B0882ZJ48W,https://m.media-amazon.com/images/I/61hUop9HtWL._SL1600_.jpg
REV0034232_IMG01,REV0034232,B0BHVB8BF4,https://m.media-amazon.com/images/I/71EzZ6mEmjL._SL1600_.jpg
REV0034232_IMG02,REV0034232,B0BHVB8BF4,https://m.media-amazon.com/images/I/71dk8w9HVWL._SL1600_.jpg
REV0034239_IMG01,REV0034239,B075FC597Y,https://images-na.ssl-images-amazon.com/images/I/C1xhpRcpx6S._SL1600_.jpg
REV0034247_IMG01,REV0034247,B07DLRTPSQ,https://images-na.ssl-images-amazon.com/images/I/71Tk00rRX2L.jpg
REV0034253_IMG01,REV0034253,B0BD9BDS9Y,https://m.media-amazon.com/images/I/71A5Qc8YgWL._SL1600_.jpg
REV0034299_IMG01,REV0034299,B09CBF2XCF,https://images-na.ssl-images-amazon.com/images/I/71fTvZul1CL.jpg
REV0034318_IMG01,REV0034318,B07WTXWC32,https://m.media-amazon.com/images/I/71fu7cA0WeL._SL1600_.jpg
REV0034318_IMG02,REV0034318,B07WTXWC32,https://m.media-amazon.com/images/I/71k9x0YKvML._SL1600_.jpg
REV0034323_IMG01,REV0034323,B088TVQ3RX,https://images-na.ssl-images-amazon.com/images/I/916+zm1GDsL._SL1600_.jpg
REV0034323_IMG02,REV0034323,B088TVQ3RX,https://images-na.ssl-images-amazon.com/images/I/917OVDUMShL._SL1600_.jpg
REV0034323_IMG03,REV0034323,B088TVQ3RX,https://images-na.ssl-images-amazon.com/images/I/91JhPZVBmmL._SL1600_.jpg
REV0034370_IMG01,REV0034370,B091GLQKZZ,https://m.media-amazon.com/images/I/71Qc10TTuSL._SL1600_.jpg
REV0034371_IMG01,REV0034371,B07VXLVHGL,https://m.media-amazon.com/images/I/51CeAh1vTXL._SL1600_.jpg
REV0034371_IMG02,REV0034371,B07VXLVHGL,https://m.media-amazon.com/images/I/61AuE2WyVmL._SL1600_.jpg
REV0034371_IMG03,REV0034371,B07VXLVHGL,https://m.media-amazon.com/images/I/61noxsIVFGL._SL1600_.jpg
REV0034386_IMG01,REV0034386,B0B9CCJTDF,https://images-na.ssl-images-amazon.com/images/I/91GKgF4NXRL._SL1600_.jpg
REV0034420_IMG01,REV0034420,B01G4W2ZNC,https://images-na.ssl-images-amazon.com/images/I/61wJNK2FIIL.jpg
REV0034420_IMG02,REV0034420,B01G4W2ZNC,https://images-na.ssl-images-amazon.com/images/I/71D8Hjmo4hL.jpg
REV0034450_IMG01,REV0034450,B0B9H5NZRD,https://images-na.ssl-images-amazon.com/images/I/615AjO4EoCL.jpg
REV0034472_IMG01,REV0034472,B00DM8K1UG,https://images-na.ssl-images-amazon.com/images/I/71MDsOcFdEL.jpg
REV0034472_IMG02,REV0034472,B00DM8K1UG,https://images-na.ssl-images-amazon.com/images/I/81w5upsDiiL.jpg
REV0034604_IMG01,REV0034604,B01GXOXYRM,https://images-na.ssl-images-amazon.com/images/I/B12TQFKQsgS._SL1600_.jpg
REV0034604_IMG02,REV0034604,B01GXOXYRM,https://images-na.ssl-images-amazon.com/images/I/B1lo2w6cs4S._SL1600_.jpg
REV0034637_IMG01,REV0034637,B0B1D98L2T,https://m.media-amazon.com/images/I/510eMeMVniL._SL1600_.jpg
REV0034656_IMG01,REV0034656,B018A2W5J8,https://images-na.ssl-images-amazon.com/images/I/819GSiXOKEL._SL1600_.jpg
REV0034672_IMG01,REV0034672,B0B9H5NZRD,https://m.media-amazon.com/images/I/61yX1gvXuPL._SL1600_.jpg
REV0034672_IMG02,REV0034672,B0B9H5NZRD,https://m.media-amazon.com/images/I/71HnTAx64wL._SL1600_.jpg
REV0034709_IMG01,REV0034709,B07NVJP82G,https://m.media-amazon.com/images/I/71qGqrj0MKL._SL1600_.jpg
REV0034710_IMG01,REV0034710,B00LGUBHJG,https://images-na.ssl-images-amazon.com/images/I/81FwdfgoXrL._SL1600_.jpg
REV0034742_IMG01,REV0034742,B0855KHG9L,https://images-na.ssl-images-amazon.com/images/I/714wpIE9fBL.jpg
REV0034742_IMG02,REV0034742,B0855KHG9L,https://images-na.ssl-images-amazon.com/images/I/71kLFcWMcvL.jpg
REV0034742_IMG03,REV0034742,B0855KHG9L,https://images-na.ssl-images-amazon.com/images/I/71toJ6czpvL.jpg
REV0034756_IMG01,REV0034756,B081GPRXCJ,https://images-na.ssl-images-amazon.com/images/I/616IwDBkR+L.jpg
REV0034756_IMG02,REV0034756,B081GPRXCJ,https://images-na.ssl-images-amazon.com/images/I/61OvP1lRJ8L.jpg
REV0034776_IMG01,REV0034776,B01ALBMIEI,https://m.media-amazon.com/images/I/51pRkJKiaKL._SL1600_.jpg
REV0034776_IMG02,REV0034776,B01ALBMIEI,https://m.media-amazon.com/images/I/616HLHPbbtL._SL1600_.jpg
REV0034776_IMG03,REV0034776,B01ALBMIEI,https://m.media-amazon.com/images/I/61DHIfOrNIL._SL1600_.jpg
REV0034800_IMG01,REV0034800,B07D7GB37X,https://images-na.ssl-images-amazon.com/images/I/719RgKEIxxL.jpg
REV0034800_IMG02,REV0034800,B07D7GB37X,https://images-na.ssl-images-amazon.com/images/I/719RgKEIxxL.jpg
REV0034800_IMG03,REV0034800,B07D7GB37X,https://images-na.ssl-images-amazon.com/images/I/71kuptf98JL.jpg
REV0034800_IMG04,REV0034800,B07D7GB37X,https://images-na.ssl-images-amazon.com/images/I/71kuptf98JL.jpg
REV0034867_IMG01,REV0034867,B07MPPCRZW,https://images-na.ssl-images-amazon.com/images/I/719GWAA13OL.jpg
REV0034886_IMG01,REV0034886,B01ALBMIEI,https://images-na.ssl-images-amazon.com/images/I/712zKCaWThL.jpg
REV0034896_IMG01,REV0034896,B08FDC5J1B,https://m.media-amazon.com/images/I/81bqu+cZfdL._SL1600_.jpg
REV0034896_IMG02,REV0034896,B08FDC5J1B,https://m.media-amazon.com/images/I/81q9h45oLML._SL1600_.jpg
REV0034896_IMG03,REV0034896,B08FDC5J1B,https://m.media-amazon.com/images/I/81z9FAPLcmL._SL1600_.jpg
REV0034907_IMG01,REV0034907,B019RF0FV2,https://images-na.ssl-images-amazon.com/images/I/71aFs9Vbv7L.jpg
REV0034925_IMG01,REV0034925,B0BMV7X9YJ,https://images-na.ssl-images-amazon.com/images/I/B1A6O7diTDS._SL1600_.jpg
REV0034925_IMG02,REV0034925,B0BMV7X9YJ,https://images-na.ssl-images-amazon.com/images/I/B1BQ-8iHkKS._SL1600_.jpg
REV0034925_IMG03,REV0034925,B0BMV7X9YJ,https://images-na.ssl-images-amazon.com/images/I/B1azDul2INS._SL1600_.jpg
REV0035002_IMG01,REV0035002,B08FHSJ6RY,https://m.media-amazon.com/images/I/71GY9NU1+eL._SL1600_.jpg
REV0035002_IMG02,REV0035002,B08FHSJ6RY,https://m.media-amazon.com/images/I/71U2C3JnY+L._SL1600_.jpg
REV0035019_IMG01,REV0035019,B07Y9S7L29,https://m.media-amazon.com/images/I/81Lx5c31fnL._SL1600_.jpg
REV0035037_IMG01,REV0035037,B0BQCCS7GM,https://m.media-amazon.com/images/I/61-evSTxdXL._SL1600_.jpg
REV0035037_IMG02,REV0035037,B0BQCCS7GM,https://m.media-amazon.com/images/I/612SuueQg7L._SL1600_.jpg
REV0035065_IMG01,REV0035065,B08DKRTQT3,https://images-na.ssl-images-amazon.com/images/I/71xlrPiiJ+L.jpg
REV0035087_IMG01,REV0035087,B07V329KWB,https://images-na.ssl-images-amazon.com/images/I/81SQ9WlV9YL.jpg
REV0035087_IMG02,REV0035087,B07V329KWB,https://images-na.ssl-images-amazon.com/images/I/81Wv1cMZk5L.jpg
REV0035097_IMG01,REV0035097,B0C4T6G356,https://images-na.ssl-images-amazon.com/images/I/91ZweeARR-L._SL1600_.jpg
REV0035103_IMG01,REV0035103,B073BLHCND,https://images-na.ssl-images-amazon.com/images/I/61Izmjw4-6L.jpg
REV0035103_IMG02,REV0035103,B073BLHCND,https://images-na.ssl-images-amazon.com/images/I/61U8vDaKGhL.jpg
REV0035145_IMG01,REV0035145,B07GSFWPGP,https://images-na.ssl-images-amazon.com/images/I/B1AsKq+qZwS._SL1600_.jpg
REV0035242_IMG01,REV0035242,B09W8W65XY,https://m.media-amazon.com/images/I/51+cxXJSwyL._SL1600_.jpg
REV0035278_IMG01,REV0035278,B00MI8EITG,https://images-na.ssl-images-amazon.com/images/I/71cz62+jqvL.jpg
REV0035279_IMG01,REV0035279,B0C5MQQ7J9,https://m.media-amazon.com/images/I/61+1lGY+60L._SL1600_.jpg
REV0035280_IMG01,REV0035280,B07Q9KKR6D,https://images-na.ssl-images-amazon.com/images/I/B1-s+n4wJHS._SL1600_.jpg
REV0035281_IMG01,REV0035281,B0C78JF6YV,https://m.media-amazon.com/images/I/81UU+Xjyt-L._SL1600_.jpg
REV0035309_IMG01,REV0035309,B01E4RUUQI,https://images-na.ssl-images-amazon.com/images/I/519w-DjZndL._SL1600_.jpg
REV0035311_IMG01,REV0035311,B09BJV21SF,https://m.media-amazon.com/images/I/61au75+o7tL._SL1600_.jpg
REV0035311_IMG02,REV0035311,B09BJV21SF,https://m.media-amazon.com/images/I/61luGttTvvL._SL1600_.jpg
REV0035337_IMG01,REV0035337,B08PCWTT4X,https://images-na.ssl-images-amazon.com/images/I/A17d8Gp8gdL._SL1600_.jpg
REV0035337_IMG02,REV0035337,B08PCWTT4X,https://images-na.ssl-images-amazon.com/images/I/A1ETlzQtplL._SL1600_.jpg
REV0035367_IMG01,REV0035367,B08M5THBY4,https://m.media-amazon.com/images/I/61SgsZx7lBL._SL1600_.jpg
REV0035401_IMG01,REV0035401,B074HLRXMP,https://images-na.ssl-images-amazon.com/images/I/715+yU99KbL._SL1600_.jpg
REV0035440_IMG01,REV0035440,B07NVJP82G,https://m.media-amazon.com/images/I/51MTMV1fshL._SL1600_.jpg
REV0035451_IMG01,REV0035451,B081DG1BRW,https://images-na.ssl-images-amazon.com/images/I/41wS92CZ+iL._SL1600_.jpg
REV0035465_IMG01,REV0035465,B00W8T2UM2,https://images-na.ssl-images-amazon.com/images/I/71sYjc0FwzL.jpg
REV0035474_IMG01,REV0035474,B09YC8YCV6,https://images-na.ssl-images-amazon.com/images/I/A1cDhwxkieL._SL1600_.jpg
REV0035475_IMG01,REV0035475,B073WH64VZ,https://images-na.ssl-images-amazon.com/images/I/81+RGwiHppL._SL1600_.jpg
REV0035485_IMG01,REV0035485,B08S2RKCSJ,https://m.media-amazon.com/images/I/81NpAupLeWL._SL1600_.jpg
REV0035485_IMG02,REV0035485,B08S2RKCSJ,https://m.media-amazon.com/images/I/91M2VvEYLYL._SL1600_.jpg
REV0035485_IMG03,REV0035485,B08S2RKCSJ,https://m.media-amazon.com/images/I/91v21deo-FL._SL1600_.jpg
REV0035530_IMG01,REV0035530,B08W8Q9H1M,https://m.media-amazon.com/images/I/81Kde2N+GbL._SL1600_.jpg
REV0035530_IMG02,REV0035530,B08W8Q9H1M,https://m.media-amazon.com/images/I/81uhH7h+M3L._SL1600_.jpg
REV0035530_IMG03,REV0035530,B08W8Q9H1M,https://m.media-amazon.com/images/I/81z5fwJqLRL._SL1600_.jpg
REV0035532_IMG01,REV0035532,B07QT8SCHN,https://images-na.ssl-images-amazon.com/images/I/71NmaS3zWHL.jpg
REV0035566_IMG01,REV0035566,B07WTXWC32,https://m.media-amazon.com/images/I/71XIICluQ7L._SL1600_.jpg
REV0035566_IMG02,REV0035566,B07WTXWC32,https://m.media-amazon.com/images/I/71mc8JWjD+L._SL1600_.jpg
REV0035571_IMG01,REV0035571,B095C6YC6W,https://m.media-amazon.com/images/I/61OIcv2pa3L._SL1600_.jpg
REV0035571_IMG02,REV0035571,B095C6YC6W,https://m.media-amazon.com/images/I/71mPiDRvPhL._SL1600_.jpg
REV0035596_IMG01,REV0035596,B01N75LD14,https://images-na.ssl-images-amazon.com/images/I/71XlRe3Ko0L.jpg
REV0035612_IMG01,REV0035612,B01G50KNJQ,https://images-na.ssl-images-amazon.com/images/I/61dQGWzi9OL._SL1600_.jpg
REV0035612_IMG02,REV0035612,B01G50KNJQ,https://images-na.ssl-images-amazon.com/images/I/71e1EMO-xfL._SL1600_.jpg
REV0035631_IMG01,REV0035631,B09J3MFWWJ,https://m.media-amazon.com/images/I/717uN6-eEgL._SL1600_.jpg
REV0035753_IMG01,REV0035753,B07XRS6DTH,https://m.media-amazon.com/images/I/71TtfDX3oFL._SL1600_.jpg
REV0035753_IMG02,REV0035753,B07XRS6DTH,https://m.media-amazon.com/images/I/81OB3kZFq6L._SL1600_.jpg
REV0035753_IMG03,REV0035753,B07XRS6DTH,https://m.media-amazon.com/images/I/81oxiSMU2mL._SL1600_.jpg
REV0035759_IMG01,REV0035759,B079RKNPVF,https://m.media-amazon.com/images/I/61-YXfCIPeL._SL1600_.jpg
REV0035759_IMG02,REV0035759,B079RKNPVF,https://m.media-amazon.com/images/I/619xFtTZh4L._SL1600_.jpg
REV0035759_IMG03,REV0035759,B079RKNPVF,https://m.media-amazon.com/images/I/71ReXmYvhhL._SL1600_.jpg
REV0035798_IMG01,REV0035798,B0BDXKSHY1,https://m.media-amazon.com/images/I/616etJvr0CL._SL1600_.jpg
REV0035798_IMG02,REV0035798,B0BDXKSHY1,https://m.media-amazon.com/images/I/61ranKLx2BL._SL1600_.jpg
REV0035875_IMG01,REV0035875,B000DZFTC6,https://images-na.ssl-images-amazon.com/images/I/51YP-5kxUAL.jpg
REV0035897_IMG01,REV0035897,B0BT1CY693,https://images-na.ssl-images-amazon.com/images/I/61VXDjM2CIL.jpg
REV0035907_IMG01,REV0035907,B09CPG4JHK,https://m.media-amazon.com/images/I/51zdTxLB7yL._SL1600_.jpg
REV0035910_IMG01,REV0035910,B0C5PR3NWJ,https://m.media-amazon.com/images/I/614F11PlGmL._SL1600_.jpg
REV0035913_IMG01,REV0035913,B089DMYHQW,https://images-na.ssl-images-amazon.com/images/I/91pj9Rj1eNL._SL1600_.jpg
REV0035926_IMG01,REV0035926,B0C11BTB7Z,https://m.media-amazon.com/images/I/61rFdKevlbL._SL1600_.jpg
REV0035926_IMG02,REV0035926,B0C11BTB7Z,https://m.media-amazon.com/images/I/712YGW0B93L._SL1600_.jpg
REV0035926_IMG03,REV0035926,B0C11BTB7Z,https://m.media-amazon.com/images/I/71vtEWKqSRL._SL1600_.jpg
REV0035943_IMG01,REV0035943,B07MV7BBK3,https://images-na.ssl-images-amazon.com/images/I/919nx8262jL._SL1600_.jpg
REV0035943_IMG02,REV0035943,B07MV7BBK3,https://images-na.ssl-images-amazon.com/images/I/91eM7Eaze+L._SL1600_.jpg
REV0035943_IMG03,REV0035943,B07MV7BBK3,https://images-na.ssl-images-amazon.com/images/I/91vKai3jMPL._SL1600_.jpg
REV0035950_IMG01,REV0035950,B00KJ07SEM,https://images-na.ssl-images-amazon.com/images/I/71DNjyax7JL.jpg
REV0035963_IMG01,REV0035963,B077NX6DZL,https://m.media-amazon.com/images/I/81dCRMHUzNL._SL1600_.jpg
REV0035992_IMG01,REV0035992,B00LGUB7UU,https://images-na.ssl-images-amazon.com/images/I/71v2fzllTjL.jpg
REV0036018_IMG01,REV0036018,B08QMYX4FZ,https://m.media-amazon.com/images/I/71Q55hQW3aL._SL1600_.jpg
REV0036018_IMG02,REV0036018,B08QMYX4FZ,https://m.media-amazon.com/images/I/71kNAJ4oj+L._SL1600_.jpg
REV0036018_IMG03,REV0036018,B08QMYX4FZ,https://m.media-amazon.com/images/I/71yTae97axL._SL1600_.jpg
REV0036086_IMG01,REV0036086,B08ZHD696S,https://m.media-amazon.com/images/I/C1mmdGvc5jS._SL1600_.jpg
REV0036095_IMG01,REV0036095,B002JPNEM0,https://images-na.ssl-images-amazon.com/images/I/717RFgSHwwL.jpg
REV0036119_IMG01,REV0036119,B08X9GYJLM,https://images-na.ssl-images-amazon.com/images/I/71+ZGjPTLsL._SL1600_.jpg
REV0036119_IMG02,REV0036119,B08X9GYJLM,https://images-na.ssl-images-amazon.com/images/I/8151OuO3NbL._SL1600_.jpg
REV0036119_IMG03,REV0036119,B08X9GYJLM,https://images-na.ssl-images-amazon.com/images/I/81AUcwSYOML._SL1600_.jpg
REV0036128_IMG01,REV0036128,B0BMV7X9YJ,https://images-na.ssl-images-amazon.com/images/I/713Xlu90G1L.jpg
REV0036128_IMG02,REV0036128,B0BMV7X9YJ,https://images-na.ssl-images-amazon.com/images/I/71RuOYyP5gL.jpg
REV0036155_IMG01,REV0036155,B07V33VC28,https://m.media-amazon.com/images/I/71rd4uB8cOL._SL1600_.jpg
REV0036181_IMG01,REV0036181,B01N995ZOA,https://images-na.ssl-images-amazon.com/images/I/71DoDEyXCUL.jpg
REV0036223_IMG01,REV0036223,B0B7XGWT5Q,https://m.media-amazon.com/images/I/81uSGYTO+2L._SL1600_.jpg
REV0036259_IMG01,REV0036259,B008M2IDVG,https://images-na.ssl-images-amazon.com/images/I/71J6EWJerXL.jpg
REV0036259_IMG02,REV0036259,B008M2IDVG,https://images-na.ssl-images-amazon.com/images/I/71Y0gbXIWJL.jpg
REV0036259_IMG03,REV0036259,B008M2IDVG,https://images-na.ssl-images-amazon.com/images/I/71ut73raORL.jpg
REV0036278_IMG01,REV0036278,B07WL89ZND,https://m.media-amazon.com/images/I/51S-fYc-FdL._SL1600_.jpg
REV0036304_IMG01,REV0036304,B01J0I0TQM,https://images-na.ssl-images-amazon.com/images/I/810DMM5SjYL.jpg
REV0036306_IMG01,REV0036306,B0BXSQN4HV,https://images-na.ssl-images-amazon.com/images/I/71v01qRw4yL._SL1600_.jpg
REV0036324_IMG01,REV0036324,B01D2OF7YO,https://images-na.ssl-images-amazon.com/images/I/611DTdSt1fL.jpg
REV0036349_IMG01,REV0036349,B07B94ZR74,https://m.media-amazon.com/images/I/71KvurxodeL._SL1600_.jpg
REV0036361_IMG01,REV0036361,B07V579SPB,https://images-na.ssl-images-amazon.com/images/I/81psinomklL._SL1600_.jpg
REV0036362_IMG01,REV0036362,B0B7MRZZ2B,https://m.media-amazon.com/images/I/616knNImi0L._SL1600_.jpg
REV0036362_IMG02,REV0036362,B0B7MRZZ2B,https://m.media-amazon.com/images/I/61reB4O1rPL._SL1600_.jpg
REV0036389_IMG01,REV0036389,B01ALBMIEI,https://images-na.ssl-images-amazon.com/images/I/61PicxILkQL.jpg
REV0036389_IMG02,REV0036389,B01ALBMIEI,https://images-na.ssl-images-amazon.com/images/I/718Gd20YUML.jpg
REV0036407_IMG01,REV0036407,B00T89HDQ8,https://images-na.ssl-images-amazon.com/images/I/61JU7JuIRXL._SL1600_.jpg
REV0036412_IMG01,REV0036412,B07PFYRM8P,https://images-na.ssl-images-amazon.com/images/I/51Fi-fFENtL._SL1600_.jpg
REV0036412_IMG02,REV0036412,B07PFYRM8P,https://images-na.ssl-images-amazon.com/images/I/710mw-HLixL.jpg
REV0036412_IMG03,REV0036412,B07PFYRM8P,https://images-na.ssl-images-amazon.com/images/I/71ThfecOI-L.jpg
REV0036412_IMG04,REV0036412,B07PFYRM8P,https://images-na.ssl-images-amazon.com/images/I/71q6Ss5XTtL.jpg
REV0036448_IMG01,REV0036448,B0053F8DVA,https://m.media-amazon.com/images/I/51ayaudtSsL._SL1600_.jpg
REV0036459_IMG01,REV0036459,B07WVNVLWY,https://m.media-amazon.com/images/I/71O6De0xrhL._SL1600_.jpg
REV0036459_IMG02,REV0036459,B07WVNVLWY,https://m.media-amazon.com/images/I/71hk2MnFZ1L._SL1600_.jpg
REV0036466_IMG01,REV0036466,B00LEO3XNM,https://images-na.ssl-images-amazon.com/images/I/71BYHYrxcZL._SL1600_.jpg
REV0036466_IMG02,REV0036466,B00LEO3XNM,https://images-na.ssl-images-amazon.com/images/I/71RTNECtQTL._SL1600_.jpg
REV0036466_IMG03,REV0036466,B00LEO3XNM,https://images-na.ssl-images-amazon.com/images/I/71uEbVzSTpL._SL1600_.jpg
REV0036517_IMG01,REV0036517,B07QFR6J5J,https://images-na.ssl-images-amazon.com/images/I/91JOGJSnQ2L._SL1600_.jpg
REV0036517_IMG02,REV0036517,B07QFR6J5J,https://images-na.ssl-images-amazon.com/images/I/91iIZDtnq5L._SL1600_.jpg
REV0036607_IMG01,REV0036607,B07T3YWNH3,https://images-na.ssl-images-amazon.com/images/I/B1mBLL6824S._SL1600_.jpg
REV0036628_IMG01,REV0036628,B074C3ZWD7,https://images-na.ssl-images-amazon.com/images/I/A1kXhdrAygL._SL1600_.jpg
REV0036634_IMG01,REV0036634,B0C4FQ2X2M,https://m.media-amazon.com/images/I/41lsyTmgLOL._SL1600_.jpg
REV0036648_IMG01,REV0036648,B0BJDHT6QN,https://m.media-amazon.com/images/I/61RuOHsYh+L._SL1600_.jpg
REV0036648_IMG02,REV0036648,B0BJDHT6QN,https://m.media-amazon.com/images/I/61TtAFLylPL._SL1600_.jpg
REV0036655_IMG01,REV0036655,B01GE7V1H8,https://m.media-amazon.com/images/I/C1w+Cgj8t3S._SL1600_.jpg
REV0036677_IMG01,REV0036677,B0BKSCJFXH,https://m.media-amazon.com/images/I/81CoyvOeC6L._SL1600_.jpg
REV0036677_IMG02,REV0036677,B0BKSCJFXH,https://m.media-amazon.com/images/I/81HpYmXgMBL._SL1600_.jpg
REV0036677_IMG03,REV0036677,B0BKSCJFXH,https://m.media-amazon.com/images/I/81YAzJxOI0L._SL1600_.jpg
REV0036677_IMG04,REV0036677,B0BKSCJFXH,https://m.media-amazon.com/images/I/81iuT5hfkaL._SL1600_.jpg
REV0036677_IMG05,REV0036677,B0BKSCJFXH,https://m.media-amazon.com/images/I/81k3pN2Ma0L._SL1600_.jpg
REV0036707_IMG01,REV0036707,B07VZVN3JN,https://images-na.ssl-images-amazon.com/images/I/31XhLftQfqL._SL1600_.jpg
REV0036707_IMG02,REV0036707,B07VZVN3JN,https://images-na.ssl-images-amazon.com/images/I/71ewkAMB8FL.jpg
REV0036736_IMG01,REV0036736,B0B782SV53,https://m.media-amazon.com/images/I/71tPQNh4ioL._SL1600_.jpg
REV0036757_IMG01,REV0036757,B08K4HG1XL,https://m.media-amazon.com/images/I/71JmlRFm6iL._SL1600_.jpg
REV0036788_IMG01,REV0036788,B07FWRTVYZ,https://m.media-amazon.com/images/I/81L80+TWvcL._SL1600_.jpg
REV0036905_IMG01,REV0036905,B0BLMPHLWY,https://images-na.ssl-images-amazon.com/images/I/611hNHL1TXL.jpg
REV0036905_IMG02,REV0036905,B0BLMPHLWY,https://images-na.ssl-images-amazon.com/images/I/71-2q0Ja71L.jpg
REV0036910_IMG01,REV0036910,B09V2MZT5Z,https://images-na.ssl-images-amazon.com/images/I/61dSSlQDcJL.jpg
REV0036910_IMG02,REV0036910,B09V2MZT5Z,https://images-na.ssl-images-amazon.com/images/I/61hpguN52ZL.jpg
REV0036958_IMG01,REV0036958,B00GPXASXK,https://images-na.ssl-images-amazon.com/images/I/71XFUUDSfEL._SL1600_.jpg
REV0036958_IMG02,REV0036958,B00GPXASXK,https://images-na.ssl-images-amazon.com/images/I/71ml0dapUOL._SL1600_.jpg
REV0036999_IMG01,REV0036999,B0823P5GLQ,https://m.media-amazon.com/images/I/7122X8C5zoL._SL1600_.jpg
REV0036999_IMG02,REV0036999,B0823P5GLQ,https://m.media-amazon.com/images/I/71H1UxSOKvL._SL1600_.jpg
REV0037005_IMG01,REV0037005,B07CL8YV1H,https://m.media-amazon.com/images/I/51bVQyhJ0XL._SL1600_.jpg
REV0037012_IMG01,REV0037012,B07MPWR2R4,https://images-na.ssl-images-amazon.com/images/I/51JN+1Oa9pL._SL1600_.jpg
REV0037013_IMG01,REV0037013,B089B1X3XJ,https://images-na.ssl-images-amazon.com/images/I/C1CplI5he5S._SL1600_.jpg
REV0037013_IMG02,REV0037013,B089B1X3XJ,https://images-na.ssl-images-amazon.com/images/I/C1OlXMon-XS._SL1600_.jpg
REV0037013_IMG03,REV0037013,B089B1X3XJ,https://images-na.ssl-images-amazon.com/images/I/C1wtEBKM96S._SL1600_.jpg
REV0037018_IMG01,REV0037018,B081K4Q6KQ,https://m.media-amazon.com/images/I/71wUMvoImKL._SL1600_.jpg
REV0037019_IMG01,REV0037019,B012TIU1IG,https://images-na.ssl-images-amazon.com/images/I/618L4WDJv4L._SL1600_.jpg
REV0037019_IMG02,REV0037019,B012TIU1IG,https://images-na.ssl-images-amazon.com/images/I/71P3fZP4RQL._SL1600_.jpg
REV0037019_IMG03,REV0037019,B012TIU1IG,https://images-na.ssl-images-amazon.com/images/I/71SZJsoJ+pL._SL1600_.jpg
REV0037019_IMG04,REV0037019,B012TIU1IG,https://images-na.ssl-images-amazon.com/images/I/71wT9H5PqYL._SL1600_.jpg
REV0037037_IMG01,REV0037037,B07NVJP82G,https://m.media-amazon.com/images/I/61OfPsklnbL._SL1600_.jpg
REV0037037_IMG02,REV0037037,B07NVJP82G,https://m.media-amazon.com/images/I/71VMsBlZLeL._SL1600_.jpg
REV0037046_IMG01,REV0037046,B09SHV29MN,https://images-na.ssl-images-amazon.com/images/I/714xAQsDvpL.jpg
REV0037046_IMG02,REV0037046,B09SHV29MN,https://images-na.ssl-images-amazon.com/images/I/71cLfYJTOHL.jpg
REV0037046_IMG03,REV0037046,B09SHV29MN,https://images-na.ssl-images-amazon.com/images/I/71zl3jdzDyL.jpg
REV0037046_IMG04,REV0037046,B09SHV29MN,https://images-na.ssl-images-amazon.com/images/I/81X3UUBbTHL.jpg
REV0037057_IMG01,REV0037057,B073BLHCND,https://images-na.ssl-images-amazon.com/images/I/613HDnymjIL._SL1600_.jpg
REV0037057_IMG02,REV0037057,B073BLHCND,https://images-na.ssl-images-amazon.com/images/I/815-oYA1iEL._SL1600_.jpg
REV0037057_IMG03,REV0037057,B073BLHCND,https://images-na.ssl-images-amazon.com/images/I/81pgrqqm0zL._SL1600_.jpg
REV0037063_IMG01,REV0037063,B00MGMXWR8,https://images-na.ssl-images-amazon.com/images/I/81YttTQZAcL.jpg
REV0037160_IMG01,REV0037160,B000BP7MMS,https://images-na.ssl-images-amazon.com/images/I/716H0BwXx8L.jpg
REV0037160_IMG02,REV0037160,B000BP7MMS,https://images-na.ssl-images-amazon.com/images/I/71Z6oWLZYKL.jpg
REV0037160_IMG03,REV0037160,B000BP7MMS,https://images-na.ssl-images-amazon.com/images/I/71o-Vq5wX0L.jpg
REV0037178_IMG01,REV0037178,B09JWYL8DW,https://m.media-amazon.com/images/I/71mpwPNU7pL._SL1600_.jpg
REV0037188_IMG01,REV0037188,B0C5MF7JRS,https://m.media-amazon.com/images/I/71Jx4YeG+gL._SL1600_.jpg
REV0037188_IMG02,REV0037188,B0C5MF7JRS,https://m.media-amazon.com/images/I/71L9Di5Si1L._SL1600_.jpg
REV0037233_IMG01,REV0037233,B00009W3GR,https://images-na.ssl-images-amazon.com/images/I/31SJmtWKSML._SL1600_.jpg
REV0037233_IMG02,REV0037233,B00009W3GR,https://images-na.ssl-images-amazon.com/images/I/71Y03HO+rZL._SL1600_.jpg
REV0037233_IMG03,REV0037233,B00009W3GR,https://images-na.ssl-images-amazon.com/images/I/71hkj8EehqL._SL1600_.jpg
REV0037233_IMG04,REV0037233,B00009W3GR,https://images-na.ssl-images-amazon.com/images/I/71i+IJhfR-L._SL1600_.jpg
REV0037291_IMG01,REV0037291,B09XQXPXZS,https://m.media-amazon.com/images/I/61-GRbZa7pL._SL1600_.jpg
REV0037291_IMG02,REV0037291,B09XQXPXZS,https://m.media-amazon.com/images/I/61ELp4G+qtL._SL1600_.jpg
REV0037291_IMG03,REV0037291,B09XQXPXZS,https://m.media-amazon.com/images/I/61sMc9NXMzL._SL1600_.jpg
REV0037291_IMG04,REV0037291,B09XQXPXZS,https://m.media-amazon.com/images/I/71sbU+QImpL._SL1600_.jpg
REV0037291_IMG05,REV0037291,B09XQXPXZS,https://m.media-amazon.com/images/I/71tW1Y2+pWL._SL1600_.jpg
REV0037304_IMG01,REV0037304,B09YV4R5ZC,https://images-na.ssl-images-amazon.com/images/I/612qGExwwqL.jpg
REV0037304_IMG02,REV0037304,B09YV4R5ZC,https://images-na.ssl-images-amazon.com/images/I/71sQX+-Z4XL.jpg
REV0037328_IMG01,REV0037328,B0846LMMT5,https://m.media-amazon.com/images/I/61rF0EfmMqL._SL1600_.jpg
REV0037336_IMG01,REV0037336,B08QD8H6WY,https://m.media-amazon.com/images/I/71jGA9i4NoL._SL1600_.jpg
REV0037336_IMG02,REV0037336,B08QD8H6WY,https://m.media-amazon.com/images/I/71qoI6IivXL._SL1600_.jpg
REV0037382_IMG01,REV0037382,B07HQNZRV2,https://images-na.ssl-images-amazon.com/images/I/71QSD-YKjmL.jpg
REV0037382_IMG02,REV0037382,B07HQNZRV2,https://images-na.ssl-images-amazon.com/images/I/71XOM1a7cQL.jpg
REV0037382_IMG03,REV0037382,B07HQNZRV2,https://images-na.ssl-images-amazon.com/images/I/71yMdxC59FL.jpg
REV0037412_IMG01,REV0037412,B0C6695YHW,https://images-na.ssl-images-amazon.com/images/I/81CSdWbLS3L._SL1600_.jpg
REV0037417_IMG01,REV0037417,B00M25A10K,https://images-na.ssl-images-amazon.com/images/I/A12j4Px0h-L._SL1600_.jpg
REV0037454_IMG01,REV0037454,B0C8J6NNBT,https://images-na.ssl-images-amazon.com/images/I/810fKkc3zFL._SL1600_.jpg
REV0037454_IMG02,REV0037454,B0C8J6NNBT,https://images-na.ssl-images-amazon.com/images/I/81PSVyGyQfL._SL1600_.jpg
REV0037490_IMG01,REV0037490,B001UIDP5I,https://images-na.ssl-images-amazon.com/images/I/71cuN16cNcL._SL1600_.jpg
REV0037499_IMG01,REV0037499,B07FTYSCQ4,https://images-na.ssl-images-amazon.com/images/I/719g3lnzleL.jpg
REV0037518_IMG01,REV0037518,B08ZHD696S,https://m.media-amazon.com/images/I/81TYp+-4CnL._SL1600_.jpg
REV0037518_IMG02,REV0037518,B08ZHD696S,https://m.media-amazon.com/images/I/81z74FClQdL._SL1600_.jpg
REV0037528_IMG01,REV0037528,B07RNJY499,https://m.media-amazon.com/images/I/71xmSMW4ZDL._SL1600_.jpg
REV0037535_IMG01,REV0037535,B009ABWQP2,https://m.media-amazon.com/images/I/B1X7mxa7SZS._SL1600_.jpg
REV0037553_IMG01,REV0037553,B0C7D34B53,https://images-na.ssl-images-amazon.com/images/I/C1DRJk0m8vS._SL1600_.jpg
REV0037569_IMG01,REV0037569,B07BT6YSZM,https://images-na.ssl-images-amazon.com/images/I/7123hq1k1oL.jpg
REV0037569_IMG02,REV0037569,B07BT6YSZM,https://images-na.ssl-images-amazon.com/images/I/71fScp5RuML.jpg
REV0037643_IMG01,REV0037643,B00U7XEYRK,https://m.media-amazon.com/images/I/6138cA1oCsL._SL1600_.jpg
REV0037643_IMG02,REV0037643,B00U7XEYRK,https://m.media-amazon.com/images/I/61wfvYPnGZL._SL1600_.jpg
REV0037643_IMG03,REV0037643,B00U7XEYRK,https://m.media-amazon.com/images/I/61xYa1rE65L._SL1600_.jpg
REV0037703_IMG01,REV0037703,B07JBXDGGQ,https://m.media-amazon.com/images/I/6102IxdWIHL._SL1600_.jpg
REV0037710_IMG01,REV0037710,B0BTMMP926,https://m.media-amazon.com/images/I/610s2jFc5+L._SL1600_.jpg
REV0037779_IMG01,REV0037779,B01ALBMIEI,https://images-na.ssl-images-amazon.com/images/I/A1OKOfyy8NL._SL1600_.jpg
REV0037779_IMG02,REV0037779,B01ALBMIEI,https://images-na.ssl-images-amazon.com/images/I/A1hCjQ8U44L._SL1600_.jpg
REV0037779_IMG03,REV0037779,B01ALBMIEI,https://images-na.ssl-images-amazon.com/images/I/A1wjRa+adOL._SL1600_.jpg
REV0037811_IMG01,REV0037811,B0BT1CY693,https://images-na.ssl-images-amazon.com/images/I/61bO8rJE83L._SL1600_.jpg
REV0037811_IMG02,REV0037811,B0BT1CY693,https://images-na.ssl-images-amazon.com/images/I/71rF1spxaxL._SL1600_.jpg
REV0037835_IMG01,REV0037835,B085R91V61,https://images-na.ssl-images-amazon.com/images/I/61odbuPb0nL.jpg
REV0037856_IMG01,REV0037856,B07WTXWC32,https://images-na.ssl-images-amazon.com/images/I/71EoFu1EvHL.jpg
REV0037927_IMG01,REV0037927,B01G4XRSXI,https://images-na.ssl-images-amazon.com/images/I/71zKmC12exL.jpg
REV0037947_IMG01,REV0037947,B0BXCY1T46,https://m.media-amazon.com/images/I/41wTFvdnxcL._SL1600_.jpg
REV0037995_IMG01,REV0037995,B083PWDFTS,https://m.media-amazon.com/images/I/B1D7BlIYzqS._SL1600_.jpg
REV0038067_IMG01,REV0038067,B0C5DBKGTB,https://m.media-amazon.com/images/I/61H5M7r2gvL._SL1600_.jpg
REV0038080_IMG01,REV0038080,B09J3MFWWJ,https://m.media-amazon.com/images/I/616G+Z-iYCL._SL1600_.jpg
REV0038127_IMG01,REV0038127,B00AMF8HF8,https://images-na.ssl-images-amazon.com/images/I/41fIO8HLF2L._SL1600_.jpg
REV0038169_IMG01,REV0038169,B005HF61ZQ,https://images-na.ssl-images-amazon.com/images/I/71+zPqrbFpL.jpg
REV0038169_IMG02,REV0038169,B005HF61ZQ,https://images-na.ssl-images-amazon.com/images/I/71ReRjB+wbL.jpg
REV0038185_IMG01,REV0038185,B07TP267QR,https://m.media-amazon.com/images/I/61LChNhKCML._SL1600_.jpg
REV0038185_IMG02,REV0038185,B07TP267QR,https://m.media-amazon.com/images/I/716qzUnmOlL._SL1600_.jpg
REV0038185_IMG03,REV0038185,B07TP267QR,https://m.media-amazon.com/images/I/71bygqOTEhL._SL1600_.jpg
REV0038185_IMG04,REV0038185,B07TP267QR,https://m.media-amazon.com/images/I/71mgNL-PaLL._SL1600_.jpg
REV0038205_IMG01,REV0038205,B0BTBTK796,https://m.media-amazon.com/images/I/515PkBbQNOL._SL1600_.jpg
REV0038205_IMG02,REV0038205,B0BTBTK796,https://m.media-amazon.com/images/I/61Y5z7BqyYL._SL1600_.jpg
REV0038205_IMG03,REV0038205,B0BTBTK796,https://m.media-amazon.com/images/I/61bpY3xCxlL._SL1600_.jpg
REV0038262_IMG01,REV0038262,B07PTRTN2K,https://images-na.ssl-images-amazon.com/images/I/71PDzzfPBnL.jpg
REV0038284_IMG01,REV0038284,B0BV92D8Y4,https://m.media-amazon.com/images/I/61WfgmEQtML._SL1600_.jpg
REV0038284_IMG02,REV0038284,B0BV92D8Y4,https://m.media-amazon.com/images/I/719ktVPGxTL._SL1600_.jpg
REV0038284_IMG03,REV0038284,B0BV92D8Y4,https://m.media-amazon.com/images/I/71TH3iJIqeL._SL1600_.jpg
REV0038316_IMG01,REV0038316,B09MM7BH9P,https://images-na.ssl-images-amazon.com/images/I/71E9454PjOL.jpg
REV0038316_IMG02,REV0038316,B09MM7BH9P,https://images-na.ssl-images-amazon.com/images/I/71SZGHCdhTL.jpg
REV0038316_IMG03,REV0038316,B09MM7BH9P,https://images-na.ssl-images-amazon.com/images/I/71XSDStLXQL.jpg
REV0038325_IMG01,REV0038325,B07V3765S6,https://m.media-amazon.com/images/I/71pVkr0DHwL._SL1600_.jpg
REV0038338_IMG01,REV0038338,B07HVSR8RF,https://images-na.ssl-images-amazon.com/images/I/71yB9YlHnVL.jpg
REV0038345_IMG01,REV0038345,B0BR5V399Y,https://m.media-amazon.com/images/I/51880z7h9mL._SL1600_.jpg
REV0038345_IMG02,REV0038345,B0BR5V399Y,https://m.media-amazon.com/images/I/81HPfkhjrwL._SL1600_.jpg
REV0038345_IMG03,REV0038345,B0BR5V399Y,https://m.media-amazon.com/images/I/81KawHpLEQL._SL1600_.jpg
REV0038345_IMG04,REV0038345,B0BR5V399Y,https://m.media-amazon.com/images/I/81OvT4zdo1L._SL1600_.jpg
REV0038370_IMG01,REV0038370,B07MKVTGW3,https://images-na.ssl-images-amazon.com/images/I/71rRGHqlyYL._SL1600_.jpg
REV0038384_IMG01,REV0038384,B08M1JZP9P,https://images-na.ssl-images-amazon.com/images/I/A1dGIE-9pxL._SL1600_.jpg
REV0038395_IMG01,REV0038395,B00E0CW9MG,https://images-na.ssl-images-amazon.com/images/I/71B-1gx0s-L.jpg
REV0038395_IMG02,REV0038395,B00E0CW9MG,https://images-na.ssl-images-amazon.com/images/I/71YMwT-ygDL.jpg
REV0038395_IMG03,REV0038395,B00E0CW9MG,https://images-na.ssl-images-amazon.com/images/I/71gQ+HoVZXL.jpg
REV0038401_IMG01,REV0038401,B07RNJY499,https://images-na.ssl-images-amazon.com/images/I/61SLkwvxwNL._SL1600_.jpg
REV0038443_IMG01,REV0038443,B07CYNWTXK,https://images-na.ssl-images-amazon.com/images/I/715U-u+fREL.jpg
REV0038443_IMG02,REV0038443,B07CYNWTXK,https://images-na.ssl-images-amazon.com/images/I/71MRxGu8KHL.jpg
REV0038450_IMG01,REV0038450,B0032JTS5E,https://images-na.ssl-images-amazon.com/images/I/71u7JvzEjML.jpg
REV0038469_IMG01,REV0038469,B073PM5CWW,https://m.media-amazon.com/images/I/71biNMYOkKL._SL1600_.jpg
REV0038573_IMG01,REV0038573,B0BL994HCJ,https://m.media-amazon.com/images/I/614xyhG3feL._SL1600_.jpg
REV0038573_IMG02,REV0038573,B0BL994HCJ,https://m.media-amazon.com/images/I/61H9OT5-fTL._SL1600_.jpg
REV0038573_IMG03,REV0038573,B0BL994HCJ,https://m.media-amazon.com/images/I/61fcJzJ9G0L._SL1600_.jpg
REV0038573_IMG04,REV0038573,B0BL994HCJ,https://m.media-amazon.com/images/I/61vWVHeVkoL._SL1600_.jpg
REV0038589_IMG01,REV0038589,B07ZR5WXYH,https://m.media-amazon.com/images/I/A1EguCC9iUL._SL1600_.jpg
REV0038589_IMG02,REV0038589,B07ZR5WXYH,https://m.media-amazon.com/images/I/A1jmGSI8DXL._SL1600_.jpg
REV0038590_IMG01,REV0038590,B019RF0FV2,https://m.media-amazon.com/images/I/617-uMyRoBL._SL1600_.jpg
REV0038590_IMG02,REV0038590,B019RF0FV2,https://m.media-amazon.com/images/I/61Q3pFTLS3L._SL1600_.jpg
REV0038590_IMG03,REV0038590,B019RF0FV2,https://m.media-amazon.com/images/I/71mLpqcV+-L._SL1600_.jpg
REV0038629_IMG01,REV0038629,B07WTXWC32,https://images-na.ssl-images-amazon.com/images/I/715hdD+9CQL.jpg
REV0038629_IMG02,REV0038629,B07WTXWC32,https://images-na.ssl-images-amazon.com/images/I/71aqAZBHibL.jpg
REV0038727_IMG01,REV0038727,B0BP4W4TN1,https://m.media-amazon.com/images/I/719nGamCxwL._SL1600_.jpg
REV0038727_IMG02,REV0038727,B0BP4W4TN1,https://m.media-amazon.com/images/I/71Bf7RGKPhL._SL1600_.jpg
REV0038727_IMG03,REV0038727,B0BP4W4TN1,https://m.media-amazon.com/images/I/71Mtmx89IuL._SL1600_.jpg
REV0038727_IMG04,REV0038727,B0BP4W4TN1,https://m.media-amazon.com/images/I/71pRh2INKeL._SL1600_.jpg
REV0038727_IMG05,REV0038727,B0BP4W4TN1,https://m.media-amazon.com/images/I/812BWB-Qd0L._SL1600_.jpg
REV0038746_IMG01,REV0038746,B00IB4BMDQ,https://images-na.ssl-images-amazon.com/images/I/61fR1WuwHqL.jpg
REV0038758_IMG01,REV0038758,B0BT1CY693,https://images-na.ssl-images-amazon.com/images/I/717E3b7vktL.jpg
REV0038758_IMG02,REV0038758,B0BT1CY693,https://images-na.ssl-images-amazon.com/images/I/719hzIue7XL.jpg
REV0038811_IMG01,REV0038811,B07MPWR2R4,https://m.media-amazon.com/images/I/6167-hPYiCL._SL1600_.jpg
REV0038811_IMG02,REV0038811,B07MPWR2R4,https://m.media-amazon.com/images/I/61eRoVo79YL._SL1600_.jpg
REV0038835_IMG01,REV0038835,B07R9WNBRR,https://m.media-amazon.com/images/I/B12RFFg6kJS._SL1600_.jpg
REV0038835_IMG02,REV0038835,B07R9WNBRR,https://m.media-amazon.com/images/I/B1I-tHqzAHS._SL1600_.jpg
REV0038845_IMG01,REV0038845,B00E58P6WU,https://images-na.ssl-images-amazon.com/images/I/61ovi6q9EQL.jpg
REV0038851_IMG01,REV0038851,B07WTXWC32,https://m.media-amazon.com/images/I/919Hla6InYL._SL1600_.jpg
REV0038883_IMG01,REV0038883,B0C4WK4187,https://images-na.ssl-images-amazon.com/images/I/71S8Q62UFLL.jpg
REV0038889_IMG01,REV0038889,B087BT4C71,https://m.media-amazon.com/images/I/71OyPxnBxIL._SL1600_.jpg
REV0038889_IMG02,REV0038889,B087BT4C71,https://m.media-amazon.com/images/I/81FV0C0ht2L._SL1600_.jpg
REV0038895_IMG01,REV0038895,B09ZDJY35P,https://m.media-amazon.com/images/I/31mXrY5fHcL._SL1600_.jpg
REV0038895_IMG02,REV0038895,B09ZDJY35P,https://m.media-amazon.com/images/I/71Wo3w66oEL._SL1600_.jpg
REV0038900_IMG01,REV0038900,B07WTXWC32,https://m.media-amazon.com/images/I/71EJtxFZQpL._SL1600_.jpg
REV0038912_IMG01,REV0038912,B09Y1MN1GN,https://images-na.ssl-images-amazon.com/images/I/B1Ib-ehHvLS._SL1600_.jpg
REV0038933_IMG01,REV0038933,B01BRKA0U6,https://m.media-amazon.com/images/I/81SaXy6U-6L._SL1600_.jpg
REV0038950_IMG01,REV0038950,B07MLWJZH7,https://m.media-amazon.com/images/I/614qBBF5YmL._SL1600_.jpg
REV0038959_IMG01,REV0038959,B09L4FSF5S,https://images-na.ssl-images-amazon.com/images/I/61sdqPAWtcL._SL1600_.jpg
REV0038959_IMG02,REV0038959,B09L4FSF5S,https://images-na.ssl-images-amazon.com/images/I/61zMk09foKL._SL1600_.jpg
REV0038994_IMG01,REV0038994,B07854PBL9,https://m.media-amazon.com/images/I/71SM6YDMJ7L._SL1600_.jpg
REV0039045_IMG01,REV0039045,B09N17LRQJ,https://m.media-amazon.com/images/I/A1Z1ytjGH8L._SL1600_.jpg
REV0039062_IMG01,REV0039062,B07J24CP6M,https://images-na.ssl-images-amazon.com/images/I/61+V8otrHfL.jpg
REV0039069_IMG01,REV0039069,B00J87JQG0,https://m.media-amazon.com/images/I/71FYSX3VmVL._SL1600_.jpg
REV0039069_IMG02,REV0039069,B00J87JQG0,https://m.media-amazon.com/images/I/71PcDK1HpkL._SL1600_.jpg
REV0039069_IMG03,REV0039069,B00J87JQG0,https://m.media-amazon.com/images/I/81FNq2vXCdL._SL1600_.jpg
REV0039094_IMG01,REV0039094,B07WLV1DQ9,https://m.media-amazon.com/images/I/71KU+4EXlxL._SL1600_.jpg
REV0039094_IMG02,REV0039094,B07WLV1DQ9,https://m.media-amazon.com/images/I/71RlBDkYnCL._SL1600_.jpg
REV0039118_IMG01,REV0039118,B0051S4ZZM,https://images-na.ssl-images-amazon.com/images/I/41SaPMgCpbL._SL1600_.jpg
REV0039118_IMG02,REV0039118,B0051S4ZZM,https://images-na.ssl-images-amazon.com/images/I/41nnOuUN7CL._SL1600_.jpg
REV0039129_IMG01,REV0039129,B073K1L6RH,https://images-na.ssl-images-amazon.com/images/I/61i3OufTROL.jpg
REV0039129_IMG02,REV0039129,B073K1L6RH,https://images-na.ssl-images-amazon.com/images/I/61oMu5wDuNL.jpg
REV0039154_IMG01,REV0039154,B00MOCCSFW,https://m.media-amazon.com/images/I/71+WVyTM5ZL._SL1600_.jpg
REV0039154_IMG02,REV0039154,B00MOCCSFW,https://m.media-amazon.com/images/I/711exytoInL._SL1600_.jpg
REV0039154_IMG03,REV0039154,B00MOCCSFW,https://m.media-amazon.com/images/I/71acBw1V6oL._SL1600_.jpg
REV0039163_IMG01,REV0039163,B004NEWA2A,https://images-na.ssl-images-amazon.com/images/I/717WtOTa4WL._SL1600_.jpg
REV0039163_IMG02,REV0039163,B004NEWA2A,https://images-na.ssl-images-amazon.com/images/I/71De0QL4RLL._SL1600_.jpg
REV0039166_IMG01,REV0039166,B07WTXWC32,https://images-na.ssl-images-amazon.com/images/I/71vIwuhNowL.jpg
REV0039178_IMG01,REV0039178,B09MRWZ96Z,https://m.media-amazon.com/images/I/81iAdlxx3FL._SL1600_.jpg
REV0039209_IMG01,REV0039209,B07QLCL94B,https://m.media-amazon.com/images/I/51qCN2dK1WL._SL1600_.jpg
REV0039222_IMG01,REV0039222,B07XTNMCN6,https://images-na.ssl-images-amazon.com/images/I/91GMGH2t19L._SL1600_.jpg
REV0039230_IMG01,REV0039230,B07RNJY499,https://m.media-amazon.com/images/I/C1HgARem3VS._SL1600_.jpg
REV0039261_IMG01,REV0039261,B07PSB1CGR,https://images-na.ssl-images-amazon.com/images/I/71i+etVXEHL._SL1600_.jpg
REV0039268_IMG01,REV0039268,B085NL55DK,https://m.media-amazon.com/images/I/619g4CfqAVL._SL1600_.jpg
REV0039268_IMG02,REV0039268,B085NL55DK,https://m.media-amazon.com/images/I/71eMFzAi5-L._SL1600_.jpg
REV0039268_IMG03,REV0039268,B085NL55DK,https://m.media-amazon.com/images/I/71sVWpjt+OL._SL1600_.jpg
REV0039299_IMG01,REV0039299,B0BXSQN4HV,https://images-na.ssl-images-amazon.com/images/I/616izp8bouL._SL1600_.jpg
REV0039308_IMG01,REV0039308,B01N56KEU6,https://images-na.ssl-images-amazon.com/images/I/81dipCdYrKL.jpg
REV0039313_IMG01,REV0039313,B001XWJDCA,https://images-na.ssl-images-amazon.com/images/I/81kgbcQHr3L._SL1600_.jpg
REV0039313_IMG02,REV0039313,B001XWJDCA,https://images-na.ssl-images-amazon.com/images/I/91ROslP+6kL._SL1600_.jpg
REV0039324_IMG01,REV0039324,B07GT24XPG,https://images-na.ssl-images-amazon.com/images/I/71QeYVfTPkL.jpg
REV0039341_IMG01,REV0039341,B085Y2GJLQ,https://images-na.ssl-images-amazon.com/images/I/7117OobtqWL.jpg
REV0039341_IMG02,REV0039341,B085Y2GJLQ,https://images-na.ssl-images-amazon.com/images/I/71JygZQd-tL.jpg
REV0039361_IMG01,REV0039361,B07SQ8KGRQ,https://m.media-amazon.com/images/I/71wIguNn3jL._SL1600_.jpg
REV0039376_IMG01,REV0039376,B09LH7FDF2,https://m.media-amazon.com/images/I/61GUwgmiwML._SL1600_.jpg
REV0039376_IMG02,REV0039376,B09LH7FDF2,https://m.media-amazon.com/images/I/71Zvoa-9NYL._SL1600_.jpg
REV0039399_IMG01,REV0039399,B08SJL99GJ,https://images-na.ssl-images-amazon.com/images/I/91Oxm4IpzYL._SL1600_.jpg
REV0039399_IMG02,REV0039399,B08SJL99GJ,https://images-na.ssl-images-amazon.com/images/I/91X2dhiYEpL._SL1600_.jpg
REV0039399_IMG03,REV0039399,B08SJL99GJ,https://images-na.ssl-images-amazon.com/images/I/A1jsDWQaNBL._SL1600_.jpg
REV0039399_IMG04,REV0039399,B08SJL99GJ,https://images-na.ssl-images-amazon.com/images/I/A1xYVzi3sFL._SL1600_.jpg
REV0039413_IMG01,REV0039413,B0764GN7XW,https://images-na.ssl-images-amazon.com/images/I/91t0oZ7tFzL._SL1600_.jpg
REV0039436_IMG01,REV0039436,B01HHFUCMG,https://images-na.ssl-images-amazon.com/images/I/71lfRYNOfpL.jpg
REV0039458_IMG01,REV0039458,B0915YVGNH,https://m.media-amazon.com/images/I/81gIrEawCkL._SL1600_.jpg
REV0039458_IMG02,REV0039458,B0915YVGNH,https://m.media-amazon.com/images/I/81tPbCcu6iL._SL1600_.jpg
REV0039472_IMG01,REV0039472,B0B9SH64N5,https://m.media-amazon.com/images/I/610UuCLIBCL._SL1600_.jpg
REV0039499_IMG01,REV0039499,B09QRZJ5GS,https://m.media-amazon.com/images/I/61RjnhYWKbL._SL1600_.jpg
REV0039499_IMG02,REV0039499,B09QRZJ5GS,https://m.media-amazon.com/images/I/61dWCRP6ogL._SL1600_.jpg
REV0039499_IMG03,REV0039499,B09QRZJ5GS,https://m.media-amazon.com/images/I/61oSf+fAW8L._SL1600_.jpg
REV0039500_IMG01,REV0039500,B083QNDRKM,https://images-na.ssl-images-amazon.com/images/I/91I3xLrPdOL._SL1600_.jpg
REV0039500_IMG02,REV0039500,B083QNDRKM,https://images-na.ssl-images-amazon.com/images/I/B1um58iwqoS._SL1600_.jpg
REV0039533_IMG01,REV0039533,B01BGMU5HS,https://images-na.ssl-images-amazon.com/images/I/71-6JZ3lgkL.jpg
REV0039546_IMG01,REV0039546,B0C11BTB7Z,https://m.media-amazon.com/images/I/61aL8WCcAUL._SL1600_.jpg
REV0039561_IMG01,REV0039561,B0BPFM7JSG,https://images-na.ssl-images-amazon.com/images/I/61NrQjHTyeL.jpg
REV0039577_IMG01,REV0039577,B08S34C5X9,https://images-na.ssl-images-amazon.com/images/I/71SSzDUfMxL._SL1600_.jpg
REV0039600_IMG01,REV0039600,B0BXSQN4HV,https://m.media-amazon.com/images/I/613x8u2pS8L._SL1600_.jpg
REV0039600_IMG02,REV0039600,B0BXSQN4HV,https://m.media-amazon.com/images/I/61HRNMb2ziL._SL1600_.jpg
REV0039631_IMG01,REV0039631,B07JHBPYKZ,https://images-na.ssl-images-amazon.com/images/I/81iKyvZdCjL._SL1600_.jpg
REV0039631_IMG02,REV0039631,B07JHBPYKZ,https://images-na.ssl-images-amazon.com/images/I/913UANFFxQL._SL1600_.jpg
REV0039631_IMG03,REV0039631,B07JHBPYKZ,https://images-na.ssl-images-amazon.com/images/I/91eIA-m2ToL._SL1600_.jpg
REV0039631_IMG04,REV0039631,B07JHBPYKZ,https://images-na.ssl-images-amazon.com/images/I/91gOQY7u+aL._SL1600_.jpg
REV0039674_IMG01,REV0039674,B09JY77GCY,https://m.media-amazon.com/images/I/611d-m9DuZL._SL1600_.jpg
REV0039692_IMG01,REV0039692,B09MJWFL31,https://m.media-amazon.com/images/I/61dTOvuS+rL._SL1600_.jpg
REV0039701_IMG01,REV0039701,B0BPFM7JSG,https://m.media-amazon.com/images/I/611Rhx3b4gL._SL1600_.jpg
REV0039720_IMG01,REV0039720,B0C94VM8NS,https://m.media-amazon.com/images/I/61TH1qyLU2L._SL1600_.jpg
REV0039730_IMG01,REV0039730,B0BK11DDLD,https://m.media-amazon.com/images/I/71dpkArDeGL._SL1600_.jpg
REV0039741_IMG01,REV0039741,B0C6QDS1HT,https://m.media-amazon.com/images/I/71YVWI0cBAL._SL1600_.jpg
REV0039747_IMG01,REV0039747,B0958RLTSY,https://m.media-amazon.com/images/I/71cjgd9m-CL._SL1600_.jpg
REV0039747_IMG02,REV0039747,B0958RLTSY,https://m.media-amazon.com/images/I/71qES9bnKML._SL1600_.jpg
REV0039790_IMG01,REV0039790,B07SF4Y6D9,https://images-na.ssl-images-amazon.com/images/I/81f2tTsmByL.jpg
REV0039795_IMG01,REV0039795,B0BP4W4TN1,https://m.media-amazon.com/images/I/61Quh1yc2HL._SL1600_.jpg
REV0039798_IMG01,REV0039798,B0BRJPMZ9G,https://images-na.ssl-images-amazon.com/images/I/61OpqzmNX6L.jpg
REV0039802_IMG01,REV0039802,B09YC8YCV6,https://images-na.ssl-images-amazon.com/images/I/A1FCnavvJbL._SL1600_.jpg
REV0039810_IMG01,REV0039810,B08Q86C88C,https://m.media-amazon.com/images/I/61dmMQROZaL._SL1600_.jpg
REV0039810_IMG02,REV0039810,B08Q86C88C,https://m.media-amazon.com/images/I/71k2SPHVcuL._SL1600_.jpg
REV0039810_IMG03,REV0039810,B08Q86C88C,https://m.media-amazon.com/images/I/81LAQtwUFRL._SL1600_.jpg
REV0039810_IMG04,REV0039810,B08Q86C88C,https://m.media-amazon.com/images/I/81NcDGyn0DL._SL1600_.jpg
REV0039816_IMG01,REV0039816,B00DM8L056,https://images-na.ssl-images-amazon.com/images/I/71A0m0TU6IL.jpg
REV0039816_IMG02,REV0039816,B00DM8L056,https://images-na.ssl-images-amazon.com/images/I/71f5RrQp7CL.jpg
REV0039816_IMG03,REV0039816,B00DM8L056,https://images-na.ssl-images-amazon.com/images/I/71mL1GNHL8L.jpg
REV0039816_IMG04,REV0039816,B00DM8L056,https://images-na.ssl-images-amazon.com/images/I/81dmKSgxlTL.jpg
REV0039862_IMG01,REV0039862,B08767RJ4M,https://images-na.ssl-images-amazon.com/images/I/C1-nH5F-pBS._SL1600_.jpg
REV0039896_IMG01,REV0039896,B0BW96YJ6R,https://images-na.ssl-images-amazon.com/images/I/71W0Aug80jL.jpg
REV0039896_IMG02,REV0039896,B0BW96YJ6R,https://images-na.ssl-images-amazon.com/images/I/71fby+QYfhL.jpg
REV0039896_IMG03,REV0039896,B0BW96YJ6R,https://images-na.ssl-images-amazon.com/images/I/81yxBdSMWuL.jpg
REV0039930_IMG01,REV0039930,B07MC5TBNS,https://images-na.ssl-images-amazon.com/images/I/71v1CPB7EdL._SL1600_.jpg
REV0039938_IMG01,REV0039938,B08YWXWBZV,https://m.media-amazon.com/images/I/61khzltNETL._SL1600_.jpg
REV0040004_IMG01,REV0040004,B016R2U4WI,https://images-na.ssl-images-amazon.com/images/I/B1ZHmTs5z6S._SL1600_.jpg
REV0040016_IMG01,REV0040016,B07JQXHVRW,https://images-na.ssl-images-amazon.com/images/I/C1IktxIwcMS._SL1600_.jpg
REV0040113_IMG01,REV0040113,B07KF8VK8C,https://m.media-amazon.com/images/I/71ErzsCyc0L._SL1600_.jpg
REV0040113_IMG02,REV0040113,B07KF8VK8C,https://m.media-amazon.com/images/I/81+SgVURRWL._SL1600_.jpg
REV0040113_IMG03,REV0040113,B07KF8VK8C,https://m.media-amazon.com/images/I/81ll2E9VWbL._SL1600_.jpg
REV0040114_IMG01,REV0040114,B0751KDVTP,https://images-na.ssl-images-amazon.com/images/I/71IW5DULKUL.jpg
REV0040123_IMG01,REV0040123,B09QCSDKMV,https://m.media-amazon.com/images/I/61AmOdoINvL._SL1600_.jpg
REV0040153_IMG01,REV0040153,B01ALBMIEI,https://images-na.ssl-images-amazon.com/images/I/51o-YWCiN7L.jpg
REV0040153_IMG02,REV0040153,B01ALBMIEI,https://images-na.ssl-images-amazon.com/images/I/61HzQBqmUcL.jpg
REV0040153_IMG03,REV0040153,B01ALBMIEI,https://images-na.ssl-images-amazon.com/images/I/61UqVg9+VDL.jpg
REV0040153_IMG04,REV0040153,B01ALBMIEI,https://images-na.ssl-images-amazon.com/images/I/61cTJUjmqeL.jpg
REV0040153_IMG05,REV0040153,B01ALBMIEI,https://images-na.ssl-images-amazon.com/images/I/71erUip2RoL.jpg
REV0040183_IMG01,REV0040183,B09JY77GCY,https://m.media-amazon.com/images/I/71bnqvMB-+L._SL1600_.jpg
REV0040189_IMG01,REV0040189,B0CCSNVLPM,https://m.media-amazon.com/images/I/81smQT7BuJL._SL1600_.jpg
REV0040221_IMG01,REV0040221,B00126NABC,https://images-na.ssl-images-amazon.com/images/I/D1V2sn-aD6S._SL1600_.jpg
REV0040269_IMG01,REV0040269,B089P2T5Z1,https://images-na.ssl-images-amazon.com/images/I/91SSvPKrX4L._SL1600_.jpg
REV0040269_IMG02,REV0040269,B089P2T5Z1,https://images-na.ssl-images-amazon.com/images/I/91km8yVQ5yL._SL1600_.jpg
REV0040281_IMG01,REV0040281,B07JHBPYKZ,https://images-na.ssl-images-amazon.com/images/I/81TPchHiLlL._SL1600_.jpg
REV0040296_IMG01,REV0040296,B0B1ZV4LS6,https://m.media-amazon.com/images/I/51TruJqQUKL._SL1600_.jpg
REV0040296_IMG02,REV0040296,B0B1ZV4LS6,https://m.media-amazon.com/images/I/61+rPzere+L._SL1600_.jpg
REV0040296_IMG03,REV0040296,B0B1ZV4LS6,https://m.media-amazon.com/images/I/61WvgIzyC0L._SL1600_.jpg
REV0040296_IMG04,REV0040296,B0B1ZV4LS6,https://m.media-amazon.com/images/I/61h2T3fiTBL._SL1600_.jpg
REV0040296_IMG05,REV0040296,B0B1ZV4LS6,https://m.media-amazon.com/images/I/61nhm5JPCmL._SL1600_.jpg
REV0040302_IMG01,REV0040302,B08DKRTQT3,https://images-na.ssl-images-amazon.com/images/I/81Dp272-wKL._SL1600_.jpg
REV0040302_IMG02,REV0040302,B08DKRTQT3,https://images-na.ssl-images-amazon.com/images/I/81TLSaGEmrL._SL1600_.jpg
REV0040302_IMG03,REV0040302,B08DKRTQT3,https://images-na.ssl-images-amazon.com/images/I/81vY1bxfw1L._SL1600_.jpg
REV0040334_IMG01,REV0040334,B08LGRFT6Q,https://m.media-amazon.com/images/I/615T8NFyrnL._SL1600_.jpg
REV0040334_IMG02,REV0040334,B08LGRFT6Q,https://m.media-amazon.com/images/I/61GKradPHGL._SL1600_.jpg
REV0040334_IMG03,REV0040334,B08LGRFT6Q,https://m.media-amazon.com/images/I/61UHae1EShL._SL1600_.jpg
REV0040334_IMG04,REV0040334,B08LGRFT6Q,https://m.media-amazon.com/images/I/71jd1GP1zDL._SL1600_.jpg
REV0040334_IMG05,REV0040334,B08LGRFT6Q,https://m.media-amazon.com/images/I/81N0K55w5mL._SL1600_.jpg
REV0040383_IMG01,REV0040383,B08VGFRGV1,https://images-na.ssl-images-amazon.com/images/I/B1mI5nubSlS._SL1600_.jpg
REV0040395_IMG01,REV0040395,B01H4A4KY0,https://m.media-amazon.com/images/I/71fcDbtFGWL._SL1600_.jpg
REV0040395_IMG02,REV0040395,B01H4A4KY0,https://m.media-amazon.com/images/I/81Ne3TJ6PeL._SL1600_.jpg
REV0040395_IMG03,REV0040395,B01H4A4KY0,https://m.media-amazon.com/images/I/81bG86396cL._SL1600_.jpg
REV0040395_IMG04,REV0040395,B01H4A4KY0,https://m.media-amazon.com/images/I/81bznLt8rhL._SL1600_.jpg
REV0040395_IMG05,REV0040395,B01H4A4KY0,https://m.media-amazon.com/images/I/81iDIf3T8ZL._SL1600_.jpg
REV0040431_IMG01,REV0040431,B0C5QVQVRD,https://images-na.ssl-images-amazon.com/images/I/61-9YCMGx-L.jpg
REV0040431_IMG02,REV0040431,B0C5QVQVRD,https://images-na.ssl-images-amazon.com/images/I/71fhTCT0xtL.jpg
REV0040431_IMG03,REV0040431,B0C5QVQVRD,https://images-na.ssl-images-amazon.com/images/I/71zWCS3Z3QL.jpg
REV0040490_IMG01,REV0040490,B08CY8KMPZ,https://m.media-amazon.com/images/I/71DbJT-cCIL._SL1600_.jpg
REV0040551_IMG01,REV0040551,B0B6FHBYTR,https://m.media-amazon.com/images/I/61VEptxUK3L._SL1600_.jpg
REV0040561_IMG01,REV0040561,B0BW3ZYJQ5,https://m.media-amazon.com/images/I/51dWlwW89mL._SL1600_.jpg
REV0040574_IMG01,REV0040574,B00IB4BMDQ,https://images-na.ssl-images-amazon.com/images/I/71wT+EIttqL.jpg
REV0040578_IMG01,REV0040578,B08FMXL4PL,https://images-na.ssl-images-amazon.com/images/I/81LYYZz7mvL._SL1600_.jpg
REV0040594_IMG01,REV0040594,B08MMJ8RM7,https://m.media-amazon.com/images/I/71v03WSmsVL._SL1600_.jpg
REV0040609_IMG01,REV0040609,B079SLZ679,https://images-na.ssl-images-amazon.com/images/I/71BYI3x1IlL.jpg
REV0040609_IMG02,REV0040609,B079SLZ679,https://images-na.ssl-images-amazon.com/images/I/71N9-b7sUGL.jpg
REV0040624_IMG01,REV0040624,B078GJFXKH,https://m.media-amazon.com/images/I/71GKMNIzOzL._SL1600_.jpg
REV0040624_IMG02,REV0040624,B078GJFXKH,https://m.media-amazon.com/images/I/71S7193o4gL._SL1600_.jpg
REV0040639_IMG01,REV0040639,B01ALBMIEI,https://images-na.ssl-images-amazon.com/images/I/71dUScG570L.jpg
REV0040662_IMG01,REV0040662,B07P5MSFWC,https://m.media-amazon.com/images/I/C1vHsV98LtS._SL1600_.jpg
REV0040664_IMG01,REV0040664,B0C5PR3NWJ,https://images-na.ssl-images-amazon.com/images/I/71FxqYctRmL.jpg
REV0040671_IMG01,REV0040671,B00KJ07SEM,https://images-na.ssl-images-amazon.com/images/I/61vgWbLq9vL.jpg
REV0040678_IMG01,REV0040678,B08FMXL4PL,https://images-na.ssl-images-amazon.com/images/I/71K-v2dbvxL.jpg
REV0040700_IMG01,REV0040700,B0BV5PZ6PJ,https://m.media-amazon.com/images/I/611O7XEm5CL._SL1600_.jpg
REV0040779_IMG01,REV0040779,B00DM8K1NS,https://images-na.ssl-images-amazon.com/images/I/612b5wmdgwL.jpg
REV0040779_IMG02,REV0040779,B00DM8K1NS,https://images-na.ssl-images-amazon.com/images/I/71LDW+OaorL.jpg
REV0040779_IMG03,REV0040779,B00DM8K1NS,https://images-na.ssl-images-amazon.com/images/I/71basojVmkL.jpg
REV0040801_IMG01,REV0040801,B08FDC59PB,https://images-na.ssl-images-amazon.com/images/I/712RvgyJNGL._SL1600_.jpg
REV0040801_IMG02,REV0040801,B08FDC59PB,https://images-na.ssl-images-amazon.com/images/I/71jsp+wctBL._SL1600_.jpg
REV0040807_IMG01,REV0040807,B0C64XWQX9,https://images-na.ssl-images-amazon.com/images/I/61+6JbTes7L.jpg
REV0040823_IMG01,REV0040823,B0BM393JKR,https://m.media-amazon.com/images/I/71qWj1L7t9L._SL1600_.jpg
REV0040855_IMG01,REV0040855,B0BTBTK796,https://images-na.ssl-images-amazon.com/images/I/61-MMVyysgL.jpg
REV0040855_IMG02,REV0040855,B0BTBTK796,https://images-na.ssl-images-amazon.com/images/I/71MmeAhfcEL.jpg
REV0040855_IMG03,REV0040855,B0BTBTK796,https://images-na.ssl-images-amazon.com/images/I/71XOAqf3MqL.jpg
REV0040862_IMG01,REV0040862,B0B7BJZ4LX,https://images-na.ssl-images-amazon.com/images/I/B1DwRaVvnhS._SL1600_.jpg
REV0040862_IMG02,REV0040862,B0B7BJZ4LX,https://images-na.ssl-images-amazon.com/images/I/B1IwJNHXxgS._SL1600_.jpg
REV0040862_IMG03,REV0040862,B0B7BJZ4LX,https://images-na.ssl-images-amazon.com/images/I/B1QH2MSecjS._SL1600_.jpg
REV0040935_IMG01,REV0040935,B0BLY43NLL,https://m.media-amazon.com/images/I/61hzVscyvVL._SL1600_.jpg
REV0040935_IMG02,REV0040935,B0BLY43NLL,https://m.media-amazon.com/images/I/712vF+c+VaL._SL1600_.jpg
REV0040935_IMG03,REV0040935,B0BLY43NLL,https://m.media-amazon.com/images/I/71E+1PIlzJL._SL1600_.jpg
REV0040959_IMG01,REV0040959,B09MJWFL31,https://m.media-amazon.com/images/I/61kgvXxyplL._SL1600_.jpg
REV0040962_IMG01,REV0040962,B07QC7JRDP,https://images-na.ssl-images-amazon.com/images/I/B1rtgaKWOvS._SL1600_.jpg
REV0040985_IMG01,REV0040985,B0C53QDKH7,https://images-na.ssl-images-amazon.com/images/I/91xfeWikLXL._SL1600_.jpg
REV0040985_IMG02,REV0040985,B0C53QDKH7,https://images-na.ssl-images-amazon.com/images/I/C1M7AUl8gpS._SL1600_.jpg
REV0041001_IMG01,REV0041001,B07KQN6Z57,https://m.media-amazon.com/images/I/81+14EMIfSL._SL1600_.jpg
REV0041001_IMG02,REV0041001,B07KQN6Z57,https://m.media-amazon.com/images/I/81wdArlV9tL._SL1600_.jpg
REV0041132_IMG01,REV0041132,B07KPL5XR7,https://m.media-amazon.com/images/I/C1rCL6QthiS._SL1600_.jpg
REV0041133_IMG01,REV0041133,B089RDD9CT,https://m.media-amazon.com/images/I/81IjfWjaofL._SL1600_.jpg
REV0041174_IMG01,REV0041174,B09D3B5DF9,https://m.media-amazon.com/images/I/71w3-AiHvML._SL1600_.jpg
REV0041197_IMG01,REV0041197,B0BW96YJ6R,https://images-na.ssl-images-amazon.com/images/I/B1u8inj2hES._SL1600_.jpg
REV0041208_IMG01,REV0041208,B09MJWFL31,https://m.media-amazon.com/images/I/6150dJIPvqL._SL1600_.jpg
REV0041345_IMG01,REV0041345,B0BKLLMGR3,https://m.media-amazon.com/images/I/71i2b013fhL._SL1600_.jpg
REV0041361_IMG01,REV0041361,B0B9CCJTDF,https://images-na.ssl-images-amazon.com/images/I/81CFecxpbwL._SL1600_.jpg
REV0041400_IMG01,REV0041400,B09CBF2XCF,https://images-na.ssl-images-amazon.com/images/I/B1c-vT3v9PS._SL1600_.jpg
REV0041400_IMG02,REV0041400,B09CBF2XCF,https://images-na.ssl-images-amazon.com/images/I/B1fTbfCNGfS._SL1600_.jpg
REV0041405_IMG01,REV0041405,B07NVJP82G,https://m.media-amazon.com/images/I/61a624Hr2aL._SL1600_.jpg
REV0041412_IMG01,REV0041412,B07B9N9S1C,https://m.media-amazon.com/images/I/714-yWJQ6LL._SL1600_.jpg
REV0041480_IMG01,REV0041480,B08ZHD696S,https://images-na.ssl-images-amazon.com/images/I/810jkep7UpL._SL1600_.jpg
REV0041480_IMG02,REV0041480,B08ZHD696S,https://images-na.ssl-images-amazon.com/images/I/81USb-EVD3L._SL1600_.jpg
REV0041480_IMG03,REV0041480,B08ZHD696S,https://images-na.ssl-images-amazon.com/images/I/81xYNwnF-rL._SL1600_.jpg
REV0041496_IMG01,REV0041496,B09CBF2XCF,https://images-na.ssl-images-amazon.com/images/I/B1YyECOkZVS._SL1600_.jpg
REV0041496_IMG02,REV0041496,B09CBF2XCF,https://images-na.ssl-images-amazon.com/images/I/C1jHoGc0bFS._SL1600_.jpg
REV0041557_IMG01,REV0041557,B07PYZS5PK,https://images-na.ssl-images-amazon.com/images/I/71+pxWOBn9L.jpg
REV0041557_IMG02,REV0041557,B07PYZS5PK,https://images-na.ssl-images-amazon.com/images/I/71FbO02o7IL.jpg
REV0041557_IMG03,REV0041557,B07PYZS5PK,https://images-na.ssl-images-amazon.com/images/I/71t4GuC4KkL.jpg
REV0041557_IMG04,REV0041557,B07PYZS5PK,https://images-na.ssl-images-amazon.com/images/I/71wK36xIDaL.jpg
REV0041557_IMG05,REV0041557,B07PYZS5PK,https://images-na.ssl-images-amazon.com/images/I/81P9P8hS7xL.jpg
REV0041557_IMG06,REV0041557,B07PYZS5PK,https://images-na.ssl-images-amazon.com/images/I/81WH7LtPfzL.jpg
REV0041559_IMG01,REV0041559,B09VTZ54J7,https://m.media-amazon.com/images/I/61VZ5rjjaqL._SL1600_.jpg
REV0041578_IMG01,REV0041578,B07Q2G85J8,https://images-na.ssl-images-amazon.com/images/I/C1T0SqB0y0S._SL1600_.jpg
REV0041578_IMG02,REV0041578,B07Q2G85J8,https://images-na.ssl-images-amazon.com/images/I/C1zMerVtg8S._SL1600_.jpg
REV0041579_IMG01,REV0041579,B01ALBMIEI,https://m.media-amazon.com/images/I/51pKFTm0Z0L._SL1600_.jpg
REV0041579_IMG02,REV0041579,B01ALBMIEI,https://m.media-amazon.com/images/I/612TaNMwznL._SL1600_.jpg
REV0041579_IMG03,REV0041579,B01ALBMIEI,https://m.media-amazon.com/images/I/61uH4eWcW3L._SL1600_.jpg
REV0041592_IMG01,REV0041592,B0B6BY693G,https://m.media-amazon.com/images/I/71QI5iXk8vL._SL1600_.jpg
REV0041608_IMG01,REV0041608,B07JXZ1BJ7,https://m.media-amazon.com/images/I/61fcxf2FfXL._SL1600_.jpg
REV0041608_IMG02,REV0041608,B07JXZ1BJ7,https://m.media-amazon.com/images/I/61gTTRrLmeL._SL1600_.jpg
REV0041666_IMG01,REV0041666,B0BT1CY693,https://m.media-amazon.com/images/I/615ks8j9afL._SL1600_.jpg
REV0041668_IMG01,REV0041668,B08LS914Y7,https://m.media-amazon.com/images/I/71hFQcaIVeL._SL1600_.jpg
REV0041699_IMG01,REV0041699,B004XLDDNI,https://images-na.ssl-images-amazon.com/images/I/61niV8Q6KML.jpg
REV0041699_IMG02,REV0041699,B004XLDDNI,https://images-na.ssl-images-amazon.com/images/I/718H3W-sKiL.jpg
REV0041750_IMG01,REV0041750,B0C6226Y9B,https://images-na.ssl-images-amazon.com/images/I/A1G7yuwMd-L._SL1600_.jpg
REV0041750_IMG02,REV0041750,B0C6226Y9B,https://images-na.ssl-images-amazon.com/images/I/B12-SAFpnkS._SL1600_.jpg
REV0041753_IMG01,REV0041753,B00L1JT4YM,https://images-na.ssl-images-amazon.com/images/I/71AjVOzQH-L.jpg
REV0041753_IMG02,REV0041753,B00L1JT4YM,https://images-na.ssl-images-amazon.com/images/I/71zYlgolLOL.jpg
REV0041793_IMG01,REV0041793,B07V579SPB,https://m.media-amazon.com/images/I/71rhvVBJx7L._SL1600_.jpg
REV0041808_IMG01,REV0041808,B0C69G8PHH,https://images-na.ssl-images-amazon.com/images/I/81+SEFKIAJL._SL1600_.jpg
REV0041808_IMG02,REV0041808,B0C69G8PHH,https://images-na.ssl-images-amazon.com/images/I/818q8O+D+FL._SL1600_.jpg
REV0041808_IMG03,REV0041808,B0C69G8PHH,https://images-na.ssl-images-amazon.com/images/I/81Ri3td7LzL._SL1600_.jpg
REV0041811_IMG01,REV0041811,B0BC93HP8C,https://m.media-amazon.com/images/I/811olib9wdL._SL1600_.jpg
REV0041811_IMG02,REV0041811,B0BC93HP8C,https://m.media-amazon.com/images/I/81F+sVJ7upL._SL1600_.jpg
REV0041811_IMG03,REV0041811,B0BC93HP8C,https://m.media-amazon.com/images/I/81cOcfzpyQL._SL1600_.jpg
REV0041814_IMG01,REV0041814,B001TH7GZU,https://images-na.ssl-images-amazon.com/images/I/71hITdwJGdL.jpg
REV0041850_IMG01,REV0041850,B09YC8YCV6,https://images-na.ssl-images-amazon.com/images/I/71ZzmcZf51L.jpg
REV0041942_IMG01,REV0041942,B06WRRD8GT,https://images-na.ssl-images-amazon.com/images/I/61d0BKcdVAL.jpg
REV0041942_IMG02,REV0041942,B06WRRD8GT,https://images-na.ssl-images-amazon.com/images/I/61lgUsYS7NL.jpg
REV0041948_IMG01,REV0041948,B01N995ZOA,https://images-na.ssl-images-amazon.com/images/I/71rHvNJEqdL.jpg
REV0041964_IMG01,REV0041964,B0C4422Q8X,https://m.media-amazon.com/images/I/711NC1v9yVL._SL1600_.jpg
REV0041964_IMG02,REV0041964,B0C4422Q8X,https://m.media-amazon.com/images/I/71wQPQ-DWvL._SL1600_.jpg
REV0041985_IMG01,REV0041985,B0053F7UIM,https://images-na.ssl-images-amazon.com/images/I/616ZT+6zEIL.jpg
REV0041985_IMG02,REV0041985,B0053F7UIM,https://images-na.ssl-images-amazon.com/images/I/711qLfTg1jL.jpg
REV0041985_IMG03,REV0041985,B0053F7UIM,https://images-na.ssl-images-amazon.com/images/I/712g4M1TUAL.jpg
REV0041985_IMG04,REV0041985,B0053F7UIM,https://images-na.ssl-images-amazon.com/images/I/71KbvVVmQCL.jpg
REV0041985_IMG05,REV0041985,B0053F7UIM,https://images-na.ssl-images-amazon.com/images/I/71d5d2KwCLL.jpg
REV0042033_IMG01,REV0042033,B08LGRFT6Q,https://images-na.ssl-images-amazon.com/images/I/A1-1U8EZn8L._SL1600_.jpg
REV0042040_IMG01,REV0042040,B0BRN9S4QX,https://m.media-amazon.com/images/I/71Je2WHfn0L._SL1600_.jpg
REV0042040_IMG02,REV0042040,B0BRN9S4QX,https://m.media-amazon.com/images/I/71d2KHqtWoL._SL1600_.jpg
REV0042040_IMG03,REV0042040,B0BRN9S4QX,https://m.media-amazon.com/images/I/71gxmSkNE9L._SL1600_.jpg
REV0042043_IMG01,REV0042043,B07XY9YTFW,https://m.media-amazon.com/images/I/61HDz+xWUrL._SL1600_.jpg
REV0042043_IMG02,REV0042043,B07XY9YTFW,https://m.media-amazon.com/images/I/61ZUH2FiQcL._SL1600_.jpg
REV0042139_IMG01,REV0042139,B08R751X47,https://m.media-amazon.com/images/I/61PGgsqMCFL._SL1600_.jpg
REV0042139_IMG02,REV0042139,B08R751X47,https://m.media-amazon.com/images/I/714twBRflpL._SL1600_.jpg
REV0042139_IMG03,REV0042139,B08R751X47,https://m.media-amazon.com/images/I/71Fznv+wO1L._SL1600_.jpg
REV0042139_IMG04,REV0042139,B08R751X47,https://m.media-amazon.com/images/I/71TS-ecr32L._SL1600_.jpg
REV0042183_IMG01,REV0042183,B082SF3X69,https://m.media-amazon.com/images/I/61oHcmaX5-L._SL1600_.jpg
REV0042189_IMG01,REV0042189,B09X69P5YZ,https://m.media-amazon.com/images/I/61R0j-ZA5RL._SL1600_.jpg
REV0042189_IMG02,REV0042189,B09X69P5YZ,https://m.media-amazon.com/images/I/7182EF40KtL._SL1600_.jpg
REV0042192_IMG01,REV0042192,B0BBQ67F47,https://m.media-amazon.com/images/I/B1aZcqUxFDS._SL1600_.jpg
REV0042192_IMG02,REV0042192,B0BBQ67F47,https://m.media-amazon.com/images/I/B1oZjKp+I5S._SL1600_.jpg
REV0042217_IMG01,REV0042217,B089DMYHQW,https://images-na.ssl-images-amazon.com/images/I/71cZwA+u3-L.jpg
REV0042225_IMG01,REV0042225,B075KNLVBZ,https://images-na.ssl-images-amazon.com/images/I/7165gG3bboL._SL1600_.jpg
REV0042230_IMG01,REV0042230,B08RMPKS2Q,https://m.media-amazon.com/images/I/61yROY6oXlL._SL1600_.jpg
REV0042267_IMG01,REV0042267,B00CXNCRVC,https://images-na.ssl-images-amazon.com/images/I/71f89m2y0RL._SL1600_.jpg
REV0042267_IMG02,REV0042267,B00CXNCRVC,https://images-na.ssl-images-amazon.com/images/I/81rbzZaIB-L._SL1600_.jpg
REV0042322_IMG01,REV0042322,B09JBSSMXV,https://m.media-amazon.com/images/I/61fHmz3i3sL._SL1600_.jpg
REV0042411_IMG01,REV0042411,B06XG2N6LT,https://images-na.ssl-images-amazon.com/images/I/61SnQQbUvzL.jpg
REV0042411_IMG02,REV0042411,B06XG2N6LT,https://images-na.ssl-images-amazon.com/images/I/71GqjLaKPyL.jpg
REV0042411_IMG03,REV0042411,B06XG2N6LT,https://images-na.ssl-images-amazon.com/images/I/71Iwl+C-nrL.jpg
REV0042411_IMG04,REV0042411,B06XG2N6LT,https://images-na.ssl-images-amazon.com/images/I/71yrK5+a53L.jpg
REV0042437_IMG01,REV0042437,B07PJ7ZBZZ,https://m.media-amazon.com/images/I/615kFps7WdL._SL1600_.jpg
REV0042437_IMG02,REV0042437,B07PJ7ZBZZ,https://m.media-amazon.com/images/I/71KHHfZXTbL._SL1600_.jpg
REV0042448_IMG01,REV0042448,B01AGQ4MH4,https://images-na.ssl-images-amazon.com/images/I/71XqkH4KfZL.jpg
REV0042523_IMG01,REV0042523,B00NO64P5I,https://images-na.ssl-images-amazon.com/images/I/715vZNuzDiL.jpg
REV0042523_IMG02,REV0042523,B00NO64P5I,https://images-na.ssl-images-amazon.com/images/I/71LdYo+vpoL.jpg
REV0042523_IMG03,REV0042523,B00NO64P5I,https://images-na.ssl-images-amazon.com/images/I/71Vfwv7ggPL.jpg
REV0042523_IMG04,REV0042523,B00NO64P5I,https://images-na.ssl-images-amazon.com/images/I/71YyHuOnqvL.jpg
REV0042523_IMG05,REV0042523,B00NO64P5I,https://images-na.ssl-images-amazon.com/images/I/71vRVj0dpML.jpg
REV0042574_IMG01,REV0042574,B079RL3L28,https://m.media-amazon.com/images/I/612f4Ej9qZL._SL1600_.jpg
REV0042574_IMG02,REV0042574,B079RL3L28,https://m.media-amazon.com/images/I/61MJOxO2zkL._SL1600_.jpg
REV0042574_IMG03,REV0042574,B079RL3L28,https://m.media-amazon.com/images/I/61VAWAas7lL._SL1600_.jpg
REV0042616_IMG01,REV0042616,B079RMVP1Z,https://m.media-amazon.com/images/I/51Mb1uRv-vL._SL1600_.jpg
REV0042616_IMG02,REV0042616,B079RMVP1Z,https://m.media-amazon.com/images/I/61CmSwFvChL._SL1600_.jpg
REV0042624_IMG01,REV0042624,B0BYJ8JYL3,https://m.media-amazon.com/images/I/61u1e9cxBRL._SL1600_.jpg
REV0042624_IMG02,REV0042624,B0BYJ8JYL3,https://m.media-amazon.com/images/I/71JGiu1ezpL._SL1600_.jpg
REV0042624_IMG03,REV0042624,B0BYJ8JYL3,https://m.media-amazon.com/images/I/71twb5odoLL._SL1600_.jpg
REV0042624_IMG04,REV0042624,B0BYJ8JYL3,https://m.media-amazon.com/images/I/81DFuyCY9rL._SL1600_.jpg
REV0042724_IMG01,REV0042724,B0C9TTZW3K,https://m.media-amazon.com/images/I/61D5KAaWh7L._SL1600_.jpg
REV0042724_IMG02,REV0042724,B0C9TTZW3K,https://m.media-amazon.com/images/I/61YqdghOqNL._SL1600_.jpg
REV0042724_IMG03,REV0042724,B0C9TTZW3K,https://m.media-amazon.com/images/I/71qW-dpN1rL._SL1600_.jpg
REV0042752_IMG01,REV0042752,B013TI7A4S,https://m.media-amazon.com/images/I/61fbbCbeOjL._SL1600_.jpg
REV0042773_IMG01,REV0042773,B07DNXWC18,https://images-na.ssl-images-amazon.com/images/I/81JAfR915GL.jpg
REV0042800_IMG01,REV0042800,B00E8KC36M,https://images-na.ssl-images-amazon.com/images/I/717xXNgDgaL.jpg
REV0042859_IMG01,REV0042859,B013TINE4S,https://images-na.ssl-images-amazon.com/images/I/71u6BXb+s3L.jpg
REV0042862_IMG01,REV0042862,B01ALBMIEI,https://images-na.ssl-images-amazon.com/images/I/71Qut8aLhLL.jpg
REV0042862_IMG02,REV0042862,B01ALBMIEI,https://images-na.ssl-images-amazon.com/images/I/71rEBPmRYaL.jpg
REV0042924_IMG01,REV0042924,B00I38DBCA,https://images-na.ssl-images-amazon.com/images/I/71UlZvaU7-L.jpg
REV0042955_IMG01,REV0042955,B09BXVS17S,https://m.media-amazon.com/images/I/818epFpYkBL._SL1600_.jpg
REV0042962_IMG01,REV0042962,B07YDY9ZQ3,https://m.media-amazon.com/images/I/71sPU25iWgL._SL1600_.jpg
REV0043004_IMG01,REV0043004,B0BX9GK3PB,https://images-na.ssl-images-amazon.com/images/I/71BepJ5GIQL._SL1600_.jpg
REV0043004_IMG02,REV0043004,B0BX9GK3PB,https://images-na.ssl-images-amazon.com/images/I/81FdempBBnL._SL1600_.jpg
REV0043004_IMG03,REV0043004,B0BX9GK3PB,https://images-na.ssl-images-amazon.com/images/I/81GWfb6jQrL._SL1600_.jpg
REV0043004_IMG04,REV0043004,B0BX9GK3PB,https://images-na.ssl-images-amazon.com/images/I/81JJoys8+2L._SL1600_.jpg
REV0043004_IMG05,REV0043004,B0BX9GK3PB,https://images-na.ssl-images-amazon.com/images/I/81K3YaLEE2L._SL1600_.jpg
REV0043004_IMG06,REV0043004,B0BX9GK3PB,https://images-na.ssl-images-amazon.com/images/I/81RqX6uP5+L._SL1600_.jpg
REV0043004_IMG07,REV0043004,B0BX9GK3PB,https://images-na.ssl-images-amazon.com/images/I/81wRwTaB3aL._SL1600_.jpg
REV0043004_IMG08,REV0043004,B0BX9GK3PB,https://images-na.ssl-images-amazon.com/images/I/913fcbQSB-L._SL1600_.jpg
REV0043016_IMG01,REV0043016,B0B1CYSYQ1,https://images-na.ssl-images-amazon.com/images/I/71SDY-y6JWL.jpg
REV0043063_IMG01,REV0043063,B002R8JAWC,https://m.media-amazon.com/images/I/615Ys+3r7SL._SL1600_.jpg
REV0043101_IMG01,REV0043101,B005BNMWCA,https://images-na.ssl-images-amazon.com/images/I/71tb1ZxdnsL.jpg
REV0043104_IMG01,REV0043104,B08M5G8MQN,https://m.media-amazon.com/images/I/71mfbTSldZL._SL1600_.jpg
REV0043108_IMG01,REV0043108,B079S38XXP,https://m.media-amazon.com/images/I/61BLt+oOw2L._SL1600_.jpg
REV0043164_IMG01,REV0043164,B000IBEYOO,https://m.media-amazon.com/images/I/61T2ZH6lrBL._SL1600_.jpg
REV0043200_IMG01,REV0043200,B092JK196F,https://images-na.ssl-images-amazon.com/images/I/61UhJ+bqLiL.jpg
REV0043200_IMG02,REV0043200,B092JK196F,https://images-na.ssl-images-amazon.com/images/I/71jZrszQDrL.jpg
REV0043200_IMG03,REV0043200,B092JK196F,https://images-na.ssl-images-amazon.com/images/I/71v8ONIwCIL.jpg
REV0043282_IMG01,REV0043282,B07QMZL448,https://images-na.ssl-images-amazon.com/images/I/81q6hZAWPkL.jpg
REV0043285_IMG01,REV0043285,B087QHY9PM,https://images-na.ssl-images-amazon.com/images/I/C1igcXxnABS._SL1600_.jpg
REV0043303_IMG01,REV0043303,B07H3B3278,https://m.media-amazon.com/images/I/71yqAjMwoGL._SL1600_.jpg
REV0043360_IMG01,REV0043360,B077FWZP12,https://images-na.ssl-images-amazon.com/images/I/71k0252p1AL.jpg
REV0043375_IMG01,REV0043375,B07TT21PJ4,https://m.media-amazon.com/images/I/71KMmVbuvaL._SL1600_.jpg
REV0043400_IMG01,REV0043400,B09WKP246S,https://images-na.ssl-images-amazon.com/images/I/71gMCDXhkuL.jpg
REV0043462_IMG01,REV0043462,B07P8B2YHR,https://images-na.ssl-images-amazon.com/images/I/51tDiV0UB2L._SL1600_.jpg
REV0043462_IMG02,REV0043462,B07P8B2YHR,https://images-na.ssl-images-amazon.com/images/I/91DZPWTzcYL._SL1600_.jpg
REV0043462_IMG03,REV0043462,B07P8B2YHR,https://images-na.ssl-images-amazon.com/images/I/91zx6uxOhNL._SL1600_.jpg
REV0043506_IMG01,REV0043506,B07SRRTQ24,https://images-na.ssl-images-amazon.com/images/I/51XGvlwnEJL._SL1600_.jpg
REV0043514_IMG01,REV0043514,B07JR6LZQZ,https://m.media-amazon.com/images/I/71VkY8nGYjL._SL1600_.jpg
REV0043551_IMG01,REV0043551,B07D79Y6BN,https://images-na.ssl-images-amazon.com/images/I/710Y-7GAgaL.jpg
REV0043632_IMG01,REV0043632,B0B9P1JWXX,https://m.media-amazon.com/images/I/71zSg9xwNlL._SL1600_.jpg
REV0043665_IMG01,REV0043665,B0C5DBKGTB,https://m.media-amazon.com/images/I/610i4SgdaeL._SL1600_.jpg
REV0043665_IMG02,REV0043665,B0C5DBKGTB,https://m.media-amazon.com/images/I/71e1Aa9EkBL._SL1600_.jpg
REV0043665_IMG03,REV0043665,B0C5DBKGTB,https://m.media-amazon.com/images/I/71fHgWgXV4L._SL1600_.jpg
REV0043677_IMG01,REV0043677,B00LHRALBI,https://m.media-amazon.com/images/I/81G0QvynV4L._SL1600_.jpg
REV0043677_IMG02,REV0043677,B00LHRALBI,https://m.media-amazon.com/images/I/81Qk+88RY8L._SL1600_.jpg
REV0043677_IMG03,REV0043677,B00LHRALBI,https://m.media-amazon.com/images/I/81SR-I00UIL._SL1600_.jpg
REV0043677_IMG04,REV0043677,B00LHRALBI,https://m.media-amazon.com/images/I/81lKkAfrJDL._SL1600_.jpg
REV0043686_IMG01,REV0043686,B0BGLGNM67,https://m.media-amazon.com/images/I/715NiNL9fGL._SL1600_.jpg
REV0043686_IMG02,REV0043686,B0BGLGNM67,https://m.media-amazon.com/images/I/81h9tE6QETL._SL1600_.jpg
REV0043688_IMG01,REV0043688,B07HVSR8RF,https://images-na.ssl-images-amazon.com/images/I/81Dqz2vEFgL._SL1600_.jpg
REV0043688_IMG02,REV0043688,B07HVSR8RF,https://images-na.ssl-images-amazon.com/images/I/81FMof8IJwL._SL1600_.jpg
REV0043688_IMG03,REV0043688,B07HVSR8RF,https://images-na.ssl-images-amazon.com/images/I/81ZjY89C92L._SL1600_.jpg
REV0043702_IMG01,REV0043702,B08R751X47,https://m.media-amazon.com/images/I/71-dXxn7fuL._SL1600_.jpg
REV0043726_IMG01,REV0043726,B0051HEFAS,https://images-na.ssl-images-amazon.com/images/I/51N8ylAicKL._SL1600_.jpg
REV0043726_IMG02,REV0043726,B0051HEFAS,https://images-na.ssl-images-amazon.com/images/I/51x7hCX4UzL._SL1600_.jpg
REV0043731_IMG01,REV0043731,B0028BAAWW,https://images-na.ssl-images-amazon.com/images/I/612PZtqnhJL._SL1600_.jpg
REV0043731_IMG02,REV0043731,B0028BAAWW,https://images-na.ssl-images-amazon.com/images/I/71XhOI-5kBL.jpg
REV0043731_IMG03,REV0043731,B0028BAAWW,https://images-na.ssl-images-amazon.com/images/I/81kxAVZf5DL.jpg
REV0043746_IMG01,REV0043746,B0B782SV53,https://m.media-amazon.com/images/I/61xIc10SokL._SL1600_.jpg
REV0043746_IMG02,REV0043746,B0B782SV53,https://m.media-amazon.com/images/I/81aDen9xcqL._SL1600_.jpg
REV0043766_IMG01,REV0043766,B0BLC6GRLX,https://images-na.ssl-images-amazon.com/images/I/718LRdha9aL.jpg
REV0043766_IMG02,REV0043766,B0BLC6GRLX,https://images-na.ssl-images-amazon.com/images/I/71ih8lOpwvL._SL1600_.jpg
REV0043766_IMG03,REV0043766,B0BLC6GRLX,https://images-na.ssl-images-amazon.com/images/I/71rwTPuFvRL.jpg
REV0043768_IMG01,REV0043768,B08NCLM5D6,https://m.media-amazon.com/images/I/710MTNigdPL._SL1600_.jpg
REV0043792_IMG01,REV0043792,B0BXT12QCD,https://m.media-amazon.com/images/I/71vBKjaDPEL._SL1600_.jpg
REV0043792_IMG02,REV0043792,B0BXT12QCD,https://m.media-amazon.com/images/I/81hYo+vRB8L._SL1600_.jpg
REV0043808_IMG01,REV0043808,B0C73FHMPX,https://m.media-amazon.com/images/I/71+kIE-WaML._SL1600_.jpg
REV0043853_IMG01,REV0043853,B09WYPRQ6J,https://m.media-amazon.com/images/I/613pWZb-RzL._SL1600_.jpg
REV0043853_IMG02,REV0043853,B09WYPRQ6J,https://m.media-amazon.com/images/I/61XPJYucG2L._SL1600_.jpg
REV0043853_IMG03,REV0043853,B09WYPRQ6J,https://m.media-amazon.com/images/I/61vlxZvqINL._SL1600_.jpg
REV0043962_IMG01,REV0043962,B00WAI881I,https://m.media-amazon.com/images/I/71IFKwlH6UL._SL1600_.jpg
REV0043970_IMG01,REV0043970,B092X4THVJ,https://m.media-amazon.com/images/I/51GsMLe4v2L._SL1600_.jpg
REV0043970_IMG02,REV0043970,B092X4THVJ,https://m.media-amazon.com/images/I/716c4vlRYzL._SL1600_.jpg
REV0043970_IMG03,REV0043970,B092X4THVJ,https://m.media-amazon.com/images/I/71tMlFWXYfL._SL1600_.jpg
REV0043979_IMG01,REV0043979,B08V552JZ1,https://m.media-amazon.com/images/I/B1cVH8WObfS._SL1600_.jpg
REV0043979_IMG02,REV0043979,B08V552JZ1,https://m.media-amazon.com/images/I/B1tghX8d0zS._SL1600_.jpg
REV0044015_IMG01,REV0044015,B0081N3YW4,https://m.media-amazon.com/images/I/719+34sOpnL._SL1600_.jpg
REV0044015_IMG02,REV0044015,B0081N3YW4,https://m.media-amazon.com/images/I/71qtJgEV2QL._SL1600_.jpg
REV0044046_IMG01,REV0044046,B005B9CGT8,https://images-na.ssl-images-amazon.com/images/I/71M93FpmQ0L.jpg
REV0044070_IMG01,REV0044070,B07GXZFGZV,https://images-na.ssl-images-amazon.com/images/I/718BvpRIB7L.jpg
REV0044090_IMG01,REV0044090,B00MHI6RPK,https://images-na.ssl-images-amazon.com/images/I/51Ck5ew0-FL._SL1600_.jpg
REV0044090_IMG02,REV0044090,B00MHI6RPK,https://images-na.ssl-images-amazon.com/images/I/51HazzEyX8L._SL1600_.jpg
REV0044090_IMG03,REV0044090,B00MHI6RPK,https://images-na.ssl-images-amazon.com/images/I/51Xp3Aot6vL._SL1600_.jpg
REV0044090_IMG04,REV0044090,B00MHI6RPK,https://images-na.ssl-images-amazon.com/images/I/61q9lrADT8L._SL1600_.jpg
REV0044108_IMG01,REV0044108,B0BJ8WXV9S,https://m.media-amazon.com/images/I/61E0GCUuBzL._SL1600_.jpg
REV0044108_IMG02,REV0044108,B0BJ8WXV9S,https://m.media-amazon.com/images/I/61dMpMlHHgL._SL1600_.jpg
REV0044108_IMG03,REV0044108,B0BJ8WXV9S,https://m.media-amazon.com/images/I/61j6YATN34L._SL1600_.jpg
REV0044142_IMG01,REV0044142,B08KCW7CH6,https://images-na.ssl-images-amazon.com/images/I/71jiRWDOMxL._SL1600_.jpg
REV0044142_IMG02,REV0044142,B08KCW7CH6,https://images-na.ssl-images-amazon.com/images/I/71oJ+fsiVHL._SL1600_.jpg
REV0044142_IMG03,REV0044142,B08KCW7CH6,https://images-na.ssl-images-amazon.com/images/I/813diavQ7sL._SL1600_.jpg
REV0044142_IMG04,REV0044142,B08KCW7CH6,https://images-na.ssl-images-amazon.com/images/I/818HpxLLrEL._SL1600_.jpg
REV0044142_IMG05,REV0044142,B08KCW7CH6,https://images-na.ssl-images-amazon.com/images/I/81FlJCgnlyL._SL1600_.jpg
REV0044142_IMG06,REV0044142,B08KCW7CH6,https://images-na.ssl-images-amazon.com/images/I/81MnqzUVy7L._SL1600_.jpg
REV0044142_IMG07,REV0044142,B08KCW7CH6,https://images-na.ssl-images-amazon.com/images/I/81S20A87bvL._SL1600_.jpg
REV0044142_IMG08,REV0044142,B08KCW7CH6,https://images-na.ssl-images-amazon.com/images/I/81q1-AX2FRL._SL1600_.jpg
REV0044142_IMG09,REV0044142,B08KCW7CH6,https://images-na.ssl-images-amazon.com/images/I/81toGdUa0tL._SL1600_.jpg
REV0044214_IMG01,REV0044214,B0C4WK4187,https://m.media-amazon.com/images/I/6127WCYBNNL._SL1600_.jpg
REV0044214_IMG02,REV0044214,B0C4WK4187,https://m.media-amazon.com/images/I/61880H9tNbL._SL1600_.jpg
REV0044214_IMG03,REV0044214,B0C4WK4187,https://m.media-amazon.com/images/I/61ULMMf7d1L._SL1600_.jpg
REV0044218_IMG01,REV0044218,B0C4X9ZJ8P,https://m.media-amazon.com/images/I/617cLKYsZCL._SL1600_.jpg
REV0044218_IMG02,REV0044218,B0C4X9ZJ8P,https://m.media-amazon.com/images/I/61iXhbqcBpL._SL1600_.jpg
REV0044218_IMG03,REV0044218,B0C4X9ZJ8P,https://m.media-amazon.com/images/I/71zWQa5dzbL._SL1600_.jpg
REV0044222_IMG01,REV0044222,B092JK196F,https://m.media-amazon.com/images/I/B1CdVqOzkxS._SL1600_.jpg
REV0044227_IMG01,REV0044227,B01N75LD14,https://images-na.ssl-images-amazon.com/images/I/71ADccvu4NL.jpg
REV0044230_IMG01,REV0044230,B085CBN5NG,https://m.media-amazon.com/images/I/71Qj2L9dhEL._SL1600_.jpg
REV0044234_IMG01,REV0044234,B09W8W65XY,https://images-na.ssl-images-amazon.com/images/I/61v01qAiRGL._SL1600_.jpg
REV0044241_IMG01,REV0044241,B07HQNZRV2,https://images-na.ssl-images-amazon.com/images/I/91tA1ZgnM9L._SL1600_.jpg
REV0044241_IMG02,REV0044241,B07HQNZRV2,https://images-na.ssl-images-amazon.com/images/I/91uX2rFh3JL._SL1600_.jpg
REV0044266_IMG01,REV0044266,B0B2W8DNJ6,https://m.media-amazon.com/images/I/81xn+KbIr4L._SL1600_.jpg
REV0044276_IMG01,REV0044276,B07Z8H6BLP,https://m.media-amazon.com/images/I/613MtRlLhJL._SL1600_.jpg
REV0044276_IMG02,REV0044276,B07Z8H6BLP,https://m.media-amazon.com/images/I/61Z49dITcTL._SL1600_.jpg
REV0044276_IMG03,REV0044276,B07Z8H6BLP,https://m.media-amazon.com/images/I/61d6tULR7XL._SL1600_.jpg
REV0044276_IMG04,REV0044276,B07Z8H6BLP,https://m.media-amazon.com/images/I/61w+5ZSSiWL._SL1600_.jpg
REV0044276_IMG05,REV0044276,B07Z8H6BLP,https://m.media-amazon.com/images/I/71tiYaECGjL._SL1600_.jpg
REV0044276_IMG06,REV0044276,B07Z8H6BLP,https://m.media-amazon.com/images/I/815P1LHj6WL._SL1600_.jpg
REV0044276_IMG07,REV0044276,B07Z8H6BLP,https://m.media-amazon.com/images/I/91-DxSsWu8L._SL1600_.jpg
REV0044276_IMG08,REV0044276,B07Z8H6BLP,https://m.media-amazon.com/images/I/911N0yOyh5L._SL1600_.jpg
REV0044300_IMG01,REV0044300,B0BT1CY693,https://images-na.ssl-images-amazon.com/images/I/619AJ63i9xL.jpg
REV0044338_IMG01,REV0044338,B0BGT2HXTN,https://m.media-amazon.com/images/I/71JWMcGKVlL._SL1600_.jpg
REV0044338_IMG02,REV0044338,B0BGT2HXTN,https://m.media-amazon.com/images/I/81+Fa9RwOoL._SL1600_.jpg
REV0044357_IMG01,REV0044357,B0BYYK77PY,https://m.media-amazon.com/images/I/71IJTBW5fzL._SL1600_.jpg
REV0044357_IMG02,REV0044357,B0BYYK77PY,https://m.media-amazon.com/images/I/71dcA6n34-L._SL1600_.jpg
REV0044373_IMG01,REV0044373,B000XPT0DK,https://images-na.ssl-images-amazon.com/images/I/81bhU+ko9FL.jpg
REV0044376_IMG01,REV0044376,B000DZFTC6,https://images-na.ssl-images-amazon.com/images/I/81y-hIR-bOL.jpg
REV0044410_IMG01,REV0044410,B07M93XRJ8,https://images-na.ssl-images-amazon.com/images/I/61Dkt26e4vL.jpg
REV0044440_IMG01,REV0044440,B0BHVB8BF4,https://images-na.ssl-images-amazon.com/images/I/71kbvBbPvPL.jpg
REV0044453_IMG01,REV0044453,B09YC8YCV6,https://images-na.ssl-images-amazon.com/images/I/71Sns1pVGwL.jpg
REV0044453_IMG02,REV0044453,B09YC8YCV6,https://images-na.ssl-images-amazon.com/images/I/71lkMDn1ftL.jpg
REV0044453_IMG03,REV0044453,B09YC8YCV6,https://images-na.ssl-images-amazon.com/images/I/71qKJgTi89L.jpg
REV0044464_IMG01,REV0044464,B09H5JSBF9,https://m.media-amazon.com/images/I/61CN0wUdIaL._SL1600_.jpg
REV0044464_IMG02,REV0044464,B09H5JSBF9,https://m.media-amazon.com/images/I/61ZScQdV-LL._SL1600_.jpg
REV0044493_IMG01,REV0044493,B00G5N1A3M,https://images-na.ssl-images-amazon.com/images/I/9162NHtNNGL._SL1600_.jpg
REV0044493_IMG02,REV0044493,B00G5N1A3M,https://images-na.ssl-images-amazon.com/images/I/91qpRIYUlQL._SL1600_.jpg
REV0044557_IMG01,REV0044557,B09QKBPFYC,https://m.media-amazon.com/images/I/61NNBFDTVxL._SL1600_.jpg
REV0044579_IMG01,REV0044579,B0813Z5QKV,https://images-na.ssl-images-amazon.com/images/I/61og3Gn+OsL._SL1600_.jpg
REV0044579_IMG02,REV0044579,B0813Z5QKV,https://images-na.ssl-images-amazon.com/images/I/71qI3l01ohL.jpg
REV0044592_IMG01,REV0044592,B0882ZJ48W,https://m.media-amazon.com/images/I/611MWb4ARsL._SL1600_.jpg
REV0044596_IMG01,REV0044596,B08CW52TWQ,https://m.media-amazon.com/images/I/71i-DbFw1fL._SL1600_.jpg
REV0044611_IMG01,REV0044611,B08FDR4M7R,https://images-na.ssl-images-amazon.com/images/I/71QK2FszdxL.jpg
REV0044635_IMG01,REV0044635,B082F4HCVG,https://m.media-amazon.com/images/I/71G4gceyDhL._SL1600_.jpg
REV0044654_IMG01,REV0044654,B0857554XT,https://m.media-amazon.com/images/I/71HmMWnzuwL._SL1600_.jpg
REV0044654_IMG02,REV0044654,B0857554XT,https://m.media-amazon.com/images/I/71RSzQ9pT+L._SL1600_.jpg
REV0044654_IMG03,REV0044654,B0857554XT,https://m.media-amazon.com/images/I/81tadGd52BL._SL1600_.jpg
REV0044655_IMG01,REV0044655,B07QL69VJJ,https://images-na.ssl-images-amazon.com/images/I/71hnl1lpNTL.jpg
REV0044656_IMG01,REV0044656,B00SZAVVSC,https://images-na.ssl-images-amazon.com/images/I/41MVR0A2n9L._SL1600_.jpg
REV0044660_IMG01,REV0044660,B095C631K8,https://m.media-amazon.com/images/I/61F1SmHuJML._SL1600_.jpg
REV0044660_IMG02,REV0044660,B095C631K8,https://m.media-amazon.com/images/I/71l1EXGbWbL._SL1600_.jpg
REV0044666_IMG01,REV0044666,B0BGCHX9VP,https://m.media-amazon.com/images/I/61faaPauAfL._SL1600_.jpg
REV0044672_IMG01,REV0044672,B08ZHD696S,https://m.media-amazon.com/images/I/81SrhnC3-+L._SL1600_.jpg
REV0044700_IMG01,REV0044700,B0823J8KLG,https://m.media-amazon.com/images/I/C16Lj-jNkHS._SL1600_.jpg
REV0044700_IMG02,REV0044700,B0823J8KLG,https://m.media-amazon.com/images/I/C16Lj-jNkHS._SL1600_.jpg
REV0044700_IMG03,REV0044700,B0823J8KLG,https://m.media-amazon.com/images/I/C1SuW+xJUPS._SL1600_.jpg
REV0044712_IMG01,REV0044712,B0B3VD8DZB,https://m.media-amazon.com/images/I/51YlW-i3n2L._SL1600_.jpg
REV0044721_IMG01,REV0044721,B01LZHJF55,https://m.media-amazon.com/images/I/41oP4li6lTL._SL1600_.jpg
REV0044738_IMG01,REV0044738,B095JVZJJ6,https://images-na.ssl-images-amazon.com/images/I/71uZ0oQhMuL.jpg
REV0044782_IMG01,REV0044782,B0891ZQGGL,https://m.media-amazon.com/images/I/61bholyGv6L._SL1600_.jpg
REV0044788_IMG01,REV0044788,B0BNN6GLK7,https://m.media-amazon.com/images/I/61fD-2CE--L._SL1600_.jpg
REV0044789_IMG01,REV0044789,B087T715KL,https://images-na.ssl-images-amazon.com/images/I/71C0EaUj1UL.jpg
REV0044789_IMG02,REV0044789,B087T715KL,https://images-na.ssl-images-amazon.com/images/I/71XfeIBSGVL.jpg
REV0044797_IMG01,REV0044797,B083PWPVFX,https://m.media-amazon.com/images/I/61YzkLTlyrL._SL1600_.jpg
REV0044856_IMG01,REV0044856,B01ALBMIEI,https://images-na.ssl-images-amazon.com/images/I/71wrrqbfwHL.jpg
REV0044873_IMG01,REV0044873,B09WM99SZ7,https://m.media-amazon.com/images/I/71XR-cwz7WL._SL1600_.jpg
REV0044907_IMG01,REV0044907,B09JBSSMXV,https://m.media-amazon.com/images/I/611cmSUCU7L._SL1600_.jpg
REV0044907_IMG02,REV0044907,B09JBSSMXV,https://m.media-amazon.com/images/I/61ELsAGeiRL._SL1600_.jpg
REV0044998_IMG01,REV0044998,B08F7DPP8T,https://images-na.ssl-images-amazon.com/images/I/41eoGwkHabL._SL1600_.jpg
REV0044998_IMG02,REV0044998,B08F7DPP8T,https://images-na.ssl-images-amazon.com/images/I/519SM9ap7jL._SL1600_.jpg
REV0045011_IMG01,REV0045011,B00DM8J3MI,https://m.media-amazon.com/images/I/819zBLiNQqL._SL1600_.jpg
REV0045026_IMG01,REV0045026,B085R91V61,https://m.media-amazon.com/images/I/61J1Fo6F+PL._SL1600_.jpg
REV0045026_IMG02,REV0045026,B085R91V61,https://m.media-amazon.com/images/I/61Ql8OYV9ML._SL1600_.jpg
REV0045035_IMG01,REV0045035,B08LMFGRGY,https://m.media-amazon.com/images/I/71QO6gbSosL._SL1600_.jpg
REV0045035_IMG02,REV0045035,B08LMFGRGY,https://m.media-amazon.com/images/I/71impy+lMfL._SL1600_.jpg
REV0045035_IMG03,REV0045035,B08LMFGRGY,https://m.media-amazon.com/images/I/81uozEstIAL._SL1600_.jpg
REV0045089_IMG01,REV0045089,B0882ZJ48W,https://m.media-amazon.com/images/I/51gT9olyomL._SL1600_.jpg
REV0045097_IMG01,REV0045097,B0736L6PP8,https://images-na.ssl-images-amazon.com/images/I/61hkbPcRO6L.jpg
REV0045103_IMG01,REV0045103,B098G54JZF,https://m.media-amazon.com/images/I/B1fc4lVljkS._SL1600_.jpg
REV0045124_IMG01,REV0045124,B07NVJP82G,https://m.media-amazon.com/images/I/711+DyiDk3L._SL1600_.jpg
REV0045143_IMG01,REV0045143,B0BGTBHC7P,https://images-na.ssl-images-amazon.com/images/I/71JOnoQOcnL.jpg
REV0045158_IMG01,REV0045158,B07ZS4D35X,https://m.media-amazon.com/images/I/71DuTj8G9YL._SL1600_.jpg
REV0045170_IMG01,REV0045170,B09TQ6QQHQ,https://m.media-amazon.com/images/I/71AVvpJ+3nL._SL1600_.jpg
REV0045186_IMG01,REV0045186,B002R0DXLY,https://images-na.ssl-images-amazon.com/images/I/710eqQTIvBL.jpg
REV0045186_IMG02,REV0045186,B002R0DXLY,https://images-na.ssl-images-amazon.com/images/I/81+jpitfl1L.jpg
REV0045186_IMG03,REV0045186,B002R0DXLY,https://images-na.ssl-images-amazon.com/images/I/814WZRA0m8L.jpg
REV0045189_IMG01,REV0045189,B07RS9Q8F7,https://images-na.ssl-images-amazon.com/images/I/716N4ogAF-L.jpg
REV0045189_IMG02,REV0045189,B07RS9Q8F7,https://images-na.ssl-images-amazon.com/images/I/71gQr06epFL.jpg
REV0045198_IMG01,REV0045198,B071K678VL,https://images-na.ssl-images-amazon.com/images/I/71G3Rkiq1+L._SL1600_.jpg
REV0045226_IMG01,REV0045226,B0C1NLHKGP,https://m.media-amazon.com/images/I/B1oHNawFYHS._SL1600_.jpg
REV0045323_IMG01,REV0045323,B08H551GHQ,https://images-na.ssl-images-amazon.com/images/I/71lJxGx5w5L._SL1600_.jpg
REV0045323_IMG02,REV0045323,B08H551GHQ,https://images-na.ssl-images-amazon.com/images/I/71yHM+H9UpL._SL1600_.jpg
REV0045341_IMG01,REV0045341,B06X988TDB,https://images-na.ssl-images-amazon.com/images/I/71rbTWbp6UL._SL1600_.jpg
REV0045341_IMG02,REV0045341,B06X988TDB,https://images-na.ssl-images-amazon.com/images/I/81DTLK78hbL._SL1600_.jpg
REV0045353_IMG01,REV0045353,B0BWFK1S2L,https://m.media-amazon.com/images/I/81B2CyjW9jL._SL1600_.jpg
REV0045353_IMG02,REV0045353,B0BWFK1S2L,https://m.media-amazon.com/images/I/81LIjoqkdnL._SL1600_.jpg
REV0045353_IMG03,REV0045353,B0BWFK1S2L,https://m.media-amazon.com/images/I/81Nx3k71apL._SL1600_.jpg
REV0045353_IMG04,REV0045353,B0BWFK1S2L,https://m.media-amazon.com/images/I/81UR9fJJhiL._SL1600_.jpg
REV0045397_IMG01,REV0045397,B0BKL5WLB8,https://m.media-amazon.com/images/I/11iMa8aAspL._SL1600_.jpg
REV0045417_IMG01,REV0045417,B08L8DQPKW,https://images-na.ssl-images-amazon.com/images/I/A1JITem5hQL._SL1600_.jpg
REV0045421_IMG01,REV0045421,B09L4FSF5S,https://m.media-amazon.com/images/I/81HVdI8rwlL._SL1600_.jpg
REV0045434_IMG01,REV0045434,B07TNH5WM4,https://images-na.ssl-images-amazon.com/images/I/A1LCD8x3dXL._SL1600_.jpg
REV0045473_IMG01,REV0045473,B0BKB9M7FX,https://m.media-amazon.com/images/I/61JVCBM62SL._SL1600_.jpg
REV0045473_IMG02,REV0045473,B0BKB9M7FX,https://m.media-amazon.com/images/I/61iWzFCGtML._SL1600_.jpg
REV0045473_IMG03,REV0045473,B0BKB9M7FX,https://m.media-amazon.com/images/I/61pdLLIEpkL._SL1600_.jpg
REV0045473_IMG04,REV0045473,B0BKB9M7FX,https://m.media-amazon.com/images/I/61xEOLfJOvL._SL1600_.jpg
REV0045473_IMG05,REV0045473,B0BKB9M7FX,https://m.media-amazon.com/images/I/61xKMa2vg-L._SL1600_.jpg
REV0045481_IMG01,REV0045481,B07R4RHC4H,https://images-na.ssl-images-amazon.com/images/I/9131Ui0QGvL._SL1600_.jpg
REV0045481_IMG02,REV0045481,B07R4RHC4H,https://images-na.ssl-images-amazon.com/images/I/91j8aMGRfLL._SL1600_.jpg
REV0045486_IMG01,REV0045486,B0C4422Q8X,https://m.media-amazon.com/images/I/61eK6RPn9hL._SL1600_.jpg
REV0045504_IMG01,REV0045504,B09WKP246S,https://m.media-amazon.com/images/I/61DUkBAtzZL._SL1600_.jpg
REV0045517_IMG01,REV0045517,B0BWM57GQ8,https://m.media-amazon.com/images/I/61f4Y0GlE+L._SL1600_.jpg
REV0045517_IMG02,REV0045517,B0BWM57GQ8,https://m.media-amazon.com/images/I/713xB080F0L._SL1600_.jpg
REV0045517_IMG03,REV0045517,B0BWM57GQ8,https://m.media-amazon.com/images/I/716PG60I85L._SL1600_.jpg
REV0045532_IMG01,REV0045532,B0BZW5SSVK,https://m.media-amazon.com/images/I/61CIaAnl82L._SL1600_.jpg
REV0045532_IMG02,REV0045532,B0BZW5SSVK,https://m.media-amazon.com/images/I/61rBfOYrGpL._SL1600_.jpg
REV0045540_IMG01,REV0045540,B06Y28L3S1,https://m.media-amazon.com/images/I/61ojTQEo2TL._SL1600_.jpg
REV0045540_IMG02,REV0045540,B06Y28L3S1,https://m.media-amazon.com/images/I/71fUthVY4fL._SL1600_.jpg
REV0045540_IMG03,REV0045540,B06Y28L3S1,https://m.media-amazon.com/images/I/71jE5axVftL._SL1600_.jpg
REV0045572_IMG01,REV0045572,B010CE497I,https://images-na.ssl-images-amazon.com/images/I/61z1haABB4L.jpg
REV0045572_IMG02,REV0045572,B010CE497I,https://images-na.ssl-images-amazon.com/images/I/71fBvYA-6KL.jpg
REV0045585_IMG01,REV0045585,B08W8JJKGN,https://m.media-amazon.com/images/I/7136LH4ULuL._SL1600_.jpg
REV0045609_IMG01,REV0045609,B01E86RPA4,https://images-na.ssl-images-amazon.com/images/I/61YLu+XCsWL._SL1600_.jpg
REV0045609_IMG02,REV0045609,B01E86RPA4,https://images-na.ssl-images-amazon.com/images/I/61lSDoXCYRL._SL1600_.jpg
REV0045609_IMG03,REV0045609,B01E86RPA4,https://images-na.ssl-images-amazon.com/images/I/61ma-gQ7nfL._SL1600_.jpg
REV0045609_IMG04,REV0045609,B01E86RPA4,https://images-na.ssl-images-amazon.com/images/I/61ug+rUgFgL._SL1600_.jpg
REV0045631_IMG01,REV0045631,B0BKSCJFXH,https://m.media-amazon.com/images/I/61IZRI72KNL._SL1600_.jpg
REV0045631_IMG02,REV0045631,B0BKSCJFXH,https://m.media-amazon.com/images/I/71O9E4r0BjL._SL1600_.jpg
REV0045631_IMG03,REV0045631,B0BKSCJFXH,https://m.media-amazon.com/images/I/71kBZnjRtJL._SL1600_.jpg
REV0045648_IMG01,REV0045648,B07SHFKCR7,https://images-na.ssl-images-amazon.com/images/I/719-00+NycL.jpg
REV0045648_IMG02,REV0045648,B07SHFKCR7,https://images-na.ssl-images-amazon.com/images/I/71J-MrYtxCL.jpg
REV0045648_IMG03,REV0045648,B07SHFKCR7,https://images-na.ssl-images-amazon.com/images/I/71hsRtp-O-L.jpg
REV0045684_IMG01,REV0045684,B09RMB5NDQ,https://m.media-amazon.com/images/I/61-sxEaEugL._SL1600_.jpg
REV0045684_IMG02,REV0045684,B09RMB5NDQ,https://m.media-amazon.com/images/I/61Ql8mTNkJL._SL1600_.jpg
REV0045684_IMG03,REV0045684,B09RMB5NDQ,https://m.media-amazon.com/images/I/71C78O53LGL._SL1600_.jpg
REV0045684_IMG04,REV0045684,B09RMB5NDQ,https://m.media-amazon.com/images/I/71iBizB5VoL._SL1600_.jpg
REV0045684_IMG05,REV0045684,B09RMB5NDQ,https://m.media-amazon.com/images/I/71ljxgxdFjL._SL1600_.jpg
REV0045707_IMG01,REV0045707,B0BP4W4TN1,https://images-na.ssl-images-amazon.com/images/I/613jaMLXjwL._SL1600_.jpg
REV0045707_IMG02,REV0045707,B0BP4W4TN1,https://images-na.ssl-images-amazon.com/images/I/616o8Au4uuL._SL1600_.jpg
REV0045707_IMG03,REV0045707,B0BP4W4TN1,https://images-na.ssl-images-amazon.com/images/I/61ZHD7y15jL._SL1600_.jpg
REV0045707_IMG04,REV0045707,B0BP4W4TN1,https://images-na.ssl-images-amazon.com/images/I/61jgp+oP7KL._SL1600_.jpg
REV0045752_IMG01,REV0045752,B0B5Q2WHF2,https://m.media-amazon.com/images/I/51N3xjtc3iL._SL1600_.jpg
REV0045752_IMG02,REV0045752,B0B5Q2WHF2,https://m.media-amazon.com/images/I/51eqAOZNP6L._SL1600_.jpg
REV0045752_IMG03,REV0045752,B0B5Q2WHF2,https://m.media-amazon.com/images/I/51kjVWJtZEL._SL1600_.jpg
REV0045752_IMG04,REV0045752,B0B5Q2WHF2,https://m.media-amazon.com/images/I/51m-HOeJMDL._SL1600_.jpg
REV0045752_IMG05,REV0045752,B0B5Q2WHF2,https://m.media-amazon.com/images/I/61NZZidzKpL._SL1600_.jpg
REV0045752_IMG06,REV0045752,B0B5Q2WHF2,https://m.media-amazon.com/images/I/61baa92N2fL._SL1600_.jpg
REV0045817_IMG01,REV0045817,B09H5JSBF9,https://m.media-amazon.com/images/I/61gB4ZyW57L._SL1600_.jpg
REV0045817_IMG02,REV0045817,B09H5JSBF9,https://m.media-amazon.com/images/I/61uSp8nAF8L._SL1600_.jpg
REV0045817_IMG03,REV0045817,B09H5JSBF9,https://m.media-amazon.com/images/I/712s5JRgibL._SL1600_.jpg
REV0045821_IMG01,REV0045821,B01F14TF5A,https://images-na.ssl-images-amazon.com/images/I/710mh5s4dkL._SL1600_.jpg
REV0045828_IMG01,REV0045828,B07QQV9K3K,https://images-na.ssl-images-amazon.com/images/I/61BbZnx2+JL._SL1600_.jpg
REV0045828_IMG02,REV0045828,B07QQV9K3K,https://images-na.ssl-images-amazon.com/images/I/61Ml01bN1GL._SL1600_.jpg
REV0045971_IMG01,REV0045971,B0854DD5X7,https://m.media-amazon.com/images/I/71hlgIRMKYL._SL1600_.jpg
REV0045997_IMG01,REV0045997,B083PRDBSB,https://images-na.ssl-images-amazon.com/images/I/61TIsNozuDL.jpg
REV0045997_IMG02,REV0045997,B083PRDBSB,https://images-na.ssl-images-amazon.com/images/I/61gxocJyqbL.jpg
REV0045998_IMG01,REV0045998,B074QLYQ59,https://m.media-amazon.com/images/I/51Fe45WpSaL._SL1600_.jpg
REV0045998_IMG02,REV0045998,B074QLYQ59,https://m.media-amazon.com/images/I/61-ieG1aUCL._SL1600_.jpg
REV0046028_IMG01,REV0046028,B0BKRB5F17,https://m.media-amazon.com/images/I/61ouXGINbTL._SL1600_.jpg
REV0046028_IMG02,REV0046028,B0BKRB5F17,https://m.media-amazon.com/images/I/61xbE3ktPLL._SL1600_.jpg
REV0046028_IMG03,REV0046028,B0BKRB5F17,https://m.media-amazon.com/images/I/71844W79JGL._SL1600_.jpg
REV0046028_IMG04,REV0046028,B0BKRB5F17,https://m.media-amazon.com/images/I/719zDtZwdKL._SL1600_.jpg
REV0046028_IMG05,REV0046028,B0BKRB5F17,https://m.media-amazon.com/images/I/71ZaqQb0IWL._SL1600_.jpg
REV0046028_IMG06,REV0046028,B0BKRB5F17,https://m.media-amazon.com/images/I/71x11z0y9KL._SL1600_.jpg
REV0046122_IMG01,REV0046122,B0BLMPHLWY,https://images-na.ssl-images-amazon.com/images/I/71ntXeP185L.jpg
REV0046124_IMG01,REV0046124,B00MOCCSFW,https://images-na.ssl-images-amazon.com/images/I/81jgd4hLzLL.jpg
REV0046236_IMG01,REV0046236,B07L14V267,https://images-na.ssl-images-amazon.com/images/I/712wNBFK5zL._SL1600_.jpg
REV0046236_IMG02,REV0046236,B07L14V267,https://images-na.ssl-images-amazon.com/images/I/71bTjxqdk4L._SL1600_.jpg
REV0046240_IMG01,REV0046240,B07CYNWTXK,https://images-na.ssl-images-amazon.com/images/I/71pEdW3k2wL.jpg
REV0046261_IMG01,REV0046261,B08BPDTL1H,https://images-na.ssl-images-amazon.com/images/I/61xIrrTitBL._SL1600_.jpg
REV0046261_IMG02,REV0046261,B08BPDTL1H,https://images-na.ssl-images-amazon.com/images/I/711o-bifpdL._SL1600_.jpg
REV0046261_IMG03,REV0046261,B08BPDTL1H,https://images-na.ssl-images-amazon.com/images/I/71hb1qYWRgL._SL1600_.jpg
REV0046261_IMG04,REV0046261,B08BPDTL1H,https://images-na.ssl-images-amazon.com/images/I/71m+vQH5evL._SL1600_.jpg
REV0046264_IMG01,REV0046264,B0BYYXCL6L,https://images-na.ssl-images-amazon.com/images/I/51+ujoDmkSL.jpg
REV0046264_IMG02,REV0046264,B0BYYXCL6L,https://images-na.ssl-images-amazon.com/images/I/61QR0mKBBlL.jpg
REV0046267_IMG01,REV0046267,B09QCSDKMV,https://m.media-amazon.com/images/I/71abAIkOzTL._SL1600_.jpg
REV0046300_IMG01,REV0046300,B0053F7UIM,https://images-na.ssl-images-amazon.com/images/I/815Lht8cxCL.jpg
REV0046304_IMG01,REV0046304,B07FQZNYVM,https://images-na.ssl-images-amazon.com/images/I/615J5KLtlYL.jpg
REV0046308_IMG01,REV0046308,B075H7D9TL,https://images-na.ssl-images-amazon.com/images/I/61Fy4PMKWVL._SL1600_.jpg
REV0046327_IMG01,REV0046327,B00E8KC36M,https://images-na.ssl-images-amazon.com/images/I/61aL1u7j63L.jpg
REV0046327_IMG02,REV0046327,B00E8KC36M,https://images-na.ssl-images-amazon.com/images/I/717i+Bb8jcL.jpg
REV0046342_IMG01,REV0046342,B07VRDN8B9,https://images-na.ssl-images-amazon.com/images/I/71RPQv88HFL.jpg
REV0046434_IMG01,REV0046434,B0B1TC5SDQ,https://m.media-amazon.com/images/I/61nX-6inNGL._SL1600_.jpg
REV0046473_IMG01,REV0046473,B002ECYCTM,https://images-na.ssl-images-amazon.com/images/I/71A1BD4UJ-L.jpg
REV0046473_IMG02,REV0046473,B002ECYCTM,https://images-na.ssl-images-amazon.com/images/I/71A1BD4UJ-L.jpg
REV0046473_IMG03,REV0046473,B002ECYCTM,https://images-na.ssl-images-amazon.com/images/I/71yHYo3yc5L.jpg
REV0046473_IMG04,REV0046473,B002ECYCTM,https://images-na.ssl-images-amazon.com/images/I/71yHYo3yc5L.jpg
REV0046493_IMG01,REV0046493,B07K43RYDC,https://images-na.ssl-images-amazon.com/images/I/81hcsgINZnL.jpg
REV0046530_IMG01,REV0046530,B09BJV21SF,https://images-na.ssl-images-amazon.com/images/I/61NE+otBh1L._SL1600_.jpg
REV0046555_IMG01,REV0046555,B09WV5TT98,https://m.media-amazon.com/images/I/61WiaF9KV6L._SL1600_.jpg
REV0046555_IMG02,REV0046555,B09WV5TT98,https://m.media-amazon.com/images/I/61YzWNV5n6L._SL1600_.jpg
REV0046583_IMG01,REV0046583,B07XG8QQL5,https://m.media-amazon.com/images/I/718GA3ddIVL._SL1600_.jpg
REV0046606_IMG01,REV0046606,B0C9ZT2T55,https://images-na.ssl-images-amazon.com/images/I/61USgIrr6BL.jpg
REV0046606_IMG02,REV0046606,B0C9ZT2T55,https://images-na.ssl-images-amazon.com/images/I/71DzimBA7EL.jpg
REV0046606_IMG03,REV0046606,B0C9ZT2T55,https://images-na.ssl-images-amazon.com/images/I/71jPkW86EsL.jpg
REV0046606_IMG04,REV0046606,B0C9ZT2T55,https://images-na.ssl-images-amazon.com/images/I/71kMSAykcpL.jpg
REV0046622_IMG01,REV0046622,B083PWDFTS,https://m.media-amazon.com/images/I/71P6hg+3Z5L._SL1600_.jpg
REV0046672_IMG01,REV0046672,B07PCT4S23,https://images-na.ssl-images-amazon.com/images/I/51WOT4ytPJL._SL1600_.jpg
REV0046672_IMG02,REV0046672,B07PCT4S23,https://images-na.ssl-images-amazon.com/images/I/61ZUjjLLTSL._SL1600_.jpg
REV0046672_IMG03,REV0046672,B07PCT4S23,https://images-na.ssl-images-amazon.com/images/I/81lqON8C0rL.jpg
REV0046696_IMG01,REV0046696,B09HWCBPKD,https://images-na.ssl-images-amazon.com/images/I/6149Jsb4FnL.jpg
REV0046696_IMG02,REV0046696,B09HWCBPKD,https://images-na.ssl-images-amazon.com/images/I/61SNVZGZqNL.jpg
REV0046696_IMG03,REV0046696,B09HWCBPKD,https://images-na.ssl-images-amazon.com/images/I/61wtMtndKVL.jpg
REV0046723_IMG01,REV0046723,B07DQCCV8W,https://images-na.ssl-images-amazon.com/images/I/4101kCVK5XL._SL1600_.jpg
REV0046810_IMG01,REV0046810,B07RDQLKWQ,https://images-na.ssl-images-amazon.com/images/I/B1owHscG9VS._SL1600_.jpg
REV0046834_IMG01,REV0046834,B07XGQ7Q53,https://images-na.ssl-images-amazon.com/images/I/714SLbFWoOL._SL1600_.jpg
REV0046834_IMG02,REV0046834,B07XGQ7Q53,https://images-na.ssl-images-amazon.com/images/I/71ArFl+lqOL._SL1600_.jpg
REV0046835_IMG01,REV0046835,B004MSKNSU,https://m.media-amazon.com/images/I/810chxcxylL._SL1600_.jpg
REV0046869_IMG01,REV0046869,B07GD5RPPM,https://m.media-amazon.com/images/I/61ht3C1yivL._SL1600_.jpg
REV0046869_IMG02,REV0046869,B07GD5RPPM,https://m.media-amazon.com/images/I/61pWqypLhRL._SL1600_.jpg
REV0046869_IMG03,REV0046869,B07GD5RPPM,https://m.media-amazon.com/images/I/61vyMj7AAVL._SL1600_.jpg
REV0046872_IMG01,REV0046872,B07F83F8B8,https://images-na.ssl-images-amazon.com/images/I/81aEa1xNduL.jpg
REV0046873_IMG01,REV0046873,B0919DS3JN,https://images-na.ssl-images-amazon.com/images/I/71xBV67dwfL.jpg
REV0046936_IMG01,REV0046936,B083PRDBSB,https://m.media-amazon.com/images/I/71JAnA64e3L._SL1600_.jpg
REV0046936_IMG02,REV0046936,B083PRDBSB,https://m.media-amazon.com/images/I/91S8CfrY0FL._SL1600_.jpg
REV0046947_IMG01,REV0046947,B087QMYW15,https://m.media-amazon.com/images/I/71gUda5XP7L._SL1600_.jpg
REV0046952_IMG01,REV0046952,B07CYNWTXK,https://images-na.ssl-images-amazon.com/images/I/61PXTTfgC3L.jpg
REV0046966_IMG01,REV0046966,B00W8T2UM2,https://images-na.ssl-images-amazon.com/images/I/B1IRs7RxcjS._SL1600_.jpg
REV0046976_IMG01,REV0046976,B00JV8GLAK,https://images-na.ssl-images-amazon.com/images/I/7180X5vDkxL.jpg
REV0046976_IMG02,REV0046976,B00JV8GLAK,https://images-na.ssl-images-amazon.com/images/I/71E+HhfLveL.jpg
REV0046976_IMG03,REV0046976,B00JV8GLAK,https://images-na.ssl-images-amazon.com/images/I/71IWu+gKS0L.jpg
REV0046976_IMG04,REV0046976,B00JV8GLAK,https://images-na.ssl-images-amazon.com/images/I/71hSFNccf0L.jpg
REV0046976_IMG05,REV0046976,B00JV8GLAK,https://images-na.ssl-images-amazon.com/images/I/71hSFNccf0L.jpg
REV0047009_IMG01,REV0047009,B087CRN8Y2,https://images-na.ssl-images-amazon.com/images/I/61XGOmA-KwL._SL1600_.jpg
REV0047010_IMG01,REV0047010,B00L1JT4YM,https://images-na.ssl-images-amazon.com/images/I/71u+5oOul6L.jpg
REV0047020_IMG01,REV0047020,B07JV9D3S2,https://images-na.ssl-images-amazon.com/images/I/61XY-qf0P3L.jpg
REV0047088_IMG01,REV0047088,B09GL6SRNJ,https://m.media-amazon.com/images/I/61GToVbeleL._SL1600_.jpg
REV0047088_IMG02,REV0047088,B09GL6SRNJ,https://m.media-amazon.com/images/I/61VckA6Y0eL._SL1600_.jpg
REV0047088_IMG03,REV0047088,B09GL6SRNJ,https://m.media-amazon.com/images/I/61nSVElcpuL._SL1600_.jpg
REV0047088_IMG04,REV0047088,B09GL6SRNJ,https://m.media-amazon.com/images/I/719DyLVmPSL._SL1600_.jpg
REV0047088_IMG05,REV0047088,B09GL6SRNJ,https://m.media-amazon.com/images/I/71jwDtA2S3L._SL1600_.jpg
REV0047120_IMG01,REV0047120,B07SVXPYR7,https://m.media-amazon.com/images/I/71e3Mm2tKwL._SL1600_.jpg
REV0047120_IMG02,REV0047120,B07SVXPYR7,https://m.media-amazon.com/images/I/71kDFJ550tL._SL1600_.jpg
REV0047129_IMG01,REV0047129,B07H12ZWXW,https://images-na.ssl-images-amazon.com/images/I/71SnzNt+KtL.jpg
REV0047129_IMG02,REV0047129,B07H12ZWXW,https://images-na.ssl-images-amazon.com/images/I/71kSeeIvgAL.jpg
REV0047159_IMG01,REV0047159,B0B5Q2WHF2,https://m.media-amazon.com/images/I/71yXMHtZfCL._SL1600_.jpg
REV0047160_IMG01,REV0047160,B08B132TYV,https://m.media-amazon.com/images/I/71GBV0-0lGL._SL1600_.jpg
REV0047176_IMG01,REV0047176,B0BTQ65MY9,https://images-na.ssl-images-amazon.com/images/I/514BTEjh3QL._SL1600_.jpg
REV0047176_IMG02,REV0047176,B0BTQ65MY9,https://images-na.ssl-images-amazon.com/images/I/51pPDUldQ9L._SL1600_.jpg
REV0047209_IMG01,REV0047209,B0C8J6NNBT,https://images-na.ssl-images-amazon.com/images/I/B175-723izS._SL1600_.jpg
REV0047209_IMG02,REV0047209,B0C8J6NNBT,https://images-na.ssl-images-amazon.com/images/I/B1GHQz6JO-S._SL1600_.jpg
REV0047246_IMG01,REV0047246,B08S34C5X9,https://images-na.ssl-images-amazon.com/images/I/91s-ab5KknL._SL1600_.jpg
REV0047264_IMG01,REV0047264,B0BGLGNM67,https://m.media-amazon.com/images/I/7103YepiV2L._SL1600_.jpg
REV0047264_IMG02,REV0047264,B0BGLGNM67,https://m.media-amazon.com/images/I/71g04qZuV8L._SL1600_.jpg
REV0047264_IMG03,REV0047264,B0BGLGNM67,https://m.media-amazon.com/images/I/71kBW3gi-FL._SL1600_.jpg
REV0047264_IMG04,REV0047264,B0BGLGNM67,https://m.media-amazon.com/images/I/81+3f95gGjL._SL1600_.jpg
REV0047264_IMG05,REV0047264,B0BGLGNM67,https://m.media-amazon.com/images/I/81+dDeyPJ7L._SL1600_.jpg
REV0047264_IMG06,REV0047264,B0BGLGNM67,https://m.media-amazon.com/images/I/91MEsC4nmkL._SL1600_.jpg
REV0047269_IMG01,REV0047269,B08PCWTT4X,https://m.media-amazon.com/images/I/619UyN2bgiL._SL1600_.jpg
REV0047307_IMG01,REV0047307,B0BWCL9WCH,https://m.media-amazon.com/images/I/715wh9h-enL._SL1600_.jpg
REV0047307_IMG02,REV0047307,B0BWCL9WCH,https://m.media-amazon.com/images/I/71HOX3dUeEL._SL1600_.jpg
REV0047307_IMG03,REV0047307,B0BWCL9WCH,https://m.media-amazon.com/images/I/813wvnSKM9L._SL1600_.jpg
REV0047314_IMG01,REV0047314,B0C5ZRMRT6,https://images-na.ssl-images-amazon.com/images/I/71GP-gvdX9L._SL1600_.jpg
REV0047314_IMG02,REV0047314,B0C5ZRMRT6,https://images-na.ssl-images-amazon.com/images/I/81PFVDKGY+L._SL1600_.jpg
REV0047321_IMG01,REV0047321,B083YTV3R1,https://images-na.ssl-images-amazon.com/images/I/B1u0TQ6YigS._SL1600_.jpg
REV0047339_IMG01,REV0047339,B07RCMB9ZG,https://m.media-amazon.com/images/I/61V0QJANwBL._SL1600_.jpg
REV0047339_IMG02,REV0047339,B07RCMB9ZG,https://m.media-amazon.com/images/I/61qP-Yp7xzL._SL1600_.jpg
REV0047339_IMG03,REV0047339,B07RCMB9ZG,https://m.media-amazon.com/images/I/61we4Hp4oaL._SL1600_.jpg
REV0047339_IMG04,REV0047339,B07RCMB9ZG,https://m.media-amazon.com/images/I/71Ohxo4nCNL._SL1600_.jpg
REV0047383_IMG01,REV0047383,B08M1JZP9P,https://images-na.ssl-images-amazon.com/images/I/C1uQlka6RrS._SL1600_.jpg
REV0047401_IMG01,REV0047401,B0194FZSQM,https://images-na.ssl-images-amazon.com/images/I/61UYnExnBML.jpg
REV0047401_IMG02,REV0047401,B0194FZSQM,https://images-na.ssl-images-amazon.com/images/I/61jTj9rfsmL.jpg
REV0047407_IMG01,REV0047407,B08NV72Z13,https://m.media-amazon.com/images/I/81znQfqQbrL._SL1600_.jpg
REV0047474_IMG01,REV0047474,B0BBQ67F47,https://m.media-amazon.com/images/I/51Rw1sg2byL._SL1600_.jpg
REV0047531_IMG01,REV0047531,B09DXTZFMW,https://m.media-amazon.com/images/I/71yX9OBV+YL._SL1600_.jpg
REV0047551_IMG01,REV0047551,B0BW9R4245,https://m.media-amazon.com/images/I/61kIuTqpgXL._SL1600_.jpg
REV0047558_IMG01,REV0047558,B07WTXWC32,https://images-na.ssl-images-amazon.com/images/I/A17iIJp0RLL._SL1600_.jpg
REV0047586_IMG01,REV0047586,B07Q9KKR6D,https://images-na.ssl-images-amazon.com/images/I/71OpXJxbzpL.jpg
REV0047586_IMG02,REV0047586,B07Q9KKR6D,https://images-na.ssl-images-amazon.com/images/I/71YysAf+q8L.jpg
REV0047586_IMG03,REV0047586,B07Q9KKR6D,https://images-na.ssl-images-amazon.com/images/I/81bqJIcAGHL.jpg
REV0047586_IMG04,REV0047586,B07Q9KKR6D,https://images-na.ssl-images-amazon.com/images/I/81jQBRiJJIL.jpg
REV0047614_IMG01,REV0047614,B0C86NF3DH,https://images-na.ssl-images-amazon.com/images/I/61bInTEoYcL._SL1600_.jpg
REV0047614_IMG02,REV0047614,B0C86NF3DH,https://images-na.ssl-images-amazon.com/images/I/71BrZO2w0KL._SL1600_.jpg
REV0047614_IMG03,REV0047614,B0C86NF3DH,https://images-na.ssl-images-amazon.com/images/I/71u6YR85lnL._SL1600_.jpg
REV0047614_IMG04,REV0047614,B0C86NF3DH,https://images-na.ssl-images-amazon.com/images/I/71x0+RY0oEL._SL1600_.jpg
REV0047627_IMG01,REV0047627,B07B4FTS19,https://images-na.ssl-images-amazon.com/images/I/81TTPr1JKML.jpg
REV0047650_IMG01,REV0047650,B0893VT8TJ,https://images-na.ssl-images-amazon.com/images/I/41VWYZy9ADL._SL1600_.jpg
REV0047722_IMG01,REV0047722,B08RS7H7KY,https://images-na.ssl-images-amazon.com/images/I/61Nh-WpDQWL.jpg
REV0047722_IMG02,REV0047722,B08RS7H7KY,https://images-na.ssl-images-amazon.com/images/I/61Nh-WpDQWL.jpg
REV0047727_IMG01,REV0047727,B0C69HCVRM,https://m.media-amazon.com/images/I/71A2JWjZ8oL._SL1600_.jpg
REV0047727_IMG02,REV0047727,B0C69HCVRM,https://m.media-amazon.com/images/I/71AJ4-h3oaL._SL1600_.jpg
REV0047727_IMG03,REV0047727,B0C69HCVRM,https://m.media-amazon.com/images/I/71S3D4oa6dL._SL1600_.jpg
REV0047757_IMG01,REV0047757,B09BJV21SF,https://m.media-amazon.com/images/I/C1FKK7pz4oS._SL1600_.jpg
REV0047759_IMG01,REV0047759,B07J3N1YD6,https://m.media-amazon.com/images/I/61hxLQ2UAFL._SL1600_.jpg
REV0047889_IMG01,REV0047889,B0BX9GK3PB,https://images-na.ssl-images-amazon.com/images/I/61OOrouNlhL._SL1600_.jpg
REV0047889_IMG02,REV0047889,B0BX9GK3PB,https://images-na.ssl-images-amazon.com/images/I/718gSF6qdLL._SL1600_.jpg
REV0047889_IMG03,REV0047889,B0BX9GK3PB,https://images-na.ssl-images-amazon.com/images/I/71KH05lW3rL._SL1600_.jpg
REV0047921_IMG01,REV0047921,B08PYPQQ3Z,https://m.media-amazon.com/images/I/61JaopWw9EL._SL1600_.jpg
REV0047922_IMG01,REV0047922,B000UEX256,https://images-na.ssl-images-amazon.com/images/I/81StnSqnhGL._SL1600_.jpg
REV0047935_IMG01,REV0047935,B0BYJ8JYL3,https://m.media-amazon.com/images/I/615FV5aniHL._SL1600_.jpg
REV0047942_IMG01,REV0047942,B07S6M9BD9,https://m.media-amazon.com/images/I/71U7nkydvcL._SL1600_.jpg
REV0047979_IMG01,REV0047979,B09VTZ54J7,https://images-na.ssl-images-amazon.com/images/I/7131jJNmpjL.jpg
REV0047995_IMG01,REV0047995,B01H5PB5RE,https://m.media-amazon.com/images/I/81RfzSQciWL._SL1600_.jpg
REV0048000_IMG01,REV0048000,B08QFQF9HG,https://m.media-amazon.com/images/I/713t0IrwGBL._SL1600_.jpg
REV0048029_IMG01,REV0048029,B0032JTS5E,https://images-na.ssl-images-amazon.com/images/I/51RrJabRbuL._SL1600_.jpg
REV0048036_IMG01,REV0048036,B00DZUARI2,https://images-na.ssl-images-amazon.com/images/I/71teIBOKVoL.jpg
REV0048056_IMG01,REV0048056,B07WTXWC32,https://m.media-amazon.com/images/I/61jOetURhoL._SL1600_.jpg
REV0048066_IMG01,REV0048066,B09MFLYN2V,https://m.media-amazon.com/images/I/61YF7mLX0vL._SL1600_.jpg
REV0048082_IMG01,REV0048082,B0BYJ8JYL3,https://m.media-amazon.com/images/I/71wHBp6UzbL._SL1600_.jpg
REV0048086_IMG01,REV0048086,B00570QEZI,https://images-na.ssl-images-amazon.com/images/I/81BoLbGJPlL._SL1600_.jpg
REV0048127_IMG01,REV0048127,B078G97P22,https://images-na.ssl-images-amazon.com/images/I/61Ol3FB3E3L._SL1600_.jpg
REV0048198_IMG01,REV0048198,B01ALBMIEI,https://images-na.ssl-images-amazon.com/images/I/618a4I-RJAL.jpg
REV0048198_IMG02,REV0048198,B01ALBMIEI,https://images-na.ssl-images-amazon.com/images/I/71XfKu3oFRL.jpg
REV0048214_IMG01,REV0048214,B07CYNWTXK,https://images-na.ssl-images-amazon.com/images/I/412mlM0YikL._SL1600_.jpg
REV0048222_IMG01,REV0048222,B0B7BJZ4LX,https://m.media-amazon.com/images/I/612nk9S3g9L._SL1600_.jpg
REV0048222_IMG02,REV0048222,B0B7BJZ4LX,https://m.media-amazon.com/images/I/61iVPsIkKUL._SL1600_.jpg
REV0048257_IMG01,REV0048257,B07D7FSX5C,https://images-na.ssl-images-amazon.com/images/I/71dtdGghGBL._SL1600_.jpg
REV0048270_IMG01,REV0048270,B07WTXWC32,https://images-na.ssl-images-amazon.com/images/I/81zvj+rHLSL._SL1600_.jpg
REV0048278_IMG01,REV0048278,B073K1L6RH,https://images-na.ssl-images-amazon.com/images/I/71OqjmVQIsL._SL1600_.jpg
REV0048333_IMG01,REV0048333,B0BWFP1RYH,https://images-na.ssl-images-amazon.com/images/I/81DDLPz661L._SL1600_.jpg
REV0048368_IMG01,REV0048368,B09MM7BH9P,https://images-na.ssl-images-amazon.com/images/I/71vP6Fb4EmL.jpg
REV0048373_IMG01,REV0048373,B07YRH21KV,https://images-na.ssl-images-amazon.com/images/I/71-b1F-qW2L.jpg
REV0048373_IMG02,REV0048373,B07YRH21KV,https://images-na.ssl-images-amazon.com/images/I/71OgKm0+hGL.jpg
REV0048373_IMG03,REV0048373,B07YRH21KV,https://images-na.ssl-images-amazon.com/images/I/71R8xKy8kML.jpg
REV0048373_IMG04,REV0048373,B07YRH21KV,https://images-na.ssl-images-amazon.com/images/I/71XdkMoyc4L.jpg
REV0048396_IMG01,REV0048396,B07NVD3PL3,https://m.media-amazon.com/images/I/61pPs0lowLL._SL1600_.jpg
REV0048415_IMG01,REV0048415,B07R3YF9Q7,https://images-na.ssl-images-amazon.com/images/I/7162Xk-hzML._SL1600_.jpg
REV0048417_IMG01,REV0048417,B01HHFUCMG,https://images-na.ssl-images-amazon.com/images/I/61+n4ts7+kL._SL1600_.jpg
REV0048417_IMG02,REV0048417,B01HHFUCMG,https://images-na.ssl-images-amazon.com/images/I/615OKQSWiRL._SL1600_.jpg
REV0048417_IMG03,REV0048417,B01HHFUCMG,https://images-na.ssl-images-amazon.com/images/I/71WgTj3bWaL._SL1600_.jpg
REV0048417_IMG04,REV0048417,B01HHFUCMG,https://images-na.ssl-images-amazon.com/images/I/71Wxzaj2ynL._SL1600_.jpg
REV0048431_IMG01,REV0048431,B06XR8WW52,https://images-na.ssl-images-amazon.com/images/I/61dAepJBv5L.jpg
REV0048448_IMG01,REV0048448,B07C1C5Y5P,https://m.media-amazon.com/images/I/612o-wIiEHL._SL1600_.jpg
REV0048449_IMG01,REV0048449,B08JTXCYB6,https://images-na.ssl-images-amazon.com/images/I/A111ZzMCSVL._SL1600_.jpg
REV0048456_IMG01,REV0048456,B083G9MFKM,https://m.media-amazon.com/images/I/81UdzeTdZjL._SL1600_.jpg
REV0048511_IMG01,REV0048511,B01M2BK452,https://images-na.ssl-images-amazon.com/images/I/313PE8yMeGL._SL1600_.jpg
REV0048511_IMG02,REV0048511,B01M2BK452,https://images-na.ssl-images-amazon.com/images/I/31x+7aSpj6L._SL1600_.jpg
REV0048540_IMG01,REV0048540,B07Q34QCTJ,https://m.media-amazon.com/images/I/71vTrzwbb5L._SL1600_.jpg
REV0048564_IMG01,REV0048564,B00LOX044O,https://images-na.ssl-images-amazon.com/images/I/81iznnDRSoL.jpg
REV0048577_IMG01,REV0048577,B08PCWTT4X,https://images-na.ssl-images-amazon.com/images/I/711PFVvrcwL._SL1600_.jpg
REV0048577_IMG02,REV0048577,B08PCWTT4X,https://images-na.ssl-images-amazon.com/images/I/715wtwmNYXL._SL1600_.jpg
REV0048577_IMG03,REV0048577,B08PCWTT4X,https://images-na.ssl-images-amazon.com/images/I/71qc0BMrkmL._SL1600_.jpg
REV0048596_IMG01,REV0048596,B07BT6YSZM,https://images-na.ssl-images-amazon.com/images/I/A1eVxG4xWBL._SL1600_.jpg
REV0048596_IMG02,REV0048596,B07BT6YSZM,https://images-na.ssl-images-amazon.com/images/I/B1FLdzYbO7S._SL1600_.jpg
REV0048596_IMG03,REV0048596,B07BT6YSZM,https://images-na.ssl-images-amazon.com/images/I/B1epwbZqtUS._SL1600_.jpg
REV0048609_IMG01,REV0048609,B0C4WK4187,https://images-na.ssl-images-amazon.com/images/I/81ezv5JA9IL.jpg
REV0048625_IMG01,REV0048625,B07WTXWC32,https://images-na.ssl-images-amazon.com/images/I/715VKSs9ACL.jpg
REV0048669_IMG01,REV0048669,B072N5XS1H,https://m.media-amazon.com/images/I/81iIPTRUQBL._SL1600_.jpg
REV0048669_IMG02,REV0048669,B072N5XS1H,https://m.media-amazon.com/images/I/911cH-M+WnL._SL1600_.jpg
REV0048693_IMG01,REV0048693,B0167MXZKQ,https://images-na.ssl-images-amazon.com/images/I/714ourazQLL.jpg
REV0048709_IMG01,REV0048709,B0B7BJZ4LX,https://images-na.ssl-images-amazon.com/images/I/B1AXNCdP2NS._SL1600_.jpg
REV0048711_IMG01,REV0048711,B01AROX8A2,https://images-na.ssl-images-amazon.com/images/I/517SXnVetlL._SL1600_.jpg
REV0048711_IMG02,REV0048711,B01AROX8A2,https://images-na.ssl-images-amazon.com/images/I/51DqZg5yxzL._SL1600_.jpg
REV0048711_IMG03,REV0048711,B01AROX8A2,https://images-na.ssl-images-amazon.com/images/I/51GwT+fUanL._SL1600_.jpg
REV0048711_IMG04,REV0048711,B01AROX8A2,https://images-na.ssl-images-amazon.com/images/I/51cDqMCVr+L._SL1600_.jpg
REV0048712_IMG01,REV0048712,B0C6SGRVBX,https://m.media-amazon.com/images/I/61EYKaGcAfL._SL1600_.jpg
REV0048775_IMG01,REV0048775,B07NVJP82G,https://m.media-amazon.com/images/I/61J9ATKeVpL._SL1600_.jpg
REV0048810_IMG01,REV0048810,B083TZHG91,https://m.media-amazon.com/images/I/714M4H0MWqL._SL1600_.jpg
REV0048829_IMG01,REV0048829,B071KQY5TJ,https://images-na.ssl-images-amazon.com/images/I/712TZb8FQXL.jpg
REV0048829_IMG02,REV0048829,B071KQY5TJ,https://images-na.ssl-images-amazon.com/images/I/71zitNFvz0L.jpg
REV0048869_IMG01,REV0048869,B0764GN7XW,https://images-na.ssl-images-amazon.com/images/I/61BimxY8MXL._SL1600_.jpg
REV0048870_IMG01,REV0048870,B07DMRF3QL,https://images-na.ssl-images-amazon.com/images/I/71dxIuqGA-L.jpg
REV0048901_IMG01,REV0048901,B0BTQL2CSV,https://images-na.ssl-images-amazon.com/images/I/71QEi9EM8iL.jpg
REV0048917_IMG01,REV0048917,B07Z3G9JMB,https://m.media-amazon.com/images/I/71SxPJ528PL._SL1600_.jpg
REV0048921_IMG01,REV0048921,B07WTXWC32,https://images-na.ssl-images-amazon.com/images/I/611g3-+nYGL._SL1600_.jpg
REV0048921_IMG02,REV0048921,B07WTXWC32,https://images-na.ssl-images-amazon.com/images/I/71rKWS5WD-L._SL1600_.jpg
REV0048922_IMG01,REV0048922,B07QC7JRDP,https://images-na.ssl-images-amazon.com/images/I/81snMihD33L._SL1600_.jpg
REV0048939_IMG01,REV0048939,B072NY63CK,https://images-na.ssl-images-amazon.com/images/I/71-PIN481YL.jpg
REV0048939_IMG02,REV0048939,B072NY63CK,https://images-na.ssl-images-amazon.com/images/I/71F5o52XO4L.jpg
REV0048939_IMG03,REV0048939,B072NY63CK,https://images-na.ssl-images-amazon.com/images/I/71b0E632maL.jpg
REV0048939_IMG04,REV0048939,B072NY63CK,https://images-na.ssl-images-amazon.com/images/I/71tQ5a8G44L.jpg
REV0048951_IMG01,REV0048951,B019RF0FV2,https://m.media-amazon.com/images/I/712aVHxpo1L._SL1600_.jpg
REV0049008_IMG01,REV0049008,B07W5Z5X8Y,https://m.media-amazon.com/images/I/51RyT6qQ7yL._SL1600_.jpg
REV0049008_IMG02,REV0049008,B07W5Z5X8Y,https://m.media-amazon.com/images/I/8194RiKSwqL._SL1600_.jpg
REV0049019_IMG01,REV0049019,B08FY8Y5QG,https://m.media-amazon.com/images/I/61h1zrwplRL._SL1600_.jpg
REV0049019_IMG02,REV0049019,B08FY8Y5QG,https://m.media-amazon.com/images/I/61v3dJlx5mL._SL1600_.jpg
REV0049033_IMG01,REV0049033,B09V2MZT5Z,https://images-na.ssl-images-amazon.com/images/I/71+sduKetLL._SL1600_.jpg
REV0049056_IMG01,REV0049056,B019PBH9IA,https://images-na.ssl-images-amazon.com/images/I/41S19loYeOL._SL1600_.jpg
REV0049089_IMG01,REV0049089,B00JRKI3QM,https://images-na.ssl-images-amazon.com/images/I/61nfO7DzYJL.jpg
REV0049089_IMG02,REV0049089,B00JRKI3QM,https://images-na.ssl-images-amazon.com/images/I/61nfO7DzYJL.jpg
REV0049142_IMG01,REV0049142,B081S91N21,https://images-na.ssl-images-amazon.com/images/I/71ObV3JqzEL.jpg
REV0049155_IMG01,REV0049155,B01NCMH48B,https://m.media-amazon.com/images/I/51-0uAlsNFL._SL1600_.jpg
REV0049168_IMG01,REV0049168,B088LYGYS5,https://images-na.ssl-images-amazon.com/images/I/61hhauObfDL._SL1600_.jpg
REV0049168_IMG02,REV0049168,B088LYGYS5,https://images-na.ssl-images-amazon.com/images/I/718EnMVg49L._SL1600_.jpg
REV0049168_IMG03,REV0049168,B088LYGYS5,https://images-na.ssl-images-amazon.com/images/I/71e39FpihIL._SL1600_.jpg
REV0049174_IMG01,REV0049174,B08RCJLBFL,https://m.media-amazon.com/images/I/615Y69wOB2L._SL1600_.jpg
REV0049191_IMG01,REV0049191,B0C8J6NNBT,https://images-na.ssl-images-amazon.com/images/I/81VwNSTRPxL._SL1600_.jpg
REV0049199_IMG01,REV0049199,B083G9PRCZ,https://m.media-amazon.com/images/I/51MLkJWDbqL._SL1600_.jpg
REV0049270_IMG01,REV0049270,B08Z79CPGW,https://m.media-amazon.com/images/I/81sura0UCvL._SL1600_.jpg
REV0049273_IMG01,REV0049273,B0BKWC5LL4,https://m.media-amazon.com/images/I/71c7K1rCZ7L._SL1600_.jpg
REV0049273_IMG02,REV0049273,B0BKWC5LL4,https://m.media-amazon.com/images/I/71u+YAwVy4L._SL1600_.jpg
REV0049288_IMG01,REV0049288,B0856W6VCR,https://m.media-amazon.com/images/I/811gECkyk+L._SL1600_.jpg
REV0049298_IMG01,REV0049298,B07CQ8J3XZ,https://images-na.ssl-images-amazon.com/images/I/71trWhPEHuL.jpg
REV0049315_IMG01,REV0049315,B073K1L6RH,https://images-na.ssl-images-amazon.com/images/I/615ilZzkU4L.jpg
REV0049315_IMG02,REV0049315,B073K1L6RH,https://images-na.ssl-images-amazon.com/images/I/714LBAUpCwL.jpg
REV0049315_IMG03,REV0049315,B073K1L6RH,https://images-na.ssl-images-amazon.com/images/I/81zRJ9cIwLL.jpg
REV0049341_IMG01,REV0049341,B09L4FSF5S,https://images-na.ssl-images-amazon.com/images/I/81uXqJbzDLL._SL1600_.jpg
REV0049403_IMG01,REV0049403,B07R69VMXS,https://images-na.ssl-images-amazon.com/images/I/A1LLidT3rML._SL1600_.jpg
REV0049425_IMG01,REV0049425,B0BMV7X9YJ,https://m.media-amazon.com/images/I/71RKXCjCjgL._SL1600_.jpg
REV0049431_IMG01,REV0049431,B01ALBMIEI,https://images-na.ssl-images-amazon.com/images/I/61vYQpcdA+L.jpg
REV0049457_IMG01,REV0049457,B07XPTSLGW,https://m.media-amazon.com/images/I/71wVF80Gm6L._SL1600_.jpg
REV0049483_IMG01,REV0049483,B07B9LT3YS,https://images-na.ssl-images-amazon.com/images/I/71+CtMac0uL.jpg
REV0049485_IMG01,REV0049485,B07QFPKG9V,https://images-na.ssl-images-amazon.com/images/I/81O0PVcFUOL._SL1600_.jpg
REV0049485_IMG02,REV0049485,B07QFPKG9V,https://images-na.ssl-images-amazon.com/images/I/81WKfQJkJ0L._SL1600_.jpg
REV0049499_IMG01,REV0049499,B07R4RHC4H,https://m.media-amazon.com/images/I/61lR+RMtdRL._SL1600_.jpg
REV0049505_IMG01,REV0049505,B07DX8SQXL,https://images-na.ssl-images-amazon.com/images/I/71vJhM3V-iL._SL1600_.jpg
REV0049533_IMG01,REV0049533,B0882ZJ48W,https://m.media-amazon.com/images/I/51NYg1rsxvL._SL1600_.jpg
REV0049533_IMG02,REV0049533,B0882ZJ48W,https://m.media-amazon.com/images/I/51ujO2hRbKL._SL1600_.jpg
REV0049546_IMG01,REV0049546,B071Z2KBQZ,https://images-na.ssl-images-amazon.com/images/I/71bH8XGXGaL.jpg
REV0049546_IMG02,REV0049546,B071Z2KBQZ,https://images-na.ssl-images-amazon.com/images/I/81cyjzA53oL.jpg
REV0049548_IMG01,REV0049548,B01GXOQKQ4,https://m.media-amazon.com/images/I/714VIuZGdnL._SL1600_.jpg
REV0049557_IMG01,REV0049557,B09JY8YPTK,https://m.media-amazon.com/images/I/61C1NMQ12sL._SL1600_.jpg
REV0049557_IMG02,REV0049557,B09JY8YPTK,https://m.media-amazon.com/images/I/71+UtU5N49L._SL1600_.jpg
REV0049610_IMG01,REV0049610,B007EEG3AG,https://images-na.ssl-images-amazon.com/images/I/61+Sg3hnW-L._SL1600_.jpg
REV0049638_IMG01,REV0049638,B07WHP9TR1,https://images-na.ssl-images-amazon.com/images/I/81+cd9ytCVL._SL1600_.jpg
REV0049639_IMG01,REV0049639,B07PNKT1RZ,https://m.media-amazon.com/images/I/81zQhFUj+gL._SL1600_.jpg
REV0049650_IMG01,REV0049650,B0BGLGNM67,https://m.media-amazon.com/images/I/51m4OCkzWLL._SL1600_.jpg
REV0049650_IMG02,REV0049650,B0BGLGNM67,https://m.media-amazon.com/images/I/61gRBLv9CEL._SL1600_.jpg
REV0049737_IMG01,REV0049737,B08SW9RW6X,https://m.media-amazon.com/images/I/61aSd-9uqNL._SL1600_.jpg
REV0049737_IMG02,REV0049737,B08SW9RW6X,https://m.media-amazon.com/images/I/61pJ7RWVnrL._SL1600_.jpg
REV0049740_IMG01,REV0049740,B09TXV2YNR,https://m.media-amazon.com/images/I/51pSzfCCPJL._SL1600_.jpg
REV0049740_IMG02,REV0049740,B09TXV2YNR,https://m.media-amazon.com/images/I/61+XeXPS+fL._SL1600_.jpg
REV0049740_IMG03,REV0049740,B09TXV2YNR,https://m.media-amazon.com/images/I/61P7rjx6-RL._SL1600_.jpg
REV0049740_IMG04,REV0049740,B09TXV2YNR,https://m.media-amazon.com/images/I/61Xi1cUitLL._SL1600_.jpg
REV0049740_IMG05,REV0049740,B09TXV2YNR,https://m.media-amazon.com/images/I/61r+Z0JSLuL._SL1600_.jpg
REV0049740_IMG06,REV0049740,B09TXV2YNR,https://m.media-amazon.com/images/I/61wQz3tSzjL._SL1600_.jpg
REV0049740_IMG07,REV0049740,B09TXV2YNR,https://m.media-amazon.com/images/I/71ZcGMAflIL._SL1600_.jpg
REV0049786_IMG01,REV0049786,B09YC8YCV6,https://m.media-amazon.com/images/I/417EezvVa8L._SL1600_.jpg
REV0049786_IMG02,REV0049786,B09YC8YCV6,https://m.media-amazon.com/images/I/41l8D9pvUwL._SL1600_.jpg
REV0049786_IMG03,REV0049786,B09YC8YCV6,https://m.media-amazon.com/images/I/51JC2KWmUdL._SL1600_.jpg
REV0049816_IMG01,REV0049816,B073BLHCND,https://images-na.ssl-images-amazon.com/images/I/B1FSpTvRz0S._SL1600_.jpg
REV0049816_IMG02,REV0049816,B073BLHCND,https://images-na.ssl-images-amazon.com/images/I/B1gbU6NJ4xS._SL1600_.jpg
REV0049816_IMG03,REV0049816,B073BLHCND,https://images-na.ssl-images-amazon.com/images/I/C12D++PRH1S._SL1600_.jpg
REV0049816_IMG04,REV0049816,B073BLHCND,https://images-na.ssl-images-amazon.com/images/I/C14QEhNLH1S._SL1600_.jpg
REV0049816_IMG05,REV0049816,B073BLHCND,https://images-na.ssl-images-amazon.com/images/I/C14ZSJjIHnS._SL1600_.jpg
REV0049816_IMG06,REV0049816,B073BLHCND,https://images-na.ssl-images-amazon.com/images/I/C1CLu+CW9aS._SL1600_.jpg
REV0049816_IMG07,REV0049816,B073BLHCND,https://images-na.ssl-images-amazon.com/images/I/C1EY5QhFPtS._SL1600_.jpg
REV0049816_IMG08,REV0049816,B073BLHCND,https://images-na.ssl-images-amazon.com/images/I/C1IH40IFEVS._SL1600_.jpg
REV0049816_IMG09,REV0049816,B073BLHCND,https://images-na.ssl-images-amazon.com/images/I/C1ZrNmSzkbS._SL1600_.jpg
REV0049823_IMG01,REV0049823,B08SNMGB8X,https://m.media-amazon.com/images/I/61xfAd5esaL._SL1600_.jpg
REV0049950_IMG01,REV0049950,B08393L6BJ,https://images-na.ssl-images-amazon.com/images/I/71yddlttjgL._SL1600_.jpg
REV0049958_IMG01,REV0049958,B083PWDFTS,https://images-na.ssl-images-amazon.com/images/I/C15qKu-338S._SL1600_.jpg
REV0049967_IMG01,REV0049967,B07WTXWC32,https://m.media-amazon.com/images/I/71m8jPtSAeL._SL1600_.jpg
REV0049972_IMG01,REV0049972,B07JHBPYKZ,https://images-na.ssl-images-amazon.com/images/I/9133xVbspPL._SL1600_.jpg
REV0049972_IMG02,REV0049972,B07JHBPYKZ,https://images-na.ssl-images-amazon.com/images/I/91kBqabf+eL._SL1600_.jpg
REV0050018_IMG01,REV0050018,B08PCWTT4X,https://images-na.ssl-images-amazon.com/images/I/71Gav0TZb1L.jpg
REV0050061_IMG01,REV0050061,B087BT4C71,https://m.media-amazon.com/images/I/61JXuE325GL._SL1600_.jpg
REV0050070_IMG01,REV0050070,B09SHV29MN,https://m.media-amazon.com/images/I/61qSUtlKoHL._SL1600_.jpg
REV0050070_IMG02,REV0050070,B09SHV29MN,https://m.media-amazon.com/images/I/71py5CMNB6L._SL1600_.jpg
REV0050096_IMG01,REV0050096,B005BA4RNK,https://m.media-amazon.com/images/I/61j43v13l3L._SL1600_.jpg
REV0050099_IMG01,REV0050099,B0B9CCJTDF,https://images-na.ssl-images-amazon.com/images/I/51ojQkIpRML._SL1600_.jpg
REV0050101_IMG01,REV0050101,B09J3MFWWJ,https://m.media-amazon.com/images/I/61Eg32iC+JL._SL1600_.jpg
REV0050101_IMG02,REV0050101,B09J3MFWWJ,https://m.media-amazon.com/images/I/61uC+5i-XzL._SL1600_.jpg
REV0050111_IMG01,REV0050111,B01NBMCGJY,https://images-na.ssl-images-amazon.com/images/I/91GM+ubyT3L._SL1600_.jpg
REV0050111_IMG02,REV0050111,B01NBMCGJY,https://images-na.ssl-images-amazon.com/images/I/91JItESYXXL._SL1600_.jpg
REV0050144_IMG01,REV0050144,B09TWYVMZ7,https://m.media-amazon.com/images/I/51fDR7IfISL._SL1600_.jpg
REV0050148_IMG01,REV0050148,B07D7DCBTB,https://images-na.ssl-images-amazon.com/images/I/71S6mD2oa5L._SL1600_.jpg
REV0050170_IMG01,REV0050170,B00EZT5AQ6,https://images-na.ssl-images-amazon.com/images/I/71M8JnoxwUL._SL1600_.jpg
REV0050170_IMG02,REV0050170,B00EZT5AQ6,https://images-na.ssl-images-amazon.com/images/I/71aiTHKDFiL._SL1600_.jpg
REV0050198_IMG01,REV0050198,B0882ZJ48W,https://m.media-amazon.com/images/I/C18TqVBPPcS._SL1600_.jpg
REV0050245_IMG01,REV0050245,B07RJDXWR5,https://m.media-amazon.com/images/I/519YyLUhNWL._SL1600_.jpg
REV0050262_IMG01,REV0050262,B0C9TTZW3K,https://m.media-amazon.com/images/I/51zRevcPo0L._SL1600_.jpg
REV0050262_IMG02,REV0050262,B0C9TTZW3K,https://m.media-amazon.com/images/I/613loPgn+nL._SL1600_.jpg
REV0050262_IMG03,REV0050262,B0C9TTZW3K,https://m.media-amazon.com/images/I/61ragggkfeL._SL1600_.jpg
REV0050262_IMG04,REV0050262,B0C9TTZW3K,https://m.media-amazon.com/images/I/71eVUeqgG+L._SL1600_.jpg
REV0050286_IMG01,REV0050286,B000DZFTC6,https://m.media-amazon.com/images/I/813nWg+mxmL._SL1600_.jpg
REV0050293_IMG01,REV0050293,B01HHFUCMG,https://images-na.ssl-images-amazon.com/images/I/612viSSU9sL.jpg
REV0050297_IMG01,REV0050297,B071Z2KBQZ,https://images-na.ssl-images-amazon.com/images/I/91gCdLRAINL._SL1600_.jpg
REV0050324_IMG01,REV0050324,B0B498C643,https://m.media-amazon.com/images/I/61CJ05I3QzL._SL1600_.jpg
REV0050324_IMG02,REV0050324,B0B498C643,https://m.media-amazon.com/images/I/61p3OxriNGL._SL1600_.jpg
REV0050324_IMG03,REV0050324,B0B498C643,https://m.media-amazon.com/images/I/71AZXygvXSL._SL1600_.jpg
REV0050329_IMG01,REV0050329,B01ALBMIEI,https://m.media-amazon.com/images/I/61Cw8BsYJZL._SL1600_.jpg
REV0050329_IMG02,REV0050329,B01ALBMIEI,https://m.media-amazon.com/images/I/61HFK+i9OSL._SL1600_.jpg
REV0050329_IMG03,REV0050329,B01ALBMIEI,https://m.media-amazon.com/images/I/61PDRH36YML._SL1600_.jpg
REV0050329_IMG04,REV0050329,B01ALBMIEI,https://m.media-amazon.com/images/I/61hRvhPf3CL._SL1600_.jpg
REV0050384_IMG01,REV0050384,B083TZHG91,https://m.media-amazon.com/images/I/61Vy1AMRLWL._SL1600_.jpg
REV0050384_IMG02,REV0050384,B083TZHG91,https://m.media-amazon.com/images/I/71oV1M1C0HL._SL1600_.jpg
REV0050384_IMG03,REV0050384,B083TZHG91,https://m.media-amazon.com/images/I/71yofSf2OTL._SL1600_.jpg
REV0050387_IMG01,REV0050387,B00M25QBBI,https://images-na.ssl-images-amazon.com/images/I/71DZaS6tczL.jpg
REV0050387_IMG02,REV0050387,B00M25QBBI,https://images-na.ssl-images-amazon.com/images/I/71wGkEyJ-LL.jpg
REV0050393_IMG01,REV0050393,B075XMZFRL,https://images-na.ssl-images-amazon.com/images/I/91ldaulatWL._SL1600_.jpg
REV0050393_IMG02,REV0050393,B075XMZFRL,https://images-na.ssl-images-amazon.com/images/I/91pUVTHrLoL._SL1600_.jpg
REV0050398_IMG01,REV0050398,B0042NQRI0,https://images-na.ssl-images-amazon.com/images/I/51Sr7vqXCuL._SL1600_.jpg
REV0050441_IMG01,REV0050441,B08L3JZ5XF,https://images-na.ssl-images-amazon.com/images/I/B19EP0ZhWTS._SL1600_.jpg
REV0050458_IMG01,REV0050458,B0721RVRYN,https://images-na.ssl-images-amazon.com/images/I/717YoZsOYYL.jpg
REV0050490_IMG01,REV0050490,B00J87JQG0,https://images-na.ssl-images-amazon.com/images/I/61gnrDFf0nL._SL1600_.jpg
REV0050490_IMG02,REV0050490,B00J87JQG0,https://images-na.ssl-images-amazon.com/images/I/81n7E4mgVML._SL1600_.jpg
REV0050546_IMG01,REV0050546,B08G1JXH3F,https://m.media-amazon.com/images/I/618Xuttf4OL._SL1600_.jpg
REV0050577_IMG01,REV0050577,B07MP1FHT8,https://images-na.ssl-images-amazon.com/images/I/81Nxdt9unsL.jpg
REV0050614_IMG01,REV0050614,B07WTXWC32,https://m.media-amazon.com/images/I/81bkraw5tEL._SL1600_.jpg
REV0050617_IMG01,REV0050617,B08Q86C88C,https://m.media-amazon.com/images/I/81rXkTYGRdL._SL1600_.jpg
REV0050705_IMG01,REV0050705,B07C1C5Y5P,https://m.media-amazon.com/images/I/41CZm8eOzFL._SL1600_.jpg
REV0050705_IMG02,REV0050705,B07C1C5Y5P,https://m.media-amazon.com/images/I/41qom9M6zxL._SL1600_.jpg
REV0050708_IMG01,REV0050708,B07QB63VN9,https://images-na.ssl-images-amazon.com/images/I/71y4+TUCN+L.jpg
REV0050718_IMG01,REV0050718,B07QC7JRDP,https://m.media-amazon.com/images/I/81NwmFpaV6L._SL1600_.jpg
REV0050727_IMG01,REV0050727,B0C64XWQX9,https://m.media-amazon.com/images/I/61ET00jUhHL._SL1600_.jpg
REV0050727_IMG02,REV0050727,B0C64XWQX9,https://m.media-amazon.com/images/I/61WE7tEZb3L._SL1600_.jpg
REV0050735_IMG01,REV0050735,B08M1JZP9P,https://m.media-amazon.com/images/I/C1LxGTfcjTS._SL1600_.jpg
REV0050735_IMG02,REV0050735,B08M1JZP9P,https://m.media-amazon.com/images/I/C1TmQBfhJAS._SL1600_.jpg
REV0050809_IMG01,REV0050809,B004XLDXKG,https://m.media-amazon.com/images/I/61O6KnszLcL._SL1600_.jpg
REV0050861_IMG01,REV0050861,B085R91V61,https://images-na.ssl-images-amazon.com/images/I/71AFI82ahoL.jpg
REV0050861_IMG02,REV0050861,B085R91V61,https://images-na.ssl-images-amazon.com/images/I/71E+G4TRVHL.jpg
REV0050947_IMG01,REV0050947,B0B9CCJTDF,https://images-na.ssl-images-amazon.com/images/I/A1qn59GPmhL._SL1600_.jpg
REV0050988_IMG01,REV0050988,B01EWUIKP0,https://images-na.ssl-images-amazon.com/images/I/715NU1Wc1oL.jpg
REV0050988_IMG02,REV0050988,B01EWUIKP0,https://images-na.ssl-images-amazon.com/images/I/71DTv6KR+hL.jpg
REV0050988_IMG03,REV0050988,B01EWUIKP0,https://images-na.ssl-images-amazon.com/images/I/71EK8YKqP0L.jpg
REV0050988_IMG04,REV0050988,B01EWUIKP0,https://images-na.ssl-images-amazon.com/images/I/71Z-8671UBL.jpg
REV0050988_IMG05,REV0050988,B01EWUIKP0,https://images-na.ssl-images-amazon.com/images/I/71bKsL2qCbL.jpg
REV0051050_IMG01,REV0051050,B073BLHCND,https://images-na.ssl-images-amazon.com/images/I/714UCM089vL.jpg
REV0051152_IMG01,REV0051152,B07WMSV53H,https://m.media-amazon.com/images/I/7173-pbWwOL._SL1600_.jpg
REV0051152_IMG02,REV0051152,B07WMSV53H,https://m.media-amazon.com/images/I/71WgKk32bEL._SL1600_.jpg
REV0051186_IMG01,REV0051186,B0B9H5NZRD,https://images-na.ssl-images-amazon.com/images/I/616YP7+tGTL._SL1600_.jpg
REV0051204_IMG01,REV0051204,B000BQRGMS,https://images-na.ssl-images-amazon.com/images/I/81Wkb5CA+IL.jpg
REV0051208_IMG01,REV0051208,B07KB9RTPV,https://images-na.ssl-images-amazon.com/images/I/71-iHiQHqjL.jpg
REV0051213_IMG01,REV0051213,B07L8B7VDM,https://images-na.ssl-images-amazon.com/images/I/B1Fp+Bl5DBS._SL1600_.jpg
REV0051235_IMG01,REV0051235,B082VYTCDH,https://m.media-amazon.com/images/I/415KR8bLHYL._SL1600_.jpg
REV0051235_IMG02,REV0051235,B082VYTCDH,https://m.media-amazon.com/images/I/41hbOpSquLL._SL1600_.jpg
REV0051235_IMG03,REV0051235,B082VYTCDH,https://m.media-amazon.com/images/I/51M6BVQ0fuL._SL1600_.jpg
REV0051235_IMG04,REV0051235,B082VYTCDH,https://m.media-amazon.com/images/I/61Zi6O7rp+L._SL1600_.jpg
REV0051260_IMG01,REV0051260,B081TLZFK8,https://m.media-amazon.com/images/I/71bBCKrx6-L._SL1600_.jpg
REV0051262_IMG01,REV0051262,B0837L8JFB,https://images-na.ssl-images-amazon.com/images/I/B1BptsrIzKS._SL1600_.jpg
REV0051263_IMG01,REV0051263,B07WTXWC32,https://images-na.ssl-images-amazon.com/images/I/91EAwHpO4bL._SL1600_.jpg
REV0051266_IMG01,REV0051266,B00DM8J2HE,https://images-na.ssl-images-amazon.com/images/I/710rEYThZKL.jpg
REV0051271_IMG01,REV0051271,B078X1Y73X,https://m.media-amazon.com/images/I/613M2VHc6xL._SL1600_.jpg
REV0051278_IMG01,REV0051278,B07MPTHTKJ,https://images-na.ssl-images-amazon.com/images/I/71zxNU1orFL.jpg
REV0051288_IMG01,REV0051288,B003BNZ954,https://m.media-amazon.com/images/I/71-DJRKPA5L._SL1600_.jpg
REV0051342_IMG01,REV0051342,B07QC7JRDP,https://images-na.ssl-images-amazon.com/images/I/71bzjTvWufL.jpg
REV0051349_IMG01,REV0051349,B0B6BY693G,https://m.media-amazon.com/images/I/71uhvdK+StL._SL1600_.jpg
REV0051363_IMG01,REV0051363,B00JV8GLAK,https://images-na.ssl-images-amazon.com/images/I/61FpOXddLuL.jpg
REV0051363_IMG02,REV0051363,B00JV8GLAK,https://images-na.ssl-images-amazon.com/images/I/61oAOkrZtmL.jpg
REV0051363_IMG03,REV0051363,B00JV8GLAK,https://images-na.ssl-images-amazon.com/images/I/81ojNXXfXmL.jpg
REV0051430_IMG01,REV0051430,B0BJDHT6QN,https://m.media-amazon.com/images/I/61GW3SC4YiL._SL1600_.jpg
REV0051430_IMG02,REV0051430,B0BJDHT6QN,https://m.media-amazon.com/images/I/71Tlfyp0npL._SL1600_.jpg
REV0051430_IMG03,REV0051430,B0BJDHT6QN,https://m.media-amazon.com/images/I/71lcvfUsg3L._SL1600_.jpg
REV0051444_IMG01,REV0051444,B071K678VL,https://images-na.ssl-images-amazon.com/images/I/81+yNLHjRjL.jpg
REV0051444_IMG02,REV0051444,B071K678VL,https://images-na.ssl-images-amazon.com/images/I/81JtIEXWoTL.jpg
REV0051483_IMG01,REV0051483,B005AR76M8,https://images-na.ssl-images-amazon.com/images/I/610dpg93TBL.jpg
REV0051490_IMG01,REV0051490,B09SHV29MN,https://m.media-amazon.com/images/I/C1kQTQRim2S._SL1600_.jpg
REV0051490_IMG02,REV0051490,B09SHV29MN,https://m.media-amazon.com/images/I/D129EPTr8US._SL1600_.jpg
REV0051490_IMG03,REV0051490,B09SHV29MN,https://m.media-amazon.com/images/I/D1vy43QAisS._SL1600_.jpg
REV0051531_IMG01,REV0051531,B003M5L284,https://images-na.ssl-images-amazon.com/images/I/61l8ih+uVSL._SL1600_.jpg
REV0051572_IMG01,REV0051572,B00SPYDSFC,https://images-na.ssl-images-amazon.com/images/I/71M3MqSKJAL.jpg
REV0051586_IMG01,REV0051586,B08MMJ8RM7,https://images-na.ssl-images-amazon.com/images/I/61TooGO843L.jpg
REV0051622_IMG01,REV0051622,B01G4W2ZNC,https://images-na.ssl-images-amazon.com/images/I/71Idw8ymwYL.jpg
REV0051623_IMG01,REV0051623,B081K4Q6KQ,https://images-na.ssl-images-amazon.com/images/I/B1EZ7jy2siS._SL1600_.jpg
REV0051632_IMG01,REV0051632,B0BWCL9WCH,https://images-na.ssl-images-amazon.com/images/I/71UMAWurwrL._SL1600_.jpg
REV0051632_IMG02,REV0051632,B0BWCL9WCH,https://images-na.ssl-images-amazon.com/images/I/81cRyHTotXL._SL1600_.jpg
REV0051633_IMG01,REV0051633,B081RSKQ8R,https://m.media-amazon.com/images/I/51KtgNGCEYL._SL1600_.jpg
REV0051633_IMG02,REV0051633,B081RSKQ8R,https://m.media-amazon.com/images/I/51RTYCrPGgL._SL1600_.jpg
REV0051633_IMG03,REV0051633,B081RSKQ8R,https://m.media-amazon.com/images/I/51x-uAeD2CL._SL1600_.jpg
REV0051633_IMG04,REV0051633,B081RSKQ8R,https://m.media-amazon.com/images/I/61n9NNQD7bL._SL1600_.jpg
REV0051642_IMG01,REV0051642,B0996BGWVK,https://images-na.ssl-images-amazon.com/images/I/91Ao774fipL._SL1600_.jpg
REV0051648_IMG01,REV0051648,B07WTXWC32,https://images-na.ssl-images-amazon.com/images/I/91A6wLJOcXL._SL1600_.jpg
REV0051686_IMG01,REV0051686,B077JGCDFG,https://images-na.ssl-images-amazon.com/images/I/71Hmah3VmEL.jpg
REV0051715_IMG01,REV0051715,B014LOFZTQ,https://images-na.ssl-images-amazon.com/images/I/71QQqbHQQtL.jpg
REV0051715_IMG02,REV0051715,B014LOFZTQ,https://images-na.ssl-images-amazon.com/images/I/81jog3Go4HL.jpg
REV0051731_IMG01,REV0051731,B083PRDBSB,https://m.media-amazon.com/images/I/71JyNbZPi0L._SL1600_.jpg
REV0051731_IMG02,REV0051731,B083PRDBSB,https://m.media-amazon.com/images/I/71m3Je0ziKL._SL1600_.jpg
REV0051749_IMG01,REV0051749,B07SHKBXP5,https://images-na.ssl-images-amazon.com/images/I/61dymOb8m+L._SL1600_.jpg
REV0051749_IMG02,REV0051749,B07SHKBXP5,https://images-na.ssl-images-amazon.com/images/I/71NKRu8pQLL._SL1600_.jpg
REV0051767_IMG01,REV0051767,B08GLY6XL5,https://images-na.ssl-images-amazon.com/images/I/81vxst+KYlL._SL1600_.jpg
REV0051771_IMG01,REV0051771,B08P3S19FC,https://images-na.ssl-images-amazon.com/images/I/912s6vcgIwL._SL1600_.jpg
REV0051771_IMG02,REV0051771,B08P3S19FC,https://images-na.ssl-images-amazon.com/images/I/91rtcR09H7L._SL1600_.jpg
REV0051781_IMG01,REV0051781,B0028BAAWW,https://images-na.ssl-images-amazon.com/images/I/71eszO5B7xL.jpg
REV0051786_IMG01,REV0051786,B0BVM6NPK7,https://m.media-amazon.com/images/I/61pTGV2ZZKL._SL1600_.jpg
REV0051786_IMG02,REV0051786,B0BVM6NPK7,https://m.media-amazon.com/images/I/71eLl5YxDeL._SL1600_.jpg
REV0051843_IMG01,REV0051843,B0BW9RFG33,https://images-na.ssl-images-amazon.com/images/I/61Jw-LGEvEL.jpg
REV0051850_IMG01,REV0051850,B07Y1SVPYH,https://m.media-amazon.com/images/I/71ZjktQiVDL._SL1600_.jpg
REV0051850_IMG02,REV0051850,B07Y1SVPYH,https://m.media-amazon.com/images/I/71ltVr2nWzL._SL1600_.jpg
REV0051871_IMG01,REV0051871,B00E8KC36M,https://images-na.ssl-images-amazon.com/images/I/71a6sUxU1-L.jpg
REV0051913_IMG01,REV0051913,B01GU604OO,https://images-na.ssl-images-amazon.com/images/I/41BupeXauZL._SL1600_.jpg
REV0051913_IMG02,REV0051913,B01GU604OO,https://images-na.ssl-images-amazon.com/images/I/510xuFyloIL._SL1600_.jpg
REV0051913_IMG03,REV0051913,B01GU604OO,https://images-na.ssl-images-amazon.com/images/I/51ADpXbCpFL._SL1600_.jpg
REV0051913_IMG04,REV0051913,B01GU604OO,https://images-na.ssl-images-amazon.com/images/I/51G9wesinYL._SL1600_.jpg
REV0051913_IMG05,REV0051913,B01GU604OO,https://images-na.ssl-images-amazon.com/images/I/51NQQvR1DzL._SL1600_.jpg
REV0051913_IMG06,REV0051913,B01GU604OO,https://images-na.ssl-images-amazon.com/images/I/51Pzv9Jq9kL._SL1600_.jpg
REV0051913_IMG07,REV0051913,B01GU604OO,https://images-na.ssl-images-amazon.com/images/I/51Uq2tg5orL._SL1600_.jpg
REV0051913_IMG08,REV0051913,B01GU604OO,https://images-na.ssl-images-amazon.com/images/I/61hrUM0OqkL._SL1600_.jpg
REV0051913_IMG09,REV0051913,B01GU604OO,https://images-na.ssl-images-amazon.com/images/I/61mp8BmkdDL._SL1600_.jpg
REV0051915_IMG01,REV0051915,B07BHK321R,https://m.media-amazon.com/images/I/71ZxikC0w2L._SL1600_.jpg
REV0051915_IMG02,REV0051915,B07BHK321R,https://m.media-amazon.com/images/I/71qVKiCoAPL._SL1600_.jpg
REV0051941_IMG01,REV0051941,B07DQFHTVS,https://images-na.ssl-images-amazon.com/images/I/81t3M1sbYJL._SL1600_.jpg
REV0051947_IMG01,REV0051947,B0BT1CY693,https://images-na.ssl-images-amazon.com/images/I/71ZUxEM-cIL.jpg
REV0051970_IMG01,REV0051970,B07RHYHS9Y,https://m.media-amazon.com/images/I/61KL3UumOmL._SL1600_.jpg
REV0051970_IMG02,REV0051970,B07RHYHS9Y,https://m.media-amazon.com/images/I/61L8WgwpROL._SL1600_.jpg
REV0051970_IMG03,REV0051970,B07RHYHS9Y,https://m.media-amazon.com/images/I/71UltO21KML._SL1600_.jpg
REV0051970_IMG04,REV0051970,B07RHYHS9Y,https://m.media-amazon.com/images/I/81wLKmGlZ6L._SL1600_.jpg
REV0051983_IMG01,REV0051983,B0B7BJZ4LX,https://images-na.ssl-images-amazon.com/images/I/71A8SVZyObL._SL1600_.jpg
REV0051983_IMG02,REV0051983,B0B7BJZ4LX,https://images-na.ssl-images-amazon.com/images/I/71xu5AWZWaL._SL1600_.jpg
REV0052012_IMG01,REV0052012,B0C9TTZW3K,https://m.media-amazon.com/images/I/71DjuW8si3L._SL1600_.jpg
REV0052022_IMG01,REV0052022,B07CQ8J3XZ,https://images-na.ssl-images-amazon.com/images/I/61Ot9WtILXL._SL1600_.jpg
REV0052022_IMG02,REV0052022,B07CQ8J3XZ,https://images-na.ssl-images-amazon.com/images/I/61u8TaKMIQL._SL1600_.jpg
REV0052022_IMG03,REV0052022,B07CQ8J3XZ,https://images-na.ssl-images-amazon.com/images/I/81cQIH-lV5L.jpg
REV0052029_IMG01,REV0052029,B07QMZL448,https://m.media-amazon.com/images/I/B10lSfy09iS._SL1600_.jpg
REV0052052_IMG01,REV0052052,B08GC15FS9,https://m.media-amazon.com/images/I/81+-fxVC+kL._SL1600_.jpg
REV0052070_IMG01,REV0052070,B07J3SDMMH,https://m.media-amazon.com/images/I/51kQNA6OKzL._SL1600_.jpg
REV0052112_IMG01,REV0052112,B07N1QT6JS,https://images-na.ssl-images-amazon.com/images/I/B1dU-EMQ1-S._SL1600_.jpg
REV0052120_IMG01,REV0052120,B0882ZJ48W,https://m.media-amazon.com/images/I/51vdfi8mMwL._SL1600_.jpg
REV0052120_IMG02,REV0052120,B0882ZJ48W,https://m.media-amazon.com/images/I/61ATGXnAgDL._SL1600_.jpg
REV0052139_IMG01,REV0052139,B07R4RHC4H,https://images-na.ssl-images-amazon.com/images/I/71Dh+IcR8rL.jpg
REV0052139_IMG02,REV0052139,B07R4RHC4H,https://images-na.ssl-images-amazon.com/images/I/81UJMriSHuL.jpg
REV0052162_IMG01,REV0052162,B07GXFR1V7,https://images-na.ssl-images-amazon.com/images/I/61vIURupbUL.jpg
REV0052162_IMG02,REV0052162,B07GXFR1V7,https://images-na.ssl-images-amazon.com/images/I/718QrwRKvIL.jpg
REV0052162_IMG03,REV0052162,B07GXFR1V7,https://images-na.ssl-images-amazon.com/images/I/71slxo5YCzL.jpg
REV0052162_IMG04,REV0052162,B07GXFR1V7,https://images-na.ssl-images-amazon.com/images/I/817r297SHxL.jpg
REV0052191_IMG01,REV0052191,B07MPP5W6T,https://m.media-amazon.com/images/I/61zTT4mou4L._SL1600_.jpg
REV0052202_IMG01,REV0052202,B01CANG4IG,https://images-na.ssl-images-amazon.com/images/I/71mcCGe9biL.jpg
REV0052202_IMG02,REV0052202,B01CANG4IG,https://images-na.ssl-images-amazon.com/images/I/71rOdzsuADL.jpg
REV0052205_IMG01,REV0052205,B0BLY43NLL,https://images-na.ssl-images-amazon.com/images/I/914nQI9uWIL._SL1600_.jpg
REV0052205_IMG02,REV0052205,B0BLY43NLL,https://images-na.ssl-images-amazon.com/images/I/917AGIWXt+L._SL1600_.jpg
REV0052205_IMG03,REV0052205,B0BLY43NLL,https://images-na.ssl-images-amazon.com/images/I/91KQ8MYyX4L._SL1600_.jpg
REV0052277_IMG01,REV0052277,B07WTXWC32,https://images-na.ssl-images-amazon.com/images/I/71NObH7+c0L.jpg
REV0052286_IMG01,REV0052286,B014ITW6FK,https://images-na.ssl-images-amazon.com/images/I/91o397AngdL._SL1600_.jpg
REV0052300_IMG01,REV0052300,B08CW52TWQ,https://m.media-amazon.com/images/I/711Mp6OMndL._SL1600_.jpg
REV0052314_IMG01,REV0052314,B0BTMMP926,https://m.media-amazon.com/images/I/512IqDmruNL._SL1600_.jpg
REV0052349_IMG01,REV0052349,B00AFSMXZW,https://images-na.ssl-images-amazon.com/images/I/11JO5Kr3kPL._SL1600_.jpg
REV0052349_IMG02,REV0052349,B00AFSMXZW,https://images-na.ssl-images-amazon.com/images/I/61Ygyb1CqTL._SL1600_.jpg
REV0052355_IMG01,REV0052355,B0C1SD4213,https://m.media-amazon.com/images/I/716W9z4gS0L._SL1600_.jpg
REV0052355_IMG02,REV0052355,B0C1SD4213,https://m.media-amazon.com/images/I/71ZIuSHvPuL._SL1600_.jpg
REV0052355_IMG03,REV0052355,B0C1SD4213,https://m.media-amazon.com/images/I/71d0kkQ3NdL._SL1600_.jpg
REV0052355_IMG04,REV0052355,B0C1SD4213,https://m.media-amazon.com/images/I/71yDlBtR3bL._SL1600_.jpg
REV0052363_IMG01,REV0052363,B0BYYK77PY,https://images-na.ssl-images-amazon.com/images/I/71D5vi1hkYL.jpg
REV0052396_IMG01,REV0052396,B0C4LRKXNV,https://images-na.ssl-images-amazon.com/images/I/71+gC1zQY0L._SL1600_.jpg
REV0052396_IMG02,REV0052396,B0C4LRKXNV,https://images-na.ssl-images-amazon.com/images/I/71ckaA8SkFL._SL1600_.jpg
REV0052409_IMG01,REV0052409,B0BTBTK796,https://images-na.ssl-images-amazon.com/images/I/51GyIYeeEgL._SL1600_.jpg
REV0052438_IMG01,REV0052438,B07LG47GHH,https://images-na.ssl-images-amazon.com/images/I/61robNSaTAL.jpg
REV0052456_IMG01,REV0052456,B0BT1CY693,https://images-na.ssl-images-amazon.com/images/I/B1ZIiut65cS._SL1600_.jpg
REV0052456_IMG02,REV0052456,B0BT1CY693,https://images-na.ssl-images-amazon.com/images/I/C1Auj38NRvS._SL1600_.jpg
REV0052456_IMG03,REV0052456,B0BT1CY693,https://images-na.ssl-images-amazon.com/images/I/C1Auj38NRvS._SL1600_.jpg
REV0052490_IMG01,REV0052490,B0CC84BX31,https://images-na.ssl-images-amazon.com/images/I/514Y8XTHJxL._SL1600_.jpg
REV0052490_IMG02,REV0052490,B0CC84BX31,https://images-na.ssl-images-amazon.com/images/I/61N4w6u3PtL._SL1600_.jpg
REV0052490_IMG03,REV0052490,B0CC84BX31,https://images-na.ssl-images-amazon.com/images/I/61VHH7YIE6L._SL1600_.jpg
REV0052490_IMG04,REV0052490,B0CC84BX31,https://images-na.ssl-images-amazon.com/images/I/61f4A68gWFL._SL1600_.jpg
REV0052490_IMG05,REV0052490,B0CC84BX31,https://images-na.ssl-images-amazon.com/images/I/61kV0uq3DkL._SL1600_.jpg
REV0052490_IMG06,REV0052490,B0CC84BX31,https://images-na.ssl-images-amazon.com/images/I/61q7GUTxy7L._SL1600_.jpg
REV0052501_IMG01,REV0052501,B0BXSQN4HV,https://m.media-amazon.com/images/I/71b5wd6Xg8L._SL1600_.jpg
REV0052517_IMG01,REV0052517,B07JJS6R73,https://images-na.ssl-images-amazon.com/images/I/61K4JzAwqJL.jpg
REV0052551_IMG01,REV0052551,B09MGQS5MY,https://m.media-amazon.com/images/I/71MbKAoFxgL._SL1600_.jpg
REV0052551_IMG02,REV0052551,B09MGQS5MY,https://m.media-amazon.com/images/I/71cUMOE2pBL._SL1600_.jpg
REV0052569_IMG01,REV0052569,B00HL0RBEU,https://images-na.ssl-images-amazon.com/images/I/715c9IvdEYL.jpg
REV0052569_IMG02,REV0052569,B00HL0RBEU,https://images-na.ssl-images-amazon.com/images/I/71AUYMsiwWL.jpg
REV0052586_IMG01,REV0052586,B083PWDFTS,https://images-na.ssl-images-amazon.com/images/I/71W2AYZiJLL._SL1600_.jpg
REV0052614_IMG01,REV0052614,B09JY77GCY,https://m.media-amazon.com/images/I/71CdujAjmeL._SL1600_.jpg
REV0052641_IMG01,REV0052641,B09YYCRSK3,https://m.media-amazon.com/images/I/61-b9p68ihL._SL1600_.jpg
REV0052649_IMG01,REV0052649,B07RHLPJ7X,https://images-na.ssl-images-amazon.com/images/I/71VPFPkSSzL.jpg
REV0052650_IMG01,REV0052650,B00UYBJEMA,https://images-na.ssl-images-amazon.com/images/I/41Ao90Gy2NL._SL1600_.jpg
REV0052650_IMG02,REV0052650,B00UYBJEMA,https://images-na.ssl-images-amazon.com/images/I/41I1ItigKEL._SL1600_.jpg
REV0052650_IMG03,REV0052650,B00UYBJEMA,https://images-na.ssl-images-amazon.com/images/I/41mHfHQxpfL._SL1600_.jpg
REV0052703_IMG01,REV0052703,B07TSG8F98,https://images-na.ssl-images-amazon.com/images/I/61to4E0XraL.jpg
REV0052714_IMG01,REV0052714,B07RZ4MGXR,https://images-na.ssl-images-amazon.com/images/I/61Z-AGwg6lL.jpg
REV0052714_IMG02,REV0052714,B07RZ4MGXR,https://images-na.ssl-images-amazon.com/images/I/71MGF7yCe9L.jpg
REV0052724_IMG01,REV0052724,B07MV7BBK3,https://m.media-amazon.com/images/I/61A3zEGAa1L._SL1600_.jpg
REV0052731_IMG01,REV0052731,B07MN3MK34,https://m.media-amazon.com/images/I/710SScydSxL._SL1600_.jpg
REV0052731_IMG02,REV0052731,B07MN3MK34,https://m.media-amazon.com/images/I/71DA5nwE8WL._SL1600_.jpg
REV0052731_IMG03,REV0052731,B07MN3MK34,https://m.media-amazon.com/images/I/71mKcFlxzKL._SL1600_.jpg
REV0052759_IMG01,REV0052759,B09YLTJB7L,https://m.media-amazon.com/images/I/81gcaZu719L._SL1600_.jpg
REV0052846_IMG01,REV0052846,B01ALBMIEI,https://images-na.ssl-images-amazon.com/images/I/61NFdsCyxyL.jpg
REV0052876_IMG01,REV0052876,B089Y83PQT,https://m.media-amazon.com/images/I/81ukwzOxEtL._SL1600_.jpg
REV0052889_IMG01,REV0052889,B0BHVBRK6H,https://m.media-amazon.com/images/I/717K87crTKL._SL1600_.jpg
REV0052889_IMG02,REV0052889,B0BHVBRK6H,https://m.media-amazon.com/images/I/71sbhKsNh9L._SL1600_.jpg
REV0052889_IMG03,REV0052889,B0BHVBRK6H,https://m.media-amazon.com/images/I/71u8xQgodsL._SL1600_.jpg
REV0052889_IMG04,REV0052889,B0BHVBRK6H,https://m.media-amazon.com/images/I/71v-Kh5UkdL._SL1600_.jpg
REV0052918_IMG01,REV0052918,B07R3YF9Q7,https://images-na.ssl-images-amazon.com/images/I/81CdH83X9rL._SL1600_.jpg
REV0052956_IMG01,REV0052956,B07SC8Y7TZ,https://m.media-amazon.com/images/I/612PDTbd8YL._SL1600_.jpg
REV0052956_IMG02,REV0052956,B07SC8Y7TZ,https://m.media-amazon.com/images/I/61hwVnLrRBL._SL1600_.jpg
REV0052968_IMG01,REV0052968,B07M8JMYHQ,https://images-na.ssl-images-amazon.com/images/I/61WePL8VQxL.jpg
REV0052968_IMG02,REV0052968,B07M8JMYHQ,https://images-na.ssl-images-amazon.com/images/I/61WePL8VQxL.jpg
REV0052983_IMG01,REV0052983,B0C4WK4187,https://m.media-amazon.com/images/I/61r4BLf648L._SL1600_.jpg
REV0052983_IMG02,REV0052983,B0C4WK4187,https://m.media-amazon.com/images/I/714Vtne-WpL._SL1600_.jpg
REV0052983_IMG03,REV0052983,B0C4WK4187,https://m.media-amazon.com/images/I/71moB+eX9UL._SL1600_.jpg
REV0053000_IMG01,REV0053000,B082TYDZ7P,https://m.media-amazon.com/images/I/61BnnAvI-XL._SL1600_.jpg
REV0053006_IMG01,REV0053006,B0BX9GK3PB,https://images-na.ssl-images-amazon.com/images/I/71Tw3mmuHCL.jpg
REV0053019_IMG01,REV0053019,B074124N36,https://images-na.ssl-images-amazon.com/images/I/61WHtR2+LFL._SL1600_.jpg
REV0053045_IMG01,REV0053045,B0C6L6LLS9,https://images-na.ssl-images-amazon.com/images/I/61T0bmedkEL.jpg
REV0053047_IMG01,REV0053047,B08R9C9LBD,https://m.media-amazon.com/images/I/71epaz-bgbL._SL1600_.jpg
REV0053055_IMG01,REV0053055,B0B6BY693G,https://m.media-amazon.com/images/I/713YXx1gfVL._SL1600_.jpg
REV0053056_IMG01,REV0053056,B0BXRM5JFJ,https://images-na.ssl-images-amazon.com/images/I/61ai6QbR7fL.jpg
REV0053065_IMG01,REV0053065,B01N995ZOA,https://images-na.ssl-images-amazon.com/images/I/719S9iaTm-L.jpg
REV0053065_IMG02,REV0053065,B01N995ZOA,https://images-na.ssl-images-amazon.com/images/I/71qa6z6rUtL.jpg
REV0053084_IMG01,REV0053084,B0BPFM7JSG,https://images-na.ssl-images-amazon.com/images/I/B1CRepwyz+S._SL1600_.jpg
REV0053106_IMG01,REV0053106,B09W8W65XY,https://images-na.ssl-images-amazon.com/images/I/81sCviuRi9L.jpg
REV0053181_IMG01,REV0053181,B09JY77GCY,https://m.media-amazon.com/images/I/61s1vD7yAwL._SL1600_.jpg
REV0053220_IMG01,REV0053220,B001R5TSB4,https://images-na.ssl-images-amazon.com/images/I/81oezemPL1L._SL1600_.jpg
REV0053224_IMG01,REV0053224,B0106TGDPK,https://images-na.ssl-images-amazon.com/images/I/71X6yov98VL.jpg
REV0053244_IMG01,REV0053244,B09VTZ54J7,https://m.media-amazon.com/images/I/C1hY5zo0q0S._SL1600_.jpg
REV0053257_IMG01,REV0053257,B01KHITDKC,https://images-na.ssl-images-amazon.com/images/I/71s+EGsYzbL._SL1600_.jpg
REV0053304_IMG01,REV0053304,B0C5PR3NWJ,https://images-na.ssl-images-amazon.com/images/I/61atG7cZRtL.jpg
REV0053305_IMG01,REV0053305,B08DHW3FLD,https://images-na.ssl-images-amazon.com/images/I/61TVX4DJ95L._SL1600_.jpg
REV0053305_IMG02,REV0053305,B08DHW3FLD,https://images-na.ssl-images-amazon.com/images/I/71goBLQvBXL._SL1600_.jpg
REV0053305_IMG03,REV0053305,B08DHW3FLD,https://images-na.ssl-images-amazon.com/images/I/71kUZOt4gxL._SL1600_.jpg
REV0053325_IMG01,REV0053325,B07B41KT8S,https://images-na.ssl-images-amazon.com/images/I/61WzknqMNOL.jpg
REV0053325_IMG02,REV0053325,B07B41KT8S,https://images-na.ssl-images-amazon.com/images/I/61cRZXAfyML.jpg
REV0053325_IMG03,REV0053325,B07B41KT8S,https://images-na.ssl-images-amazon.com/images/I/61w8U4UGhUL.jpg
REV0053325_IMG04,REV0053325,B07B41KT8S,https://images-na.ssl-images-amazon.com/images/I/71HUAjVa1aL.jpg
REV0053341_IMG01,REV0053341,B075WDGGSD,https://images-na.ssl-images-amazon.com/images/I/71Gfeidgv2L.jpg
REV0053400_IMG01,REV0053400,B09SNVLH2V,https://m.media-amazon.com/images/I/71iMSHgx6yL._SL1600_.jpg
REV0053402_IMG01,REV0053402,B08PCWTT4X,https://images-na.ssl-images-amazon.com/images/I/B1LTzDgiD9S._SL1600_.jpg
REV0053418_IMG01,REV0053418,B07WTXWC32,https://images-na.ssl-images-amazon.com/images/I/71l9IP6D6sL.jpg
REV0053424_IMG01,REV0053424,B08C6GQKQW,https://m.media-amazon.com/images/I/517KIVZl2BL._SL1600_.jpg
REV0053424_IMG02,REV0053424,B08C6GQKQW,https://m.media-amazon.com/images/I/61t9BluWsUL._SL1600_.jpg
REV0053424_IMG03,REV0053424,B08C6GQKQW,https://m.media-amazon.com/images/I/71TJlErKdQL._SL1600_.jpg
REV0053424_IMG04,REV0053424,B08C6GQKQW,https://m.media-amazon.com/images/I/71tbIvK5lvL._SL1600_.jpg
REV0053447_IMG01,REV0053447,B01ALBMIEI,https://images-na.ssl-images-amazon.com/images/I/C1eQoD7apNS._SL1600_.jpg
REV0053460_IMG01,REV0053460,B0BT1CY693,https://m.media-amazon.com/images/I/51XLcfti5kL._SL1600_.jpg
REV0053494_IMG01,REV0053494,B09DD6D48V,https://m.media-amazon.com/images/I/81M6zL9lzVL._SL1600_.jpg
REV0053494_IMG02,REV0053494,B09DD6D48V,https://m.media-amazon.com/images/I/81atTIWUDYL._SL1600_.jpg
REV0053499_IMG01,REV0053499,B09L4FSF5S,https://images-na.ssl-images-amazon.com/images/I/51zc21gyr0L._SL1600_.jpg
REV0053509_IMG01,REV0053509,B0C5GCKJPT,https://m.media-amazon.com/images/I/71dyE3QQtfL._SL1600_.jpg
REV0053554_IMG01,REV0053554,B0C9TTZW3K,https://m.media-amazon.com/images/I/71RTzwOMfsL._SL1600_.jpg
REV0053566_IMG01,REV0053566,B0BLY43NLL,https://m.media-amazon.com/images/I/71ffCgvKK3L._SL1600_.jpg
REV0053648_IMG01,REV0053648,B0BW3ZYJQ5,https://m.media-amazon.com/images/I/71xfl3dxLQL._SL1600_.jpg
REV0053662_IMG01,REV0053662,B09TWWTX37,https://m.media-amazon.com/images/I/61s6PXkCgyL._SL1600_.jpg
REV0053686_IMG01,REV0053686,B07XXMWQXB,https://images-na.ssl-images-amazon.com/images/I/B1TLZpMAfYS._SL1600_.jpg
REV0053707_IMG01,REV0053707,B002ZHVU78,https://images-na.ssl-images-amazon.com/images/I/71liMzftX5L.jpg
REV0053707_IMG02,REV0053707,B002ZHVU78,https://images-na.ssl-images-amazon.com/images/I/71vvP0rue3L.jpg
REV0053718_IMG01,REV0053718,B0BYJ8JYL3,https://m.media-amazon.com/images/I/71PUlb9JjnL._SL1600_.jpg
REV0053723_IMG01,REV0053723,B0B9H5NZRD,https://m.media-amazon.com/images/I/61kZfxfJLtL._SL1600_.jpg
REV0053723_IMG02,REV0053723,B0B9H5NZRD,https://m.media-amazon.com/images/I/71acCkSp9KL._SL1600_.jpg
REV0053803_IMG01,REV0053803,B0BX9GK3PB,https://m.media-amazon.com/images/I/512x4y2haFL._SL1600_.jpg
REV0053803_IMG02,REV0053803,B0BX9GK3PB,https://m.media-amazon.com/images/I/6174QQjAAGL._SL1600_.jpg
REV0053803_IMG03,REV0053803,B0BX9GK3PB,https://m.media-amazon.com/images/I/6174QQjAAGL._SL1600_.jpg
REV0053803_IMG04,REV0053803,B0BX9GK3PB,https://m.media-amazon.com/images/I/61AlziSFn9L._SL1600_.jpg
REV0053803_IMG05,REV0053803,B0BX9GK3PB,https://m.media-amazon.com/images/I/61LkvKeGH8L._SL1600_.jpg
REV0053803_IMG06,REV0053803,B0BX9GK3PB,https://m.media-amazon.com/images/I/61nwzxFll6L._SL1600_.jpg
REV0053815_IMG01,REV0053815,B0BV5PZ6PJ,https://m.media-amazon.com/images/I/61pJOwGV6rL._SL1600_.jpg
REV0053835_IMG01,REV0053835,B0BVR77MZJ,https://m.media-amazon.com/images/I/51+709awa-L._SL1600_.jpg
REV0053835_IMG02,REV0053835,B0BVR77MZJ,https://m.media-amazon.com/images/I/61dPjKPN-mL._SL1600_.jpg
REV0053835_IMG03,REV0053835,B0BVR77MZJ,https://m.media-amazon.com/images/I/61s75Uzq+KL._SL1600_.jpg
REV0053868_IMG01,REV0053868,B096VMJ168,https://m.media-amazon.com/images/I/71K3nwEqfPL._SL1600_.jpg
REV0053936_IMG01,REV0053936,B085J2JV64,https://m.media-amazon.com/images/I/61NrRYhRWqL._SL1600_.jpg
REV0053936_IMG02,REV0053936,B085J2JV64,https://m.media-amazon.com/images/I/71x-jz-Lg9L._SL1600_.jpg
REV0053942_IMG01,REV0053942,B08SJL99GJ,https://m.media-amazon.com/images/I/61FS9OYl28L._SL1600_.jpg
REV0053962_IMG01,REV0053962,B002R8JAWC,https://m.media-amazon.com/images/I/61GFSKrxt7L._SL1600_.jpg
REV0053962_IMG02,REV0053962,B002R8JAWC,https://m.media-amazon.com/images/I/61RN6SXaaXL._SL1600_.jpg
REV0053962_IMG03,REV0053962,B002R8JAWC,https://m.media-amazon.com/images/I/61Smv2O+GcL._SL1600_.jpg
REV0053962_IMG04,REV0053962,B002R8JAWC,https://m.media-amazon.com/images/I/61U-s-bLvtL._SL1600_.jpg
REV0053962_IMG05,REV0053962,B002R8JAWC,https://m.media-amazon.com/images/I/61iwgkLXwLL._SL1600_.jpg
REV0053962_IMG06,REV0053962,B002R8JAWC,https://m.media-amazon.com/images/I/61raIt-JshL._SL1600_.jpg
REV0053968_IMG01,REV0053968,B01GE7V1H8,https://images-na.ssl-images-amazon.com/images/I/61pmFnbSflL.jpg
REV0053968_IMG02,REV0053968,B01GE7V1H8,https://images-na.ssl-images-amazon.com/images/I/71ZOHBsk2+L.jpg
REV0053973_IMG01,REV0053973,B081DG1BRW,https://images-na.ssl-images-amazon.com/images/I/B1JffrsDv5S._SL1600_.jpg
REV0053973_IMG02,REV0053973,B081DG1BRW,https://images-na.ssl-images-amazon.com/images/I/B1R-eNFKspS._SL1600_.jpg
REV0053973_IMG03,REV0053973,B081DG1BRW,https://images-na.ssl-images-amazon.com/images/I/B1jT30fMLuS._SL1600_.jpg
REV0054006_IMG01,REV0054006,B0B9S4Y57D,https://images-na.ssl-images-amazon.com/images/I/71izACziHNL._SL1600_.jpg
REV0054006_IMG02,REV0054006,B0B9S4Y57D,https://images-na.ssl-images-amazon.com/images/I/71qrupNpcIL._SL1600_.jpg
REV0054012_IMG01,REV0054012,B088LNN1D8,https://images-na.ssl-images-amazon.com/images/I/91U9ddXSCjL._SL1600_.jpg
REV0054028_IMG01,REV0054028,B093L7GPTL,https://m.media-amazon.com/images/I/81J1+qUyPsL._SL1600_.jpg
REV0054028_IMG02,REV0054028,B093L7GPTL,https://m.media-amazon.com/images/I/81l0ZinyO2L._SL1600_.jpg
REV0054064_IMG01,REV0054064,B00WAI881I,https://m.media-amazon.com/images/I/B1fsVpE5zQS._SL1600_.jpg
REV0054094_IMG01,REV0054094,B08PCWTT4X,https://images-na.ssl-images-amazon.com/images/I/71bvNDh7k4L.jpg
REV0054096_IMG01,REV0054096,B07Q34QCTJ,https://m.media-amazon.com/images/I/81Es5Xy6RkL._SL1600_.jpg
REV0054115_IMG01,REV0054115,B07939R4K1,https://images-na.ssl-images-amazon.com/images/I/71-EyXsWC+L.jpg
REV0054115_IMG02,REV0054115,B07939R4K1,https://images-na.ssl-images-amazon.com/images/I/71xpjqPVyEL.jpg
REV0054152_IMG01,REV0054152,B085NL55DK,https://m.media-amazon.com/images/I/615WAkMBIrL._SL1600_.jpg
REV0054152_IMG02,REV0054152,B085NL55DK,https://m.media-amazon.com/images/I/61uFKnnYFNL._SL1600_.jpg
REV0054152_IMG03,REV0054152,B085NL55DK,https://m.media-amazon.com/images/I/718kmiHbTkL._SL1600_.jpg
REV0054152_IMG04,REV0054152,B085NL55DK,https://m.media-amazon.com/images/I/71dWH-Ri3RL._SL1600_.jpg
REV0054152_IMG05,REV0054152,B085NL55DK,https://m.media-amazon.com/images/I/81JKu9KlORL._SL1600_.jpg
REV0054212_IMG01,REV0054212,B0C9J6J79Y,https://m.media-amazon.com/images/I/611cXwYiQaL._SL1600_.jpg
REV0054212_IMG02,REV0054212,B0C9J6J79Y,https://m.media-amazon.com/images/I/71EFcWyX6hL._SL1600_.jpg
REV0054212_IMG03,REV0054212,B0C9J6J79Y,https://m.media-amazon.com/images/I/71KrYw93v3L._SL1600_.jpg
REV0054212_IMG04,REV0054212,B0C9J6J79Y,https://m.media-amazon.com/images/I/71LSpfwZqfL._SL1600_.jpg
REV0054212_IMG05,REV0054212,B0C9J6J79Y,https://m.media-amazon.com/images/I/71ZaEh1wb+L._SL1600_.jpg
REV0054212_IMG06,REV0054212,B0C9J6J79Y,https://m.media-amazon.com/images/I/71da+EldRLL._SL1600_.jpg
REV0054219_IMG01,REV0054219,B009TC98JE,https://images-na.ssl-images-amazon.com/images/I/81gsqDYiEEL.jpg
REV0054282_IMG01,REV0054282,B08Q7HCNQY,https://m.media-amazon.com/images/I/71x9+YtCP+L._SL1600_.jpg
REV0054324_IMG01,REV0054324,B07YJDHV8W,https://images-na.ssl-images-amazon.com/images/I/C1+oFOC0MTS._SL1600_.jpg
REV0054347_IMG01,REV0054347,B081K4Q6KQ,https://m.media-amazon.com/images/I/71ytgQ9jLeL._SL1600_.jpg
REV0054368_IMG01,REV0054368,B00AMF8HF8,https://images-na.ssl-images-amazon.com/images/I/515Xgk9ILQL._SL1600_.jpg
REV0054368_IMG02,REV0054368,B00AMF8HF8,https://images-na.ssl-images-amazon.com/images/I/51BACP2NkUL._SL1600_.jpg
REV0054368_IMG03,REV0054368,B00AMF8HF8,https://images-na.ssl-images-amazon.com/images/I/51Mw8R+POFL._SL1600_.jpg
REV0054409_IMG01,REV0054409,B09NY6QZWC,https://images-na.ssl-images-amazon.com/images/I/C1P0m7YUpsS._SL1600_.jpg
REV0054457_IMG01,REV0054457,B07T6LPB2W,https://m.media-amazon.com/images/I/61JaR1Z9ggL._SL1600_.jpg
REV0054516_IMG01,REV0054516,B09XHKMVHZ,https://m.media-amazon.com/images/I/61f7MT8BV2L._SL1600_.jpg
REV0054516_IMG02,REV0054516,B09XHKMVHZ,https://m.media-amazon.com/images/I/718xY5AYkpL._SL1600_.jpg
REV0054522_IMG01,REV0054522,B0BPM34WKY,https://m.media-amazon.com/images/I/717vTimwHRL._SL1600_.jpg
REV0054522_IMG02,REV0054522,B0BPM34WKY,https://m.media-amazon.com/images/I/71EFbPNz-zL._SL1600_.jpg
REV0054522_IMG03,REV0054522,B0BPM34WKY,https://m.media-amazon.com/images/I/71uJwXFwxwL._SL1600_.jpg
REV0054566_IMG01,REV0054566,B07JW9V6GB,https://m.media-amazon.com/images/I/71xh0AECJhL._SL1600_.jpg
REV0054570_IMG01,REV0054570,B08QVQY2NT,https://images-na.ssl-images-amazon.com/images/I/B16MZuN0GzS._SL1600_.jpg
REV0054582_IMG01,REV0054582,B073BLHCND,https://m.media-amazon.com/images/I/61GsBxZ4xjL._SL1600_.jpg
REV0054582_IMG02,REV0054582,B073BLHCND,https://m.media-amazon.com/images/I/61H7-orBiuL._SL1600_.jpg
REV0054582_IMG03,REV0054582,B073BLHCND,https://m.media-amazon.com/images/I/719m4etfSTL._SL1600_.jpg
REV0054582_IMG04,REV0054582,B073BLHCND,https://m.media-amazon.com/images/I/71fazbs3CFL._SL1600_.jpg
REV0054599_IMG01,REV0054599,B0C5PR3NWJ,https://images-na.ssl-images-amazon.com/images/I/81POSr+myDL._SL1600_.jpg
REV0054602_IMG01,REV0054602,B00OYBRCUW,https://images-na.ssl-images-amazon.com/images/I/B1Z+7tdjEUS._SL1600_.jpg
REV0054602_IMG02,REV0054602,B00OYBRCUW,https://images-na.ssl-images-amazon.com/images/I/B1myPsJJWUS._SL1600_.jpg
REV0054602_IMG03,REV0054602,B00OYBRCUW,https://images-na.ssl-images-amazon.com/images/I/B1qD4BgN8jS._SL1600_.jpg
REV0054621_IMG01,REV0054621,B09YV4R5ZC,https://images-na.ssl-images-amazon.com/images/I/61d1xJ3JS-L.jpg
REV0054639_IMG01,REV0054639,B07SB2DNHS,https://images-na.ssl-images-amazon.com/images/I/51xmHi2aETL._SL1600_.jpg
REV0054639_IMG02,REV0054639,B07SB2DNHS,https://images-na.ssl-images-amazon.com/images/I/61PPMWx6vWL._SL1600_.jpg
REV0054689_IMG01,REV0054689,B07H71D6HC,https://m.media-amazon.com/images/I/61NOueaBMPL._SL1600_.jpg
REV0054692_IMG01,REV0054692,B07D7VK8RB,https://images-na.ssl-images-amazon.com/images/I/71fQEG1H4zL._SL1600_.jpg
REV0054708_IMG01,REV0054708,B0878TN3PT,https://images-na.ssl-images-amazon.com/images/I/81eDZFYuxHL._SL1600_.jpg
REV0054710_IMG01,REV0054710,B00TLEVVNG,https://images-na.ssl-images-amazon.com/images/I/21cf0f-50FL._SL1600_.jpg
REV0054710_IMG02,REV0054710,B00TLEVVNG,https://images-na.ssl-images-amazon.com/images/I/41IveKEbRAL._SL1600_.jpg
REV0054710_IMG03,REV0054710,B00TLEVVNG,https://images-na.ssl-images-amazon.com/images/I/41UrJRqq6zL._SL1600_.jpg
REV0054711_IMG01,REV0054711,B07CYNWTXK,https://images-na.ssl-images-amazon.com/images/I/71PZf-BGMTL.jpg
REV0054735_IMG01,REV0054735,B07H3K8FXY,https://images-na.ssl-images-amazon.com/images/I/61EFdLSlRyL._SL1600_.jpg
REV0054746_IMG01,REV0054746,B07WDH7QLF,https://images-na.ssl-images-amazon.com/images/I/71yLdD8+XuL.jpg
REV0054769_IMG01,REV0054769,B09KY4B3R7,https://m.media-amazon.com/images/I/714K+vvCUdL._SL1600_.jpg
REV0054769_IMG02,REV0054769,B09KY4B3R7,https://m.media-amazon.com/images/I/71j5ZO3SlML._SL1600_.jpg
REV0054777_IMG01,REV0054777,B07QC7JRDP,https://images-na.ssl-images-amazon.com/images/I/71C-3QNPe5L._SL1600_.jpg
REV0054787_IMG01,REV0054787,B0B1TC5SDQ,https://m.media-amazon.com/images/I/81b+-Y9fLlL._SL1600_.jpg
REV0054794_IMG01,REV0054794,B073NB5NNT,https://m.media-amazon.com/images/I/61E7kF58ywL._SL1600_.jpg
REV0054794_IMG02,REV0054794,B073NB5NNT,https://m.media-amazon.com/images/I/71YW87XNZCL._SL1600_.jpg
REV0054794_IMG03,REV0054794,B073NB5NNT,https://m.media-amazon.com/images/I/71kgGjMgjqL._SL1600_.jpg
REV0054794_IMG04,REV0054794,B073NB5NNT,https://m.media-amazon.com/images/I/71xaKXiWzGL._SL1600_.jpg
REV0054823_IMG01,REV0054823,B081V8N437,https://m.media-amazon.com/images/I/B10rl4PjRjS._SL1600_.jpg
REV0054844_IMG01,REV0054844,B00GNIWC40,https://images-na.ssl-images-amazon.com/images/I/71CnoeY19ML.jpg
REV0054844_IMG02,REV0054844,B00GNIWC40,https://images-na.ssl-images-amazon.com/images/I/71KwCwrUwyL.jpg
REV0054854_IMG01,REV0054854,B087BT4C71,https://m.media-amazon.com/images/I/619eDg840hL._SL1600_.jpg
REV0054854_IMG02,REV0054854,B087BT4C71,https://m.media-amazon.com/images/I/61e0Tb-tm4L._SL1600_.jpg
REV0054854_IMG03,REV0054854,B087BT4C71,https://m.media-amazon.com/images/I/61gXoko3DLL._SL1600_.jpg
REV0054889_IMG01,REV0054889,B07RNJY499,https://images-na.ssl-images-amazon.com/images/I/61xA8WS9VUL.jpg
REV0054889_IMG02,REV0054889,B07RNJY499,https://images-na.ssl-images-amazon.com/images/I/71H3hvFsZ2L.jpg
REV0054895_IMG01,REV0054895,B002R8JAWC,https://images-na.ssl-images-amazon.com/images/I/71KvBarQihL.jpg
REV0054906_IMG01,REV0054906,B07817ST8Q,https://images-na.ssl-images-amazon.com/images/I/61N4w6cMKcL.jpg
REV0054906_IMG02,REV0054906,B07817ST8Q,https://images-na.ssl-images-amazon.com/images/I/71wJBsoVNLL.jpg
REV0054950_IMG01,REV0054950,B07JQ644T2,https://images-na.ssl-images-amazon.com/images/I/61Ru1ts9ZIL.jpg
REV0054950_IMG02,REV0054950,B07JQ644T2,https://images-na.ssl-images-amazon.com/images/I/71oyVNlcqaL.jpg
REV0054950_IMG03,REV0054950,B07JQ644T2,https://images-na.ssl-images-amazon.com/images/I/71q5MHNfFUL.jpg
REV0055031_IMG01,REV0055031,B092MXW2BY,https://images-na.ssl-images-amazon.com/images/I/911HKdGcXXL._SL1600_.jpg
REV0055033_IMG01,REV0055033,B000FNJ5N0,https://images-na.ssl-images-amazon.com/images/I/81Fe-xrrTiL.jpg
REV0055035_IMG01,REV0055035,B0BGCHX9VP,https://m.media-amazon.com/images/I/71CTfFU0-WL._SL1600_.jpg
REV0055035_IMG02,REV0055035,B0BGCHX9VP,https://m.media-amazon.com/images/I/71mk-EU2ImL._SL1600_.jpg
REV0055133_IMG01,REV0055133,B09BXH24QV,https://images-na.ssl-images-amazon.com/images/I/51ptMtr0ZGL._SL1600_.jpg
REV0055133_IMG02,REV0055133,B09BXH24QV,https://images-na.ssl-images-amazon.com/images/I/617V8YHnRfL._SL1600_.jpg
REV0055137_IMG01,REV0055137,B01H42YPGG,https://images-na.ssl-images-amazon.com/images/I/71GV0kSAOrL.jpg
REV0055138_IMG01,REV0055138,B0C6PHL4J8,https://images-na.ssl-images-amazon.com/images/I/B16RHQV1XOS._SL1600_.jpg
REV0055259_IMG01,REV0055259,B08MVPM6GQ,https://m.media-amazon.com/images/I/71seJQAwkZL._SL1600_.jpg
REV0055276_IMG01,REV0055276,B09261WY3K,https://m.media-amazon.com/images/I/81rhJMR3rQL._SL1600_.jpg
REV0055345_IMG01,REV0055345,B07ZR5WXYH,https://images-na.ssl-images-amazon.com/images/I/61bmzSK16BL._SL1600_.jpg
REV0055345_IMG02,REV0055345,B07ZR5WXYH,https://images-na.ssl-images-amazon.com/images/I/71Rf+i-RaVL._SL1600_.jpg
REV0055366_IMG01,REV0055366,B00AF7UY6I,https://images-na.ssl-images-amazon.com/images/I/71SoQmUXMuL.jpg
REV0055366_IMG02,REV0055366,B00AF7UY6I,https://images-na.ssl-images-amazon.com/images/I/71oRkLBqPjL.jpg
REV0055371_IMG01,REV0055371,B0829JMTCY,https://m.media-amazon.com/images/I/81ncX-gFReL._SL1600_.jpg
REV0055397_IMG01,REV0055397,B07RHYHS9Y,https://m.media-amazon.com/images/I/716new5A0sL._SL1600_.jpg
REV0055399_IMG01,REV0055399,B00CKFI8HU,https://images-na.ssl-images-amazon.com/images/I/71xByPHbpsL.jpg
REV0055399_IMG02,REV0055399,B00CKFI8HU,https://images-na.ssl-images-amazon.com/images/I/81c2rh9XZBL.jpg
REV0055400_IMG01,REV0055400,B0B1D98L2T,https://m.media-amazon.com/images/I/51XWP7buTrL._SL1600_.jpg
REV0055400_IMG02,REV0055400,B0B1D98L2T,https://m.media-amazon.com/images/I/81PNVu3lhoL._SL1600_.jpg
REV0055409_IMG01,REV0055409,B07QTHKXY2,https://m.media-amazon.com/images/I/71aiDqiNoKL._SL1600_.jpg
REV0055416_IMG01,REV0055416,B0028BAAWW,https://m.media-amazon.com/images/I/71CEVRr1VLL._SL1600_.jpg
REV0055416_IMG02,REV0055416,B0028BAAWW,https://m.media-amazon.com/images/I/71OOdXH8fGL._SL1600_.jpg
REV0055416_IMG03,REV0055416,B0028BAAWW,https://m.media-amazon.com/images/I/810kV4TqThL._SL1600_.jpg
REV0055416_IMG04,REV0055416,B0028BAAWW,https://m.media-amazon.com/images/I/81CDSw20IlL._SL1600_.jpg
REV0055420_IMG01,REV0055420,B089K1N3LZ,https://images-na.ssl-images-amazon.com/images/I/715sCJYjmxL._SL1600_.jpg
REV0055420_IMG02,REV0055420,B089K1N3LZ,https://images-na.ssl-images-amazon.com/images/I/71Lw46sS+LL._SL1600_.jpg
REV0055429_IMG01,REV0055429,B0C94VM8NS,https://m.media-amazon.com/images/I/71KsVNS1PSL._SL1600_.jpg
REV0055429_IMG02,REV0055429,B0C94VM8NS,https://m.media-amazon.com/images/I/71pybR2paPL._SL1600_.jpg
REV0055442_IMG01,REV0055442,B09NR62M32,https://m.media-amazon.com/images/I/81gMAOlOyhL._SL1600_.jpg
REV0055467_IMG01,REV0055467,B071KQY5TJ,https://images-na.ssl-images-amazon.com/images/I/61Fi0bBXjUL._SL1600_.jpg
REV0055476_IMG01,REV0055476,B004XLDFDQ,https://m.media-amazon.com/images/I/616qsisXa1L._SL1600_.jpg
REV0055476_IMG02,REV0055476,B004XLDFDQ,https://m.media-amazon.com/images/I/618vy7OScYL._SL1600_.jpg
REV0055477_IMG01,REV0055477,B07TT21PJ4,https://images-na.ssl-images-amazon.com/images/I/61w-YYU00wL._SL1600_.jpg
REV0055477_IMG02,REV0055477,B07TT21PJ4,https://images-na.ssl-images-amazon.com/images/I/71Wi-MgLy8L._SL1600_.jpg
REV0055503_IMG01,REV0055503,B0B21BBZRF,https://images-na.ssl-images-amazon.com/images/I/B1quFnJ6wFS._SL1600_.jpg
REV0055503_IMG02,REV0055503,B0B21BBZRF,https://images-na.ssl-images-amazon.com/images/I/B1z52oUEi8S._SL1600_.jpg
REV0055523_IMG01,REV0055523,B00O2N4LDS,https://images-na.ssl-images-amazon.com/images/I/71E-tQfSOQL.jpg
REV0055523_IMG02,REV0055523,B00O2N4LDS,https://images-na.ssl-images-amazon.com/images/I/71PHG2UlXsL.jpg
REV0055523_IMG03,REV0055523,B00O2N4LDS,https://images-na.ssl-images-amazon.com/images/I/71UR1aAIhlL.jpg
REV0055541_IMG01,REV0055541,B005FHUT86,https://images-na.ssl-images-amazon.com/images/I/816-gaV+qHL.jpg
REV0055644_IMG01,REV0055644,B0198ZXHEI,https://images-na.ssl-images-amazon.com/images/I/610JG1KhioL.jpg
REV0055644_IMG02,REV0055644,B0198ZXHEI,https://images-na.ssl-images-amazon.com/images/I/61SKbfAPZKL.jpg
REV0055644_IMG03,REV0055644,B0198ZXHEI,https://images-na.ssl-images-amazon.com/images/I/71fG6jH7Z-L.jpg
REV0055654_IMG01,REV0055654,B07MTR59LM,https://images-na.ssl-images-amazon.com/images/I/71AnWUNusyL.jpg
REV0055654_IMG02,REV0055654,B07MTR59LM,https://images-na.ssl-images-amazon.com/images/I/71RQT1OkubL.jpg
REV0055679_IMG01,REV0055679,B08T5J9Z65,https://images-na.ssl-images-amazon.com/images/I/81ApAZH1KeL.jpg
REV0055705_IMG01,REV0055705,B0793LW116,https://m.media-amazon.com/images/I/719qBYJZT4L._SL1600_.jpg
REV0055709_IMG01,REV0055709,B097KQ5MW7,https://images-na.ssl-images-amazon.com/images/I/71IjPqeQ4TL.jpg
REV0055720_IMG01,REV0055720,B0BPY9HMGY,https://m.media-amazon.com/images/I/81UtwpTZgUL._SL1600_.jpg
REV0055736_IMG01,REV0055736,B08LVMR61L,https://images-na.ssl-images-amazon.com/images/I/31HQeBVCIxL._SL1600_.jpg
REV0055736_IMG02,REV0055736,B08LVMR61L,https://images-na.ssl-images-amazon.com/images/I/31Im5P7z41L._SL1600_.jpg
REV0055745_IMG01,REV0055745,B0BT1CY693,https://images-na.ssl-images-amazon.com/images/I/61pOIrO8BAL.jpg
REV0055745_IMG02,REV0055745,B0BT1CY693,https://images-na.ssl-images-amazon.com/images/I/71fNDReMAnL.jpg
REV0055749_IMG01,REV0055749,B08RXMF46S,https://m.media-amazon.com/images/I/71QC6oofoHL._SL1600_.jpg
REV0055769_IMG01,REV0055769,B0BHVB8BF4,https://m.media-amazon.com/images/I/61R9EwN3Y4L._SL1600_.jpg
REV0055769_IMG02,REV0055769,B0BHVB8BF4,https://m.media-amazon.com/images/I/711xaa8bwcL._SL1600_.jpg
REV0055828_IMG01,REV0055828,B0C7VHR6LM,https://m.media-amazon.com/images/I/61AINl5cFfL._SL1600_.jpg
REV0055828_IMG02,REV0055828,B0C7VHR6LM,https://m.media-amazon.com/images/I/61AslQ+XMPL._SL1600_.jpg
REV0055828_IMG03,REV0055828,B0C7VHR6LM,https://m.media-amazon.com/images/I/61SG7j2t2FL._SL1600_.jpg
REV0055846_IMG01,REV0055846,B09T1328LW,https://images-na.ssl-images-amazon.com/images/I/715LkSImYpL.jpg
REV0055863_IMG01,REV0055863,B0BHW2T4NB,https://m.media-amazon.com/images/I/61myaIWVmHL._SL1600_.jpg
REV0055863_IMG02,REV0055863,B0BHW2T4NB,https://m.media-amazon.com/images/I/714wj4RcTRL._SL1600_.jpg
REV0055863_IMG03,REV0055863,B0BHW2T4NB,https://m.media-amazon.com/images/I/71T3S3s8NWL._SL1600_.jpg
REV0055863_IMG04,REV0055863,B0BHW2T4NB,https://m.media-amazon.com/images/I/71fdQw-qZyL._SL1600_.jpg
REV0055877_IMG01,REV0055877,B08N75W5MJ,https://m.media-amazon.com/images/I/712Aw+DKu8L._SL1600_.jpg
REV0055877_IMG02,REV0055877,B08N75W5MJ,https://m.media-amazon.com/images/I/71PCH3jFr1L._SL1600_.jpg
REV0055877_IMG03,REV0055877,B08N75W5MJ,https://m.media-amazon.com/images/I/81dMNUf-hcL._SL1600_.jpg
REV0055928_IMG01,REV0055928,B085R91V61,https://images-na.ssl-images-amazon.com/images/I/81NgNFF0WDL._SL1600_.jpg
REV0055928_IMG02,REV0055928,B085R91V61,https://images-na.ssl-images-amazon.com/images/I/91z7zO1bqOL._SL1600_.jpg
REV0055934_IMG01,REV0055934,B08M1JZP9P,https://images-na.ssl-images-amazon.com/images/I/714LeLRWglL._SL1600_.jpg
REV0055944_IMG01,REV0055944,B083PWPVFX,https://images-na.ssl-images-amazon.com/images/I/81U9CARVcgL._SL1600_.jpg
REV0055956_IMG01,REV0055956,B07ZVMJKBJ,https://images-na.ssl-images-amazon.com/images/I/81JAfvwKC3L._SL1600_.jpg
REV0055956_IMG02,REV0055956,B07ZVMJKBJ,https://images-na.ssl-images-amazon.com/images/I/81K5z33mVRL._SL1600_.jpg
REV0055956_IMG03,REV0055956,B07ZVMJKBJ,https://images-na.ssl-images-amazon.com/images/I/81LOWENeruL._SL1600_.jpg
REV0055956_IMG04,REV0055956,B07ZVMJKBJ,https://images-na.ssl-images-amazon.com/images/I/81Mr5mP6PJL._SL1600_.jpg
REV0055956_IMG05,REV0055956,B07ZVMJKBJ,https://images-na.ssl-images-amazon.com/images/I/81PN6dCCgLL._SL1600_.jpg
REV0055956_IMG06,REV0055956,B07ZVMJKBJ,https://images-na.ssl-images-amazon.com/images/I/81cf3h-PZnL._SL1600_.jpg
REV0055957_IMG01,REV0055957,B0B5ZRNGQ8,https://images-na.ssl-images-amazon.com/images/I/C10oU0nlV9S._SL1600_.jpg
REV0055992_IMG01,REV0055992,B08934C878,https://images-na.ssl-images-amazon.com/images/I/A1HiIwe-tWL._SL1600_.jpg
REV0055992_IMG02,REV0055992,B08934C878,https://images-na.ssl-images-amazon.com/images/I/B1xltx9XrIS._SL1600_.jpg
REV0055995_IMG01,REV0055995,B0977JXD7F,https://m.media-amazon.com/images/I/7110aVQspJL._SL1600_.jpg
REV0055995_IMG02,REV0055995,B0977JXD7F,https://m.media-amazon.com/images/I/71LDcv-GJyL._SL1600_.jpg
REV0056007_IMG01,REV0056007,B07QHWWYR9,https://m.media-amazon.com/images/I/714iIfswZOL._SL1600_.jpg
REV0056008_IMG01,REV0056008,B07DQFHTVS,https://m.media-amazon.com/images/I/61SEkd+cvfL._SL1600_.jpg
REV0056027_IMG01,REV0056027,B08RCG9W8S,https://images-na.ssl-images-amazon.com/images/I/71YpVao41gL._SL1600_.jpg
REV0056043_IMG01,REV0056043,B09VTZ54J7,https://m.media-amazon.com/images/I/81600Ufo0KL._SL1600_.jpg
REV0056049_IMG01,REV0056049,B0C5WN2W97,https://m.media-amazon.com/images/I/61AFex7k72L._SL1600_.jpg
REV0056071_IMG01,REV0056071,B0C61HB7JB,https://m.media-amazon.com/images/I/61MxX9GncsL._SL1600_.jpg
REV0056075_IMG01,REV0056075,B003UGP1BY,https://images-na.ssl-images-amazon.com/images/I/61USY9jVWOL.jpg
REV0056075_IMG02,REV0056075,B003UGP1BY,https://images-na.ssl-images-amazon.com/images/I/71U9vugnuDL.jpg
REV0056136_IMG01,REV0056136,B00MOCYNPK,https://images-na.ssl-images-amazon.com/images/I/61KZyHLKkEL._SL1600_.jpg
REV0056136_IMG02,REV0056136,B00MOCYNPK,https://images-na.ssl-images-amazon.com/images/I/71C+gCLLoFL._SL1600_.jpg
REV0056159_IMG01,REV0056159,B09WH15C98,https://m.media-amazon.com/images/I/71YrUwqf7PL._SL1600_.jpg
REV0056220_IMG01,REV0056220,B08HD96C4Q,https://m.media-amazon.com/images/I/71PnWOwzH-L._SL1600_.jpg
REV0056220_IMG02,REV0056220,B08HD96C4Q,https://m.media-amazon.com/images/I/71xjpueyw4L._SL1600_.jpg
REV0056297_IMG01,REV0056297,B07VRDN8B9,https://images-na.ssl-images-amazon.com/images/I/71U6jGZJcqL._SL1600_.jpg
REV0056303_IMG01,REV0056303,B085R91V61,https://m.media-amazon.com/images/I/71MpU3LYSiL._SL1600_.jpg
REV0056303_IMG02,REV0056303,B085R91V61,https://m.media-amazon.com/images/I/71r02QETTeL._SL1600_.jpg
REV0056340_IMG01,REV0056340,B089P2T5Z1,https://images-na.ssl-images-amazon.com/images/I/81R9rY949UL._SL1600_.jpg
REV0056372_IMG01,REV0056372,B09YC8YCV6,https://m.media-amazon.com/images/I/61Hw34HGwQL._SL1600_.jpg
REV0056372_IMG02,REV0056372,B09YC8YCV6,https://m.media-amazon.com/images/I/716G7O5ii6L._SL1600_.jpg
REV0056372_IMG03,REV0056372,B09YC8YCV6,https://m.media-amazon.com/images/I/71ILD4uG79L._SL1600_.jpg
REV0056372_IMG04,REV0056372,B09YC8YCV6,https://m.media-amazon.com/images/I/71Ml435FgVL._SL1600_.jpg
REV0056376_IMG01,REV0056376,B0032JTS5E,https://images-na.ssl-images-amazon.com/images/I/610+GbemvrL._SL1600_.jpg
REV0056431_IMG01,REV0056431,B0CCSNVLPM,https://m.media-amazon.com/images/I/61aarWJZ86L._SL1600_.jpg
REV0056480_IMG01,REV0056480,B0BC1W33SB,https://m.media-amazon.com/images/I/71K+7OOp5YL._SL1600_.jpg
REV0056564_IMG01,REV0056564,B0C586PNZ9,https://m.media-amazon.com/images/I/7162VAxMcwL._SL1600_.jpg
REV0056564_IMG02,REV0056564,B0C586PNZ9,https://m.media-amazon.com/images/I/810F48WTB5L._SL1600_.jpg
REV0056564_IMG03,REV0056564,B0C586PNZ9,https://m.media-amazon.com/images/I/81771w5rrCL._SL1600_.jpg
REV0056564_IMG04,REV0056564,B0C586PNZ9,https://m.media-amazon.com/images/I/81J30OP9OIL._SL1600_.jpg
REV0056564_IMG05,REV0056564,B0C586PNZ9,https://m.media-amazon.com/images/I/81d9KCJ66QL._SL1600_.jpg
REV0056564_IMG06,REV0056564,B0C586PNZ9,https://m.media-amazon.com/images/I/81ii03u9uyL._SL1600_.jpg
REV0056577_IMG01,REV0056577,B0C3R8X26M,https://m.media-amazon.com/images/I/61ibpRfDhjL._SL1600_.jpg
REV0056601_IMG01,REV0056601,B0BG5J27Q7,https://m.media-amazon.com/images/I/51Q9XVLW4fL._SL1600_.jpg
REV0056601_IMG02,REV0056601,B0BG5J27Q7,https://m.media-amazon.com/images/I/61usmfeYjIL._SL1600_.jpg
REV0056619_IMG01,REV0056619,B085FZZNP5,https://images-na.ssl-images-amazon.com/images/I/71SEVe7xCjL._SL1600_.jpg
REV0056671_IMG01,REV0056671,B0BCJ9D5GD,https://m.media-amazon.com/images/I/61iib-GZd0L._SL1600_.jpg
REV0056688_IMG01,REV0056688,B08VCZ438B,https://m.media-amazon.com/images/I/51-nKfWtMtL._SL1600_.jpg
REV0056724_IMG01,REV0056724,B07LG8QYFW,https://m.media-amazon.com/images/I/51O5oVcWAWL._SL1600_.jpg
REV0056724_IMG02,REV0056724,B07LG8QYFW,https://m.media-amazon.com/images/I/71YgRC+7skL._SL1600_.jpg
REV0056737_IMG01,REV0056737,B0BM393JKR,https://images-na.ssl-images-amazon.com/images/I/51tbfavd-FL._SL1600_.jpg
REV0056820_IMG01,REV0056820,B0BYDNXYP6,https://images-na.ssl-images-amazon.com/images/I/712PpbUmkaL.jpg
REV0056860_IMG01,REV0056860,B0BV15TJHN,https://m.media-amazon.com/images/I/61HAYhqv1LL._SL1600_.jpg
REV0056860_IMG02,REV0056860,B0BV15TJHN,https://m.media-amazon.com/images/I/61WGT5h+RkL._SL1600_.jpg
REV0056860_IMG03,REV0056860,B0BV15TJHN,https://m.media-amazon.com/images/I/71Bdrx3IZ3L._SL1600_.jpg
REV0056860_IMG04,REV0056860,B0BV15TJHN,https://m.media-amazon.com/images/I/71JVj7pydLL._SL1600_.jpg
REV0056867_IMG01,REV0056867,B07DQFHTVS,https://images-na.ssl-images-amazon.com/images/I/71jC0BCKRlL.jpg
REV0056884_IMG01,REV0056884,B0032JTS5E,https://m.media-amazon.com/images/I/21BkmimWWtL._SL1600_.jpg
REV0056884_IMG02,REV0056884,B0032JTS5E,https://m.media-amazon.com/images/I/31Qc+9KP8aL._SL1600_.jpg
REV0056889_IMG01,REV0056889,B004Q3WUI2,https://images-na.ssl-images-amazon.com/images/I/6129xb7GydL.jpg
REV0056889_IMG02,REV0056889,B004Q3WUI2,https://images-na.ssl-images-amazon.com/images/I/71tmrxiVq8L.jpg
REV0056893_IMG01,REV0056893,B089NHGGQD,https://images-na.ssl-images-amazon.com/images/I/91qmkzC2pBL._SL1600_.jpg
REV0056929_IMG01,REV0056929,B07D77KNGC,https://images-na.ssl-images-amazon.com/images/I/61M2o74ESmL.jpg
REV0056929_IMG02,REV0056929,B07D77KNGC,https://images-na.ssl-images-amazon.com/images/I/61pyOPbAjQL.jpg
REV0056929_IMG03,REV0056929,B07D77KNGC,https://images-na.ssl-images-amazon.com/images/I/61tHcnaL62L.jpg
REV0056948_IMG01,REV0056948,B09RT3FLV3,https://m.media-amazon.com/images/I/61HpY87dNtL._SL1600_.jpg
REV0056949_IMG01,REV0056949,B09Y1MN1GN,https://images-na.ssl-images-amazon.com/images/I/61bTLRnUdNL._SL1600_.jpg
REV0056975_IMG01,REV0056975,B07817ST8Q,https://images-na.ssl-images-amazon.com/images/I/61vqhvLmPaL.jpg
REV0056991_IMG01,REV0056991,B08YN7ZXWF,https://m.media-amazon.com/images/I/718zKDGi-TL._SL1600_.jpg
REV0057000_IMG01,REV0057000,B08WZ5Y9ZY,https://m.media-amazon.com/images/I/71Is4zTfZDL._SL1600_.jpg
REV0057000_IMG02,REV0057000,B08WZ5Y9ZY,https://m.media-amazon.com/images/I/81AIPaX4i9L._SL1600_.jpg
REV0057000_IMG03,REV0057000,B08WZ5Y9ZY,https://m.media-amazon.com/images/I/81xaxIC0dmL._SL1600_.jpg
REV0057001_IMG01,REV0057001,B01LB15E02,https://images-na.ssl-images-amazon.com/images/I/91VNSaabCLL._SL1600_.jpg
REV0057043_IMG01,REV0057043,B0BNN6GLK7,https://m.media-amazon.com/images/I/61WB+A5NanL._SL1600_.jpg
REV0057068_IMG01,REV0057068,B07T192RPC,https://images-na.ssl-images-amazon.com/images/I/81sPEikFc9L._SL1600_.jpg
REV0057068_IMG02,REV0057068,B07T192RPC,https://images-na.ssl-images-amazon.com/images/I/910z-31PvOL._SL1600_.jpg
REV0057068_IMG03,REV0057068,B07T192RPC,https://images-na.ssl-images-amazon.com/images/I/91Ixnpe4nwL._SL1600_.jpg
REV0057095_IMG01,REV0057095,B07CPJFQ9M,https://m.media-amazon.com/images/I/71pZ3MOIJnL._SL1600_.jpg
REV0057116_IMG01,REV0057116,B08CTDC2M5,https://images-na.ssl-images-amazon.com/images/I/81a2xgEIJwL._SL1600_.jpg
REV0057126_IMG01,REV0057126,B01G4T47S6,https://m.media-amazon.com/images/I/61TQQn0gatL._SL1600_.jpg
REV0057131_IMG01,REV0057131,B097F1B375,https://m.media-amazon.com/images/I/A112q1U3-qL._SL1600_.jpg
REV0057131_IMG02,REV0057131,B097F1B375,https://m.media-amazon.com/images/I/A1M9QOPSTAL._SL1600_.jpg
REV0057135_IMG01,REV0057135,B07V2FPQ24,https://images-na.ssl-images-amazon.com/images/I/A1MkXAXb1QL._SL1600_.jpg
REV0057135_IMG02,REV0057135,B07V2FPQ24,https://images-na.ssl-images-amazon.com/images/I/A1hyjAW7ZxL._SL1600_.jpg
REV0057135_IMG03,REV0057135,B07V2FPQ24,https://images-na.ssl-images-amazon.com/images/I/C1+3TX-YcoS._SL1600_.jpg
REV0057169_IMG01,REV0057169,B07B94ZR74,https://m.media-amazon.com/images/I/61IIhdf-4EL._SL1600_.jpg
REV0057178_IMG01,REV0057178,B09CBF2XCF,https://images-na.ssl-images-amazon.com/images/I/61MbU5k88fL.jpg
REV0057178_IMG02,REV0057178,B09CBF2XCF,https://images-na.ssl-images-amazon.com/images/I/61mhP+8g9UL._SL1600_.jpg
REV0057197_IMG01,REV0057197,B01BRPCZKO,https://images-na.ssl-images-amazon.com/images/I/61S2ymCegwL.jpg
REV0057218_IMG01,REV0057218,B09YLTJB7L,https://m.media-amazon.com/images/I/61p1LgRLZJL._SL1600_.jpg
REV0057241_IMG01,REV0057241,B00QFUQ8QE,https://images-na.ssl-images-amazon.com/images/I/41LwTIWibKL._SL1600_.jpg
REV0057244_IMG01,REV0057244,B00M0YYBTU,https://m.media-amazon.com/images/I/71S+jlZTEnL._SL1600_.jpg
REV0057274_IMG01,REV0057274,B09GMWWMHD,https://m.media-amazon.com/images/I/618Ug9tyqWL._SL1600_.jpg
REV0057274_IMG02,REV0057274,B09GMWWMHD,https://m.media-amazon.com/images/I/711ig9LsfAL._SL1600_.jpg
REV0057274_IMG03,REV0057274,B09GMWWMHD,https://m.media-amazon.com/images/I/71BaHlLdCzL._SL1600_.jpg
REV0057380_IMG01,REV0057380,B000VX44OO,https://m.media-amazon.com/images/I/515uXnh-mpL._SL1600_.jpg
REV0057380_IMG02,REV0057380,B000VX44OO,https://m.media-amazon.com/images/I/81YJ1mboM4L._SL1600_.jpg
REV0057400_IMG01,REV0057400,B08M1JZP9P,https://images-na.ssl-images-amazon.com/images/I/71eSHli+G+L.jpg
REV0057422_IMG01,REV0057422,B071G51H1Q,https://images-na.ssl-images-amazon.com/images/I/610Jdj4PhwL.jpg
REV0057422_IMG02,REV0057422,B071G51H1Q,https://images-na.ssl-images-amazon.com/images/I/6140g0YcOZL.jpg
REV0057422_IMG03,REV0057422,B071G51H1Q,https://images-na.ssl-images-amazon.com/images/I/61EU6SwwIZL.jpg
REV0057435_IMG01,REV0057435,B08BLQV89X,https://images-na.ssl-images-amazon.com/images/I/B1GVYpO1YJS._SL1600_.jpg
REV0057435_IMG02,REV0057435,B08BLQV89X,https://images-na.ssl-images-amazon.com/images/I/B1Oy7dpzaiS._SL1600_.jpg
REV0057435_IMG03,REV0057435,B08BLQV89X,https://images-na.ssl-images-amazon.com/images/I/B1yZOT49GtS._SL1600_.jpg
REV0057438_IMG01,REV0057438,B07TYB4R6M,https://images-na.ssl-images-amazon.com/images/I/91KIdbWiGeL._SL1600_.jpg
REV0057487_IMG01,REV0057487,B00TEP1O2A,https://images-na.ssl-images-amazon.com/images/I/71KllfBHofL.jpg
REV0057487_IMG02,REV0057487,B00TEP1O2A,https://images-na.ssl-images-amazon.com/images/I/71ReJlgxQOL.jpg
REV0057522_IMG01,REV0057522,B01CA410KW,https://m.media-amazon.com/images/I/61NdULmg2qL._SL1600_.jpg
REV0057543_IMG01,REV0057543,B07XS8DVPT,https://images-na.ssl-images-amazon.com/images/I/B16y0bp6I8S._SL1600_.jpg
REV0057568_IMG01,REV0057568,B07GG6KP6H,https://m.media-amazon.com/images/I/6130yhTJFHL._SL1600_.jpg
REV0057568_IMG02,REV0057568,B07GG6KP6H,https://m.media-amazon.com/images/I/61Nbp2L4AJL._SL1600_.jpg
REV0057581_IMG01,REV0057581,B07KPL5XR7,https://images-na.ssl-images-amazon.com/images/I/71mZpDE5bNL._SL1600_.jpg
REV0057585_IMG01,REV0057585,B08LVMR61L,https://images-na.ssl-images-amazon.com/images/I/91KAI2MwiKL._SL1600_.jpg
REV0057617_IMG01,REV0057617,B074QHMVSV,https://m.media-amazon.com/images/I/613UiFyFMbL._SL1600_.jpg
REV0057654_IMG01,REV0057654,B07ZYYPXW7,https://m.media-amazon.com/images/I/81FSm7OogTL._SL1600_.jpg
REV0057654_IMG02,REV0057654,B07ZYYPXW7,https://m.media-amazon.com/images/I/81JS9rMYbhL._SL1600_.jpg
REV0057654_IMG03,REV0057654,B07ZYYPXW7,https://m.media-amazon.com/images/I/91U+ri55t6L._SL1600_.jpg
REV0057678_IMG01,REV0057678,B07B9LT3YS,https://images-na.ssl-images-amazon.com/images/I/61y2SdX5fuL.jpg
REV0057678_IMG02,REV0057678,B07B9LT3YS,https://images-na.ssl-images-amazon.com/images/I/71hse4+O4OL.jpg
REV0057693_IMG01,REV0057693,B075F6L3VW,https://m.media-amazon.com/images/I/61I3-2wZATL._SL1600_.jpg
REV0057716_IMG01,REV0057716,B0C4WK4187,https://images-na.ssl-images-amazon.com/images/I/61LYSDFO4AL._SL1600_.jpg
REV0057716_IMG02,REV0057716,B0C4WK4187,https://images-na.ssl-images-amazon.com/images/I/61ZInhFGJrL._SL1600_.jpg
REV0057716_IMG03,REV0057716,B0C4WK4187,https://images-na.ssl-images-amazon.com/images/I/71f-8gmXKgL._SL1600_.jpg
REV0057724_IMG01,REV0057724,B01ALBMIEI,https://images-na.ssl-images-amazon.com/images/I/6108c521j5L.jpg
REV0057724_IMG02,REV0057724,B01ALBMIEI,https://images-na.ssl-images-amazon.com/images/I/61NcSNH1hcL.jpg
REV0057724_IMG03,REV0057724,B01ALBMIEI,https://images-na.ssl-images-amazon.com/images/I/61dtms4fTSL.jpg
REV0057733_IMG01,REV0057733,B082TVJ867,https://images-na.ssl-images-amazon.com/images/I/91Fk75qJndL._SL1600_.jpg
REV0057734_IMG01,REV0057734,B0828W18WP,https://images-na.ssl-images-amazon.com/images/I/B1+k0MwKYfS._SL1600_.jpg
REV0057734_IMG02,REV0057734,B0828W18WP,https://images-na.ssl-images-amazon.com/images/I/B1Kggl1gXDS._SL1600_.jpg
REV0057823_IMG01,REV0057823,B0BP4W4TN1,https://m.media-amazon.com/images/I/71NYY8-CAaL._SL1600_.jpg
REV0057921_IMG01,REV0057921,B00MOCW62M,https://images-na.ssl-images-amazon.com/images/I/81U1+XM-kjL._SL1600_.jpg
REV0057921_IMG02,REV0057921,B00MOCW62M,https://images-na.ssl-images-amazon.com/images/I/81oSFLp0PFL._SL1600_.jpg
REV0057924_IMG01,REV0057924,B01ALBMIEI,https://images-na.ssl-images-amazon.com/images/I/61+3glkpKEL._SL1600_.jpg
REV0057924_IMG02,REV0057924,B01ALBMIEI,https://images-na.ssl-images-amazon.com/images/I/61-Ix-MvnJL._SL1600_.jpg
REV0057924_IMG03,REV0057924,B01ALBMIEI,https://images-na.ssl-images-amazon.com/images/I/71+PE46MNaL._SL1600_.jpg
REV0057924_IMG04,REV0057924,B01ALBMIEI,https://images-na.ssl-images-amazon.com/images/I/715mcsccQLL._SL1600_.jpg
REV0057924_IMG05,REV0057924,B01ALBMIEI,https://images-na.ssl-images-amazon.com/images/I/71ylwWLodPL._SL1600_.jpg
REV0057924_IMG06,REV0057924,B01ALBMIEI,https://images-na.ssl-images-amazon.com/images/I/71zVasWbNRL._SL1600_.jpg
REV0057956_IMG01,REV0057956,B000FKGPH2,https://images-na.ssl-images-amazon.com/images/I/41t3v8+vx9L._SL1600_.jpg
REV0057956_IMG02,REV0057956,B000FKGPH2,https://images-na.ssl-images-amazon.com/images/I/41vtv9Jkx0L._SL1600_.jpg
REV0057958_IMG01,REV0057958,B08ZHD696S,https://m.media-amazon.com/images/I/61DoKViVXBL._SL1600_.jpg
REV0057958_IMG02,REV0057958,B08ZHD696S,https://m.media-amazon.com/images/I/61IYyNmlT-L._SL1600_.jpg
REV0057958_IMG03,REV0057958,B08ZHD696S,https://m.media-amazon.com/images/I/71zbAJTrHFL._SL1600_.jpg
REV0057958_IMG04,REV0057958,B08ZHD696S,https://m.media-amazon.com/images/I/71zbAJTrHFL._SL1600_.jpg
REV0057959_IMG01,REV0057959,B07B94ZR74,https://images-na.ssl-images-amazon.com/images/I/71JUWN7TTIL.jpg
REV0057978_IMG01,REV0057978,B07GDPSXB3,https://m.media-amazon.com/images/I/71b1zk2od0L._SL1600_.jpg
REV0057988_IMG01,REV0057988,B07TZCBLZ1,https://images-na.ssl-images-amazon.com/images/I/7113P9yNB3L.jpg
REV0057988_IMG02,REV0057988,B07TZCBLZ1,https://images-na.ssl-images-amazon.com/images/I/71EMwt+UxvL.jpg
REV0058004_IMG01,REV0058004,B00DM8KM82,https://images-na.ssl-images-amazon.com/images/I/61bZ4gszuCL.jpg
REV0058004_IMG02,REV0058004,B00DM8KM82,https://images-na.ssl-images-amazon.com/images/I/71l9BoiEvkL.jpg
REV0058016_IMG01,REV0058016,B07WTXWC32,https://images-na.ssl-images-amazon.com/images/I/71k3VwFUZdL._SL1600_.jpg
REV0058023_IMG01,REV0058023,B09NR62M32,https://m.media-amazon.com/images/I/615jANJK8UL._SL1600_.jpg
REV0058060_IMG01,REV0058060,B08DDFN7P9,https://images-na.ssl-images-amazon.com/images/I/81KcFAOZ5yL._SL1600_.jpg
REV0058064_IMG01,REV0058064,B0BTV3G59T,https://m.media-amazon.com/images/I/61NFaAnmnmL._SL1600_.jpg
REV0058094_IMG01,REV0058094,B089DMYHQW,https://images-na.ssl-images-amazon.com/images/I/71dXWO6y0qL.jpg
REV0058094_IMG02,REV0058094,B089DMYHQW,https://images-na.ssl-images-amazon.com/images/I/71ruq3M7u+L.jpg
REV0058113_IMG01,REV0058113,B072HSXG9S,https://m.media-amazon.com/images/I/7112tL++g-L._SL1600_.jpg
REV0058113_IMG02,REV0058113,B072HSXG9S,https://m.media-amazon.com/images/I/71FbswXV2eL._SL1600_.jpg
REV0058118_IMG01,REV0058118,B00G5N1A3M,https://images-na.ssl-images-amazon.com/images/I/71kluXPeCHL._SL1600_.jpg
REV0058233_IMG01,REV0058233,B07VFQ438P,https://images-na.ssl-images-amazon.com/images/I/61rqrToqphL.jpg
REV0058237_IMG01,REV0058237,B001AQZI64,https://m.media-amazon.com/images/I/715ZFqJ1IcL._SL1600_.jpg
REV0058244_IMG01,REV0058244,B01N6PLGIR,https://images-na.ssl-images-amazon.com/images/I/61BKwUraTyL._SL1600_.jpg
REV0058250_IMG01,REV0058250,B0BPFM7JSG,https://images-na.ssl-images-amazon.com/images/I/91-2UTXWovL._SL1600_.jpg
REV0058250_IMG02,REV0058250,B0BPFM7JSG,https://images-na.ssl-images-amazon.com/images/I/91Mo52ZPbqL._SL1600_.jpg
REV0058250_IMG03,REV0058250,B0BPFM7JSG,https://images-na.ssl-images-amazon.com/images/I/91UxfAYnhbL._SL1600_.jpg
REV0058357_IMG01,REV0058357,B09M9VN74W,https://m.media-amazon.com/images/I/71J+RVFHAxL._SL1600_.jpg
REV0058357_IMG02,REV0058357,B09M9VN74W,https://m.media-amazon.com/images/I/71g6HdBRZJL._SL1600_.jpg
REV0058357_IMG03,REV0058357,B09M9VN74W,https://m.media-amazon.com/images/I/814s3kyl76L._SL1600_.jpg
REV0058357_IMG04,REV0058357,B09M9VN74W,https://m.media-amazon.com/images/I/816n29saAmL._SL1600_.jpg
REV0058378_IMG01,REV0058378,B00AYBLIOW,https://images-na.ssl-images-amazon.com/images/I/61DkQwkN4oL.jpg
REV0058401_IMG01,REV0058401,B08Z7TYTCM,https://m.media-amazon.com/images/I/714UTnU943L._SL1600_.jpg
REV0058401_IMG02,REV0058401,B08Z7TYTCM,https://m.media-amazon.com/images/I/71zKwjg3bNL._SL1600_.jpg
REV0058466_IMG01,REV0058466,B07CNJFSLS,https://images-na.ssl-images-amazon.com/images/I/61SFobPnqnL._SL1600_.jpg
REV0058497_IMG01,REV0058497,B09H5JSBF9,https://m.media-amazon.com/images/I/713VNPiwqZL._SL1600_.jpg
REV0058525_IMG01,REV0058525,B00X196XGM,https://images-na.ssl-images-amazon.com/images/I/81XK1VTk-dL.jpg
REV0058530_IMG01,REV0058530,B0C5DBKGTB,https://images-na.ssl-images-amazon.com/images/I/B1MP6ZiVQMS._SL1600_.jpg
REV0058540_IMG01,REV0058540,B00CD6KQUS,https://images-na.ssl-images-amazon.com/images/I/71HdoyE9aaL._SL1600_.jpg
REV0058540_IMG02,REV0058540,B00CD6KQUS,https://images-na.ssl-images-amazon.com/images/I/71Z-KjsiKlL._SL1600_.jpg
REV0058549_IMG01,REV0058549,B07GG6KP6H,https://m.media-amazon.com/images/I/81N-wDzhscL._SL1600_.jpg
REV0058596_IMG01,REV0058596,B00ZY6KM4E,https://images-na.ssl-images-amazon.com/images/I/71eChehDrkL.jpg
REV0058614_IMG01,REV0058614,B09HTY54RK,https://images-na.ssl-images-amazon.com/images/I/71NU-afrBDL._SL1600_.jpg
REV0058631_IMG01,REV0058631,B0784YYSVS,https://images-na.ssl-images-amazon.com/images/I/71ybEpw1rKL.jpg
REV0058657_IMG01,REV0058657,B07L89PP5R,https://images-na.ssl-images-amazon.com/images/I/B10h8m6LjMS._SL1600_.jpg
REV0058657_IMG02,REV0058657,B07L89PP5R,https://images-na.ssl-images-amazon.com/images/I/B1nWj6hjryS._SL1600_.jpg
REV0058662_IMG01,REV0058662,B0B2DD4V71,https://m.media-amazon.com/images/I/51zBthw8quL._SL1600_.jpg
REV0058664_IMG01,REV0058664,B0B21BBZRF,https://images-na.ssl-images-amazon.com/images/I/715xJB1HciL.jpg
REV0058664_IMG02,REV0058664,B0B21BBZRF,https://images-na.ssl-images-amazon.com/images/I/71iXLhsmIvL.jpg
REV0058677_IMG01,REV0058677,B082HPBZXK,https://m.media-amazon.com/images/I/81cgpM0R6rL._SL1600_.jpg
REV0058699_IMG01,REV0058699,B09YLYYHZN,https://m.media-amazon.com/images/I/61L8wT4nySL._SL1600_.jpg
REV0058715_IMG01,REV0058715,B07CP74W4N,https://images-na.ssl-images-amazon.com/images/I/61tDybLAnyL._SL1600_.jpg
REV0058719_IMG01,REV0058719,B00AYBKUAA,https://images-na.ssl-images-amazon.com/images/I/71ZhI01n1JL.jpg
REV0058738_IMG01,REV0058738,B09YNN7GDD,https://m.media-amazon.com/images/I/71guobZscfL._SL1600_.jpg
REV0058764_IMG01,REV0058764,B00T89HDQ8,https://images-na.ssl-images-amazon.com/images/I/71MeXGIikFL.jpg
REV0058764_IMG02,REV0058764,B00T89HDQ8,https://images-na.ssl-images-amazon.com/images/I/71MuHrdX5-L.jpg
REV0058764_IMG03,REV0058764,B00T89HDQ8,https://images-na.ssl-images-amazon.com/images/I/71lLzfr1kHL.jpg
REV0058764_IMG04,REV0058764,B00T89HDQ8,https://images-na.ssl-images-amazon.com/images/I/815avosSHjL.jpg
REV0058767_IMG01,REV0058767,B084P7GVDM,https://m.media-amazon.com/images/I/71VfaspYeTL._SL1600_.jpg
REV0058784_IMG01,REV0058784,B0B3DB5HTC,https://images-na.ssl-images-amazon.com/images/I/71pAw07BdQL.jpg
REV0058864_IMG01,REV0058864,B08F7DPP8T,https://images-na.ssl-images-amazon.com/images/I/61sJtda41AL._SL1600_.jpg
REV0058864_IMG02,REV0058864,B08F7DPP8T,https://images-na.ssl-images-amazon.com/images/I/710kCcIih3L._SL1600_.jpg
REV0058864_IMG03,REV0058864,B08F7DPP8T,https://images-na.ssl-images-amazon.com/images/I/71Q8dOW1wKL._SL1600_.jpg
REV0058874_IMG01,REV0058874,B08KD8VTW4,https://images-na.ssl-images-amazon.com/images/I/51FPn8PwqdL._SL1600_.jpg
REV0058874_IMG02,REV0058874,B08KD8VTW4,https://images-na.ssl-images-amazon.com/images/I/61C43yf2I4L._SL1600_.jpg
REV0058874_IMG03,REV0058874,B08KD8VTW4,https://images-na.ssl-images-amazon.com/images/I/61TxtnM74RL._SL1600_.jpg
REV0058892_IMG01,REV0058892,B0B9CCJTDF,https://images-na.ssl-images-amazon.com/images/I/C1ixXsk21HS._SL1600_.jpg
REV0058935_IMG01,REV0058935,B00KJ07SEM,https://images-na.ssl-images-amazon.com/images/I/71E+5FuTxYL.jpg
REV0058935_IMG02,REV0058935,B00KJ07SEM,https://images-na.ssl-images-amazon.com/images/I/71Xg8SVi9eL.jpg
REV0058953_IMG01,REV0058953,B00L7478JE,https://images-na.ssl-images-amazon.com/images/I/71AX2dM2w7L.jpg
REV0058953_IMG02,REV0058953,B00L7478JE,https://images-na.ssl-images-amazon.com/images/I/71MUC2uSyRL.jpg
REV0058953_IMG03,REV0058953,B00L7478JE,https://images-na.ssl-images-amazon.com/images/I/71t4QYTIVPL.jpg
REV0058983_IMG01,REV0058983,B085R91V61,https://images-na.ssl-images-amazon.com/images/I/71Np2iarnxL._SL1600_.jpg
REV0058984_IMG01,REV0058984,B07WTXWC32,https://m.media-amazon.com/images/I/7192Kp8umjL._SL1600_.jpg
REV0059042_IMG01,REV0059042,B09YC8YCV6,https://images-na.ssl-images-amazon.com/images/I/61oa3BiU5JL.jpg
REV0059042_IMG02,REV0059042,B09YC8YCV6,https://images-na.ssl-images-amazon.com/images/I/71adDq8JNTL.jpg
REV0059042_IMG03,REV0059042,B09YC8YCV6,https://images-na.ssl-images-amazon.com/images/I/71um8NJne0L.jpg
REV0059049_IMG01,REV0059049,B07Q5G2FQJ,https://m.media-amazon.com/images/I/916NXFd1kNL._SL1600_.jpg
REV0059049_IMG02,REV0059049,B07Q5G2FQJ,https://m.media-amazon.com/images/I/91HAMSv1KyL._SL1600_.jpg
REV0059144_IMG01,REV0059144,B07V2JRKTF,https://m.media-amazon.com/images/I/71Felw5OgBL._SL1600_.jpg
REV0059147_IMG01,REV0059147,B0791B2H3G,https://images-na.ssl-images-amazon.com/images/I/710q16hA6vL.jpg
REV0059147_IMG02,REV0059147,B0791B2H3G,https://images-na.ssl-images-amazon.com/images/I/71Gpl8o5CnL.jpg
REV0059147_IMG03,REV0059147,B0791B2H3G,https://images-na.ssl-images-amazon.com/images/I/71f2VxvRQ6L.jpg
REV0059187_IMG01,REV0059187,B0BLY43NLL,https://images-na.ssl-images-amazon.com/images/I/9132vs4RcFL._SL1600_.jpg
REV0059187_IMG02,REV0059187,B0BLY43NLL,https://images-na.ssl-images-amazon.com/images/I/916Xw6jBSpL._SL1600_.jpg
REV0059187_IMG03,REV0059187,B0BLY43NLL,https://images-na.ssl-images-amazon.com/images/I/91EI7CjSOHL._SL1600_.jpg
REV0059204_IMG01,REV0059204,B07V3765S6,https://images-na.ssl-images-amazon.com/images/I/71HDod-PK7L._SL1600_.jpg
REV0059207_IMG01,REV0059207,B089DMYHQW,https://m.media-amazon.com/images/I/615Vaos9p8L._SL1600_.jpg
REV0059207_IMG02,REV0059207,B089DMYHQW,https://m.media-amazon.com/images/I/61lCsYsKELL._SL1600_.jpg
REV0059239_IMG01,REV0059239,B0B7RZ6JBL,https://m.media-amazon.com/images/I/8167JG5349L._SL1600_.jpg
REV0059239_IMG02,REV0059239,B0B7RZ6JBL,https://m.media-amazon.com/images/I/81rg67iaf6L._SL1600_.jpg
REV0059239_IMG03,REV0059239,B0B7RZ6JBL,https://m.media-amazon.com/images/I/81w0sGOW-PL._SL1600_.jpg
REV0059244_IMG01,REV0059244,B0C6SGRVBX,https://m.media-amazon.com/images/I/61iqvQGcM5L._SL1600_.jpg
REV0059244_IMG02,REV0059244,B0C6SGRVBX,https://m.media-amazon.com/images/I/7153n1uZXhL._SL1600_.jpg
REV0059244_IMG03,REV0059244,B0C6SGRVBX,https://m.media-amazon.com/images/I/715UhDuVF5L._SL1600_.jpg
REV0059244_IMG04,REV0059244,B0C6SGRVBX,https://m.media-amazon.com/images/I/71rhHJy2LYL._SL1600_.jpg
REV0059266_IMG01,REV0059266,B01A5PF9O6,https://images-na.ssl-images-amazon.com/images/I/419NVkQK4WL._SL1600_.jpg
REV0059346_IMG01,REV0059346,B07HSW3F3Q,https://m.media-amazon.com/images/I/41fgaDHsSML._SL1600_.jpg
REV0059348_IMG01,REV0059348,B0BX9GK3PB,https://m.media-amazon.com/images/I/A12V6JcpTML._SL1600_.jpg
REV0059348_IMG02,REV0059348,B0BX9GK3PB,https://m.media-amazon.com/images/I/A18au+CtWbL._SL1600_.jpg
REV0059348_IMG03,REV0059348,B0BX9GK3PB,https://m.media-amazon.com/images/I/B1xrnPkGzVS._SL1600_.jpg
REV0059375_IMG01,REV0059375,B004XLE7O2,https://images-na.ssl-images-amazon.com/images/I/81pTh55lWKL.jpg
REV0059389_IMG01,REV0059389,B08BJ6ZC1L,https://images-na.ssl-images-amazon.com/images/I/91GyBNLQcTL._SL1600_.jpg
REV0059442_IMG01,REV0059442,B07JDRG8MV,https://m.media-amazon.com/images/I/51aCyPQ6LxL._SL1600_.jpg
REV0059442_IMG02,REV0059442,B07JDRG8MV,https://m.media-amazon.com/images/I/51wy-1RvwtL._SL1600_.jpg
REV0059457_IMG01,REV0059457,B08FDBL1PZ,https://images-na.ssl-images-amazon.com/images/I/71HkEY-V8pL._SL1600_.jpg
REV0059457_IMG02,REV0059457,B08FDBL1PZ,https://images-na.ssl-images-amazon.com/images/I/71QB97dDaTL._SL1600_.jpg
REV0059457_IMG03,REV0059457,B08FDBL1PZ,https://images-na.ssl-images-amazon.com/images/I/71fB-s+DQVL._SL1600_.jpg
REV0059481_IMG01,REV0059481,B08FDC59PB,https://m.media-amazon.com/images/I/715H3Py3UdL._SL1600_.jpg
REV0059496_IMG01,REV0059496,B09WYPRQ6J,https://m.media-amazon.com/images/I/61q7sEG6JNL._SL1600_.jpg
REV0059534_IMG01,REV0059534,B0BX8C48Q1,https://m.media-amazon.com/images/I/71vHN6x3H2L._SL1600_.jpg
REV0059580_IMG01,REV0059580,B09LH7FDF2,https://m.media-amazon.com/images/I/81MuHZTie4L._SL1600_.jpg
REV0059612_IMG01,REV0059612,B09V7Y1PZ8,https://m.media-amazon.com/images/I/61qUNCooAnL._SL1600_.jpg
REV0059626_IMG01,REV0059626,B07WLD3SQM,https://images-na.ssl-images-amazon.com/images/I/71lvqjkFXEL._SL1600_.jpg
REV0059626_IMG02,REV0059626,B07WLD3SQM,https://images-na.ssl-images-amazon.com/images/I/81VxoHHLoNL._SL1600_.jpg
REV0059635_IMG01,REV0059635,B09JY77GCY,https://m.media-amazon.com/images/I/51mM9G-+qxL._SL1600_.jpg
REV0059635_IMG02,REV0059635,B09JY77GCY,https://m.media-amazon.com/images/I/61uCm3QQJIL._SL1600_.jpg
REV0059635_IMG03,REV0059635,B09JY77GCY,https://m.media-amazon.com/images/I/71Scffa6V5L._SL1600_.jpg
REV0059654_IMG01,REV0059654,B0B7BJZ4LX,https://images-na.ssl-images-amazon.com/images/I/61DRuLJfIpL.jpg
REV0059654_IMG02,REV0059654,B0B7BJZ4LX,https://images-na.ssl-images-amazon.com/images/I/61HH1PVgIdL.jpg
REV0059654_IMG03,REV0059654,B0B7BJZ4LX,https://images-na.ssl-images-amazon.com/images/I/71c6kcfAg-L.jpg
REV0059711_IMG01,REV0059711,B07RZ4MGXR,https://images-na.ssl-images-amazon.com/images/I/71Y+gAaGnKL.jpg
REV0059726_IMG01,REV0059726,B0B6FHBYTR,https://m.media-amazon.com/images/I/71Zjn2HXv6L._SL1600_.jpg
REV0059787_IMG01,REV0059787,B0045LLC7K,https://m.media-amazon.com/images/I/71fm2kRFkbL._SL1600_.jpg
REV0059788_IMG01,REV0059788,B0C5ZCV5P8,https://m.media-amazon.com/images/I/613b1ONjbgL._SL1600_.jpg
REV0059788_IMG02,REV0059788,B0C5ZCV5P8,https://m.media-amazon.com/images/I/61n2sfWUU+L._SL1600_.jpg
REV0059788_IMG03,REV0059788,B0C5ZCV5P8,https://m.media-amazon.com/images/I/61t9C3K1jPL._SL1600_.jpg
REV0059860_IMG01,REV0059860,B07TM5FCSD,https://images-na.ssl-images-amazon.com/images/I/71Jr5JWO70L._SL1600_.jpg
REV0059860_IMG02,REV0059860,B07TM5FCSD,https://images-na.ssl-images-amazon.com/images/I/81FC9SPpf8L._SL1600_.jpg
REV0059882_IMG01,REV0059882,B082TVJ867,https://images-na.ssl-images-amazon.com/images/I/513uENQupOL._SL1600_.jpg
REV0059917_IMG01,REV0059917,B0C9J6J79Y,https://m.media-amazon.com/images/I/618UTto3qTL._SL1600_.jpg
REV0059917_IMG02,REV0059917,B0C9J6J79Y,https://m.media-amazon.com/images/I/61e7-O+2VSL._SL1600_.jpg
REV0059917_IMG03,REV0059917,B0C9J6J79Y,https://m.media-amazon.com/images/I/61ns24b7iGL._SL1600_.jpg
REV0059934_IMG01,REV0059934,B00IB4BMDQ,https://images-na.ssl-images-amazon.com/images/I/81wlmArlviL._SL1600_.jpg
REV0059937_IMG01,REV0059937,B088SZDX7R,https://m.media-amazon.com/images/I/81U3i0aEIDL._SL1600_.jpg
REV0059939_IMG01,REV0059939,B01M2BK452,https://images-na.ssl-images-amazon.com/images/I/71kNjyfJCRL.jpg
REV0060003_IMG01,REV0060003,B071KQY5TJ,https://images-na.ssl-images-amazon.com/images/I/61ScjD89fpL.jpg
REV0060003_IMG02,REV0060003,B071KQY5TJ,https://images-na.ssl-images-amazon.com/images/I/61Vc9Pp22AL.jpg
REV0060003_IMG03,REV0060003,B071KQY5TJ,https://images-na.ssl-images-amazon.com/images/I/71E-t+b8fZL.jpg
REV0060003_IMG04,REV0060003,B071KQY5TJ,https://images-na.ssl-images-amazon.com/images/I/71g7wSOn5vL.jpg
REV0060003_IMG05,REV0060003,B071KQY5TJ,https://images-na.ssl-images-amazon.com/images/I/71jDOdmu0XL.jpg
REV0060113_IMG01,REV0060113,B083JV2G1W,https://m.media-amazon.com/images/I/71cM1H3c5BL._SL1600_.jpg
REV0060147_IMG01,REV0060147,B07PWPX8W9,https://images-na.ssl-images-amazon.com/images/I/71zoxigybpL.jpg
REV0060147_IMG02,REV0060147,B07PWPX8W9,https://images-na.ssl-images-amazon.com/images/I/81JaHJtFhWL.jpg
REV0060147_IMG03,REV0060147,B07PWPX8W9,https://images-na.ssl-images-amazon.com/images/I/81RicZbTpNL.jpg
REV0060174_IMG01,REV0060174,B078G99FYD,https://images-na.ssl-images-amazon.com/images/I/813AhjmmmaL._SL1600_.jpg
REV0060218_IMG01,REV0060218,B0053F86BC,https://images-na.ssl-images-amazon.com/images/I/51FquF9FdlL._SL1600_.jpg
REV0060246_IMG01,REV0060246,B01CANG4IG,https://images-na.ssl-images-amazon.com/images/I/61yPpSsImvL.jpg
REV0060299_IMG01,REV0060299,B073BLHCND,https://images-na.ssl-images-amazon.com/images/I/61Zk97vzLEL.jpg
REV0060299_IMG02,REV0060299,B073BLHCND,https://images-na.ssl-images-amazon.com/images/I/71wfcXPULdL.jpg
REV0060301_IMG01,REV0060301,B00MOCMGMW,https://m.media-amazon.com/images/I/81bjU9poQCL._SL1600_.jpg
REV0060305_IMG01,REV0060305,B07B94ZR74,https://images-na.ssl-images-amazon.com/images/I/614OUPDuO8L.jpg
REV0060322_IMG01,REV0060322,B00IB4BMDQ,https://images-na.ssl-images-amazon.com/images/I/91H8uXMyaIL.jpg
REV0060335_IMG01,REV0060335,B07WTXWC32,https://m.media-amazon.com/images/I/61H7aZ785bL._SL1600_.jpg
REV0060335_IMG02,REV0060335,B07WTXWC32,https://m.media-amazon.com/images/I/61RN0NTY-fL._SL1600_.jpg
REV0060335_IMG03,REV0060335,B07WTXWC32,https://m.media-amazon.com/images/I/61YgogBI8zL._SL1600_.jpg
REV0060335_IMG04,REV0060335,B07WTXWC32,https://m.media-amazon.com/images/I/71PpidFnuyL._SL1600_.jpg
REV0060335_IMG05,REV0060335,B07WTXWC32,https://m.media-amazon.com/images/I/71wFkNgUZpL._SL1600_.jpg
REV0060369_IMG01,REV0060369,B08X6RRB32,https://m.media-amazon.com/images/I/71trVSTVwlL._SL1600_.jpg
REV0060394_IMG01,REV0060394,B0049I9OYC,https://m.media-amazon.com/images/I/61AFH6cjnHL._SL1600_.jpg
REV0060395_IMG01,REV0060395,B07L6BLHJB,https://images-na.ssl-images-amazon.com/images/I/91wTJcpXoRL._SL1600_.jpg
REV0060482_IMG01,REV0060482,B06XP8WLFS,https://m.media-amazon.com/images/I/71zZw1fQurL._SL1600_.jpg
REV0060500_IMG01,REV0060500,B089M4S7GH,https://images-na.ssl-images-amazon.com/images/I/B1AE7RmpLtS._SL1600_.jpg
REV0060517_IMG01,REV0060517,B0BP2DW6L6,https://m.media-amazon.com/images/I/6178kK5CKHL._SL1600_.jpg
REV0060530_IMG01,REV0060530,B09HRB1TFD,https://images-na.ssl-images-amazon.com/images/I/61HBNXr41gL.jpg
REV0060530_IMG02,REV0060530,B09HRB1TFD,https://images-na.ssl-images-amazon.com/images/I/61su4TRZ0iL.jpg
REV0060543_IMG01,REV0060543,B09K7S53MV,https://m.media-amazon.com/images/I/418U85wCE3L._SL1600_.jpg
REV0060543_IMG02,REV0060543,B09K7S53MV,https://m.media-amazon.com/images/I/51V35XODHmL._SL1600_.jpg
REV0060543_IMG03,REV0060543,B09K7S53MV,https://m.media-amazon.com/images/I/61-u1XEE-rL._SL1600_.jpg
REV0060543_IMG04,REV0060543,B09K7S53MV,https://m.media-amazon.com/images/I/61NfQO3t5UL._SL1600_.jpg
REV0060586_IMG01,REV0060586,B07RHYHS9Y,https://m.media-amazon.com/images/I/716U+ZczmKL._SL1600_.jpg
REV0060586_IMG02,REV0060586,B07RHYHS9Y,https://m.media-amazon.com/images/I/71RCDkzt9KL._SL1600_.jpg
REV0060603_IMG01,REV0060603,B00GN92KQ4,https://images-na.ssl-images-amazon.com/images/I/61tWa+o1ZAL.jpg
REV0060655_IMG01,REV0060655,B07QR495QN,https://m.media-amazon.com/images/I/71jy64ey3+L._SL1600_.jpg
REV0060669_IMG01,REV0060669,B0C5PR3NWJ,https://images-na.ssl-images-amazon.com/images/I/91CdwMsgAzL._SL1600_.jpg
REV0060681_IMG01,REV0060681,B089KT8M2K,https://images-na.ssl-images-amazon.com/images/I/81OVNOFFGkL._SL1600_.jpg
REV0060681_IMG02,REV0060681,B089KT8M2K,https://images-na.ssl-images-amazon.com/images/I/81brR2h0AKL._SL1600_.jpg
REV0060734_IMG01,REV0060734,B07QFPKG9V,https://images-na.ssl-images-amazon.com/images/I/61poKv0upZL._SL1600_.jpg
REV0060759_IMG01,REV0060759,B00OQHK5KI,https://images-na.ssl-images-amazon.com/images/I/7179XK15lTL.jpg
REV0060759_IMG02,REV0060759,B00OQHK5KI,https://images-na.ssl-images-amazon.com/images/I/71YESk9rB-L.jpg
REV0060766_IMG01,REV0060766,B00EKZD4MM,https://images-na.ssl-images-amazon.com/images/I/61NnzG53k9L.jpg
REV0060847_IMG01,REV0060847,B0C4LRKXNV,https://images-na.ssl-images-amazon.com/images/I/71ofoMxQx0L._SL1600_.jpg
REV0060855_IMG01,REV0060855,B07CNNN6BS,https://images-na.ssl-images-amazon.com/images/I/61hztq-CVSL.jpg
REV0060858_IMG01,REV0060858,B081S91N21,https://images-na.ssl-images-amazon.com/images/I/71IaC0WDHIL.jpg
REV0060859_IMG01,REV0060859,B087C2Y192,https://images-na.ssl-images-amazon.com/images/I/B1YtPe0A6-S._SL1600_.jpg
REV0060859_IMG02,REV0060859,B087C2Y192,https://images-na.ssl-images-amazon.com/images/I/B1efo-rL6JS._SL1600_.jpg
REV0060869_IMG01,REV0060869,B081696TG4,https://images-na.ssl-images-amazon.com/images/I/71JS6u6b3JL._SL1600_.jpg
REV0060876_IMG01,REV0060876,B09V2518TH,https://m.media-amazon.com/images/I/51poF2dC2OL._SL1600_.jpg
REV0060939_IMG01,REV0060939,B0BD9BDS9Y,https://m.media-amazon.com/images/I/71cERo4qLZL._SL1600_.jpg
REV0060943_IMG01,REV0060943,B07NVJP82G,https://m.media-amazon.com/images/I/51B9VXtjfjL._SL1600_.jpg
REV0060943_IMG02,REV0060943,B07NVJP82G,https://m.media-amazon.com/images/I/61SYiJOzCmL._SL1600_.jpg
REV0060943_IMG03,REV0060943,B07NVJP82G,https://m.media-amazon.com/images/I/61oVL6NA8uL._SL1600_.jpg
REV0060953_IMG01,REV0060953,B07925F5WH,https://images-na.ssl-images-amazon.com/images/I/617DRhOLyGL._SL1600_.jpg
REV0060953_IMG02,REV0060953,B07925F5WH,https://images-na.ssl-images-amazon.com/images/I/711b02v1nZL._SL1600_.jpg
REV0060954_IMG01,REV0060954,B07WTXWC32,https://images-na.ssl-images-amazon.com/images/I/91ByfGjn+iL._SL1600_.jpg
REV0060979_IMG01,REV0060979,B01ALBMIEI,https://images-na.ssl-images-amazon.com/images/I/713HgBMvFOL._SL1600_.jpg
REV0061003_IMG01,REV0061003,B08935F5WY,https://images-na.ssl-images-amazon.com/images/I/71L3W8Yug+L._SL1600_.jpg
REV0061003_IMG02,REV0061003,B08935F5WY,https://images-na.ssl-images-amazon.com/images/I/71Rjh63p8hL._SL1600_.jpg
REV0061003_IMG03,REV0061003,B08935F5WY,https://images-na.ssl-images-amazon.com/images/I/71nxrCBlmKL._SL1600_.jpg
REV0061003_IMG04,REV0061003,B08935F5WY,https://images-na.ssl-images-amazon.com/images/I/81GBKbSkB3L._SL1600_.jpg
REV0061003_IMG05,REV0061003,B08935F5WY,https://images-na.ssl-images-amazon.com/images/I/A1GamTIj37L._SL1600_.jpg
REV0061003_IMG06,REV0061003,B08935F5WY,https://images-na.ssl-images-amazon.com/images/I/B1MLflJKHtS._SL1600_.jpg
REV0061003_IMG07,REV0061003,B08935F5WY,https://images-na.ssl-images-amazon.com/images/I/C1ZRq6FrWAS._SL1600_.jpg
REV0061023_IMG01,REV0061023,B07Q4F7LB5,https://images-na.ssl-images-amazon.com/images/I/81bp8ZMZGpL._SL1600_.jpg
REV0061029_IMG01,REV0061029,B00B2BPWFY,https://images-na.ssl-images-amazon.com/images/I/71wqhulfIBL.jpg
REV0061071_IMG01,REV0061071,B08FHS36Y2,https://images-na.ssl-images-amazon.com/images/I/71N9OzHGG8L._SL1600_.jpg
REV0061094_IMG01,REV0061094,B0748D7XFS,https://images-na.ssl-images-amazon.com/images/I/71kUwXb0D8L._SL1600_.jpg
REV0061094_IMG02,REV0061094,B0748D7XFS,https://images-na.ssl-images-amazon.com/images/I/71rAEKYcQuL._SL1600_.jpg
REV0061167_IMG01,REV0061167,B08GCDN5NV,https://m.media-amazon.com/images/I/61OEkY2QN3L._SL1600_.jpg
REV0061193_IMG01,REV0061193,B013TINE4S,https://m.media-amazon.com/images/I/61jqR9VvaVL._SL1600_.jpg
REV0061193_IMG02,REV0061193,B013TINE4S,https://m.media-amazon.com/images/I/71ztsrpq5FL._SL1600_.jpg
REV0061228_IMG01,REV0061228,B07RJDXWR5,https://images-na.ssl-images-amazon.com/images/I/B14iq7gaGRS._SL1600_.jpg
REV0061228_IMG02,REV0061228,B07RJDXWR5,https://images-na.ssl-images-amazon.com/images/I/B1epMYJLDMS._SL1600_.jpg
REV0061296_IMG01,REV0061296,B01GE7V1H8,https://images-na.ssl-images-amazon.com/images/I/61wYkMVILyL.jpg
REV0061296_IMG02,REV0061296,B01GE7V1H8,https://images-na.ssl-images-amazon.com/images/I/71DGppC2FsL.jpg
REV0061296_IMG03,REV0061296,B01GE7V1H8,https://images-na.ssl-images-amazon.com/images/I/71qknBWfphL.jpg
REV0061306_IMG01,REV0061306,B09YC8YCV6,https://m.media-amazon.com/images/I/71oCmx80DVL._SL1600_.jpg
REV0061352_IMG01,REV0061352,B07WTXWC32,https://images-na.ssl-images-amazon.com/images/I/61ahKEENMnL._SL1600_.jpg
REV0061394_IMG01,REV0061394,B079VRJTM6,https://m.media-amazon.com/images/I/611TXkv4T3L._SL1600_.jpg
REV0061425_IMG01,REV0061425,B08YNL2SL4,https://m.media-amazon.com/images/I/61bHKd8Gr9L._SL1600_.jpg
REV0061436_IMG01,REV0061436,B08D245JL8,https://m.media-amazon.com/images/I/610hcsQmpoL._SL1600_.jpg
REV0061436_IMG02,REV0061436,B08D245JL8,https://m.media-amazon.com/images/I/81pW4MEOSgL._SL1600_.jpg
REV0061437_IMG01,REV0061437,B074C3ZWD7,https://images-na.ssl-images-amazon.com/images/I/715h8Ck+FWL.jpg
REV0061437_IMG02,REV0061437,B074C3ZWD7,https://images-na.ssl-images-amazon.com/images/I/71Wkz855N5L.jpg
REV0061437_IMG03,REV0061437,B074C3ZWD7,https://images-na.ssl-images-amazon.com/images/I/71XHuhF5o1L.jpg
REV0061437_IMG04,REV0061437,B074C3ZWD7,https://images-na.ssl-images-amazon.com/images/I/71YTFVN3xYL.jpg
REV0061485_IMG01,REV0061485,B079PN8CS2,https://images-na.ssl-images-amazon.com/images/I/61Q2+C1lv6L.jpg
REV0061485_IMG02,REV0061485,B079PN8CS2,https://images-na.ssl-images-amazon.com/images/I/61elhnweYaL.jpg
REV0061495_IMG01,REV0061495,B00009W3I4,https://m.media-amazon.com/images/I/81Od9DBDbLL._SL1600_.jpg
REV0061535_IMG01,REV0061535,B008B80FYY,https://images-na.ssl-images-amazon.com/images/I/71KYZI+6roL.jpg
REV0061535_IMG02,REV0061535,B008B80FYY,https://images-na.ssl-images-amazon.com/images/I/81EwT62Ae6L.jpg
REV0061535_IMG03,REV0061535,B008B80FYY,https://images-na.ssl-images-amazon.com/images/I/81KynnwvFTL.jpg
REV0061535_IMG04,REV0061535,B008B80FYY,https://images-na.ssl-images-amazon.com/images/I/81djNy2bhzL.jpg
REV0061553_IMG01,REV0061553,B0BHVB8BF4,https://images-na.ssl-images-amazon.com/images/I/7103Ik3f+JL.jpg
REV0061600_IMG01,REV0061600,B0B36BYTH8,https://m.media-amazon.com/images/I/719IXGTOQmL._SL1600_.jpg
REV0061642_IMG01,REV0061642,B07FNFJTLL,https://images-na.ssl-images-amazon.com/images/I/61tuKOpKeFL.jpg
REV0061642_IMG02,REV0061642,B07FNFJTLL,https://images-na.ssl-images-amazon.com/images/I/71jptUZIk2L.jpg
REV0061651_IMG01,REV0061651,B09BXVS17S,https://images-na.ssl-images-amazon.com/images/I/A1Ssj-NzvhL._SL1600_.jpg
REV0061699_IMG01,REV0061699,B08TVY2RJ4,https://m.media-amazon.com/images/I/61gJuPUb+QL._SL1600_.jpg
REV0061699_IMG02,REV0061699,B08TVY2RJ4,https://m.media-amazon.com/images/I/71yP9FnpsLL._SL1600_.jpg
REV0061703_IMG01,REV0061703,B0BKWC5LL4,https://m.media-amazon.com/images/I/71HI6J-r66L._SL1600_.jpg
REV0061703_IMG02,REV0061703,B0BKWC5LL4,https://m.media-amazon.com/images/I/71pAq+m-W1L._SL1600_.jpg
REV0061703_IMG03,REV0061703,B0BKWC5LL4,https://m.media-amazon.com/images/I/81JCPVotX9L._SL1600_.jpg
REV0061721_IMG01,REV0061721,B0BPSQ4663,https://m.media-amazon.com/images/I/710LbJuf8kL._SL1600_.jpg
REV0061736_IMG01,REV0061736,B01NBMCGJY,https://images-na.ssl-images-amazon.com/images/I/61yhKHi4O5L.jpg
REV0061736_IMG02,REV0061736,B01NBMCGJY,https://images-na.ssl-images-amazon.com/images/I/81jQcLJ7tvL.jpg
REV0061741_IMG01,REV0061741,B0751KDVTP,https://images-na.ssl-images-amazon.com/images/I/71SJzQAq75L.jpg
REV0061741_IMG02,REV0061741,B0751KDVTP,https://images-na.ssl-images-amazon.com/images/I/71hNnR97i+L.jpg
REV0061744_IMG01,REV0061744,B0BNN6GLK7,https://m.media-amazon.com/images/I/517SdmEc8yL._SL1600_.jpg
REV0061756_IMG01,REV0061756,B07HVSR8RF,https://m.media-amazon.com/images/I/71NzF0h3gQL._SL1600_.jpg
REV0061806_IMG01,REV0061806,B07PH477F8,https://m.media-amazon.com/images/I/71mG4e30GqL._SL1600_.jpg
REV0061834_IMG01,REV0061834,B01IXY1GSY,https://images-na.ssl-images-amazon.com/images/I/715SNNaEg7L.jpg
REV0061834_IMG02,REV0061834,B01IXY1GSY,https://images-na.ssl-images-amazon.com/images/I/71aLOfe0LGL.jpg
REV0061890_IMG01,REV0061890,B003BIGD7W,https://images-na.ssl-images-amazon.com/images/I/61syvproLEL.jpg
REV0061925_IMG01,REV0061925,B089YC6672,https://m.media-amazon.com/images/I/71Zo8GO-6-L._SL1600_.jpg
REV0061930_IMG01,REV0061930,B09Q8JZY7Y,https://m.media-amazon.com/images/I/61nBSUOTMeL._SL1600_.jpg
REV0061930_IMG02,REV0061930,B09Q8JZY7Y,https://m.media-amazon.com/images/I/71IqcnV8alL._SL1600_.jpg
REV0061930_IMG03,REV0061930,B09Q8JZY7Y,https://m.media-amazon.com/images/I/71Zoit4rssL._SL1600_.jpg
REV0061932_IMG01,REV0061932,B0BPY9HMGY,https://m.media-amazon.com/images/I/715xMCMh+7L._SL1600_.jpg
REV0061950_IMG01,REV0061950,B08FDC59PB,https://m.media-amazon.com/images/I/51DhUR94EAL._SL1600_.jpg
REV0061971_IMG01,REV0061971,B001AH3K72,https://images-na.ssl-images-amazon.com/images/I/61rl8k6p5hL.jpg
REV0061971_IMG02,REV0061971,B001AH3K72,https://images-na.ssl-images-amazon.com/images/I/71uZUT9y5pL.jpg
REV0061974_IMG01,REV0061974,B07QMZL448,https://images-na.ssl-images-amazon.com/images/I/A1+DIl4AOcL._SL1600_.jpg
REV0061985_IMG01,REV0061985,B071KQY5TJ,https://images-na.ssl-images-amazon.com/images/I/41RY67iC-nL._SL1600_.jpg
REV0061985_IMG02,REV0061985,B071KQY5TJ,https://images-na.ssl-images-amazon.com/images/I/71sreaZ8R-L._SL1600_.jpg
REV0061986_IMG01,REV0061986,B07XGZZQGH,https://images-na.ssl-images-amazon.com/images/I/C1goKy6jVES._SL1600_.jpg
REV0061986_IMG02,REV0061986,B07XGZZQGH,https://images-na.ssl-images-amazon.com/images/I/C1lEM5CmiLS._SL1600_.jpg
REV0061999_IMG01,REV0061999,B07H384YSW,https://images-na.ssl-images-amazon.com/images/I/91Djf19CQIL._SL1600_.jpg
REV0062001_IMG01,REV0062001,B01KKJQWHK,https://m.media-amazon.com/images/I/619EMQ8FpAL._SL1600_.jpg
REV0062015_IMG01,REV0062015,B013TI7A4S,https://m.media-amazon.com/images/I/61HPHs9z2OL._SL1600_.jpg
REV0062015_IMG02,REV0062015,B013TI7A4S,https://m.media-amazon.com/images/I/71b1Gg2gLCL._SL1600_.jpg
REV0062036_IMG01,REV0062036,B00GPXASXK,https://m.media-amazon.com/images/I/615Felt2yuL._SL1600_.jpg
REV0062036_IMG02,REV0062036,B00GPXASXK,https://m.media-amazon.com/images/I/71TzFqLPDPL._SL1600_.jpg
REV0062036_IMG03,REV0062036,B00GPXASXK,https://m.media-amazon.com/images/I/71VoX-xJ5EL._SL1600_.jpg
REV0062048_IMG01,REV0062048,B07L9Y7BMX,https://m.media-amazon.com/images/I/615mjA9JTrL._SL1600_.jpg
REV0062094_IMG01,REV0062094,B08LBVMJ2S,https://images-na.ssl-images-amazon.com/images/I/81Apcdb4kVL._SL1600_.jpg
REV0062179_IMG01,REV0062179,B0C5XMRQXY,https://m.media-amazon.com/images/I/81UFcFxu0vL._SL1600_.jpg
REV0062179_IMG02,REV0062179,B0C5XMRQXY,https://m.media-amazon.com/images/I/81xMJs-QuyL._SL1600_.jpg
REV0062179_IMG03,REV0062179,B0C5XMRQXY,https://m.media-amazon.com/images/I/91ggFS+BrYL._SL1600_.jpg
REV0062219_IMG01,REV0062219,B07HVSR8RF,https://m.media-amazon.com/images/I/81jLP7HLmNL._SL1600_.jpg
REV0062223_IMG01,REV0062223,B083B8M7R3,https://m.media-amazon.com/images/I/717QSDIB50L._SL1600_.jpg
REV0062223_IMG02,REV0062223,B083B8M7R3,https://m.media-amazon.com/images/I/71Wjll4MDoL._SL1600_.jpg
REV0062223_IMG03,REV0062223,B083B8M7R3,https://m.media-amazon.com/images/I/71X+9tkpmDL._SL1600_.jpg
REV0062239_IMG01,REV0062239,B0BYJ8JYL3,https://m.media-amazon.com/images/I/612hgrcUVnL._SL1600_.jpg
REV0062239_IMG02,REV0062239,B0BYJ8JYL3,https://m.media-amazon.com/images/I/61tgs2AHpLL._SL1600_.jpg
REV0062242_IMG01,REV0062242,B0BDMKQ7QH,https://m.media-amazon.com/images/I/71iehbRjOxL._SL1600_.jpg
REV0062254_IMG01,REV0062254,B07LG8QYFW,https://m.media-amazon.com/images/I/71LjwRSRzoL._SL1600_.jpg
REV0062291_IMG01,REV0062291,B07FWV5DMN,https://m.media-amazon.com/images/I/81grQjqc8aL._SL1600_.jpg
REV0062296_IMG01,REV0062296,B019RF0FV2,https://images-na.ssl-images-amazon.com/images/I/8146utmkvAL._SL1600_.jpg
REV0062296_IMG02,REV0062296,B019RF0FV2,https://images-na.ssl-images-amazon.com/images/I/81isa4yJggL._SL1600_.jpg
REV0062345_IMG01,REV0062345,B089DMYHQW,https://m.media-amazon.com/images/I/A1QPCZYqstL._SL1600_.jpg
REV0062345_IMG02,REV0062345,B089DMYHQW,https://m.media-amazon.com/images/I/A1v8C16a6iL._SL1600_.jpg
REV0062345_IMG03,REV0062345,B089DMYHQW,https://m.media-amazon.com/images/I/B1ZBn2MdefS._SL1600_.jpg
REV0062345_IMG04,REV0062345,B089DMYHQW,https://m.media-amazon.com/images/I/B1gJ9x8LJkS._SL1600_.jpg
REV0062355_IMG01,REV0062355,B08ZSG6M8X,https://images-na.ssl-images-amazon.com/images/I/B1FgLiR8NVS._SL1600_.jpg
REV0062355_IMG02,REV0062355,B08ZSG6M8X,https://images-na.ssl-images-amazon.com/images/I/C1o9okaN8tS._SL1600_.jpg
REV0062355_IMG03,REV0062355,B08ZSG6M8X,https://images-na.ssl-images-amazon.com/images/I/C1ztnsJrHHS._SL1600_.jpg
REV0062364_IMG01,REV0062364,B00JVTQHVC,https://images-na.ssl-images-amazon.com/images/I/91d2XUlT4zL._SL1600_.jpg
REV0062368_IMG01,REV0062368,B07FTR25NT,https://images-na.ssl-images-amazon.com/images/I/A1KKpoGW4pL._SL1600_.jpg
REV0062368_IMG02,REV0062368,B07FTR25NT,https://images-na.ssl-images-amazon.com/images/I/A1ebZC3vGtL._SL1600_.jpg
REV0062398_IMG01,REV0062398,B00IB4BMDQ,https://images-na.ssl-images-amazon.com/images/I/91k7pFg0bcL.jpg
REV0062402_IMG01,REV0062402,B09MVV717N,https://m.media-amazon.com/images/I/71Xb4x1sYdL._SL1600_.jpg
REV0062403_IMG01,REV0062403,B0B5SSPN1F,https://m.media-amazon.com/images/I/81b+WDDbBTL._SL1600_.jpg
REV0062403_IMG02,REV0062403,B0B5SSPN1F,https://m.media-amazon.com/images/I/81cL87Tyk-L._SL1600_.jpg
REV0062452_IMG01,REV0062452,B09MQLYPRR,https://m.media-amazon.com/images/I/71NeXhd0GDL._SL1600_.jpg
REV0062452_IMG02,REV0062452,B09MQLYPRR,https://m.media-amazon.com/images/I/71eoDHAtUpL._SL1600_.jpg
REV0062478_IMG01,REV0062478,B07R6P7R33,https://images-na.ssl-images-amazon.com/images/I/51CzZnz9ecL._SL1600_.jpg
REV0062484_IMG01,REV0062484,B0B21BBZRF,https://m.media-amazon.com/images/I/610JZqCCaVL._SL1600_.jpg
REV0062484_IMG02,REV0062484,B0B21BBZRF,https://m.media-amazon.com/images/I/61ZpJn5dbGL._SL1600_.jpg
REV0062484_IMG03,REV0062484,B0B21BBZRF,https://m.media-amazon.com/images/I/61qfq6QGz2L._SL1600_.jpg
REV0062491_IMG01,REV0062491,B001HOF17U,https://images-na.ssl-images-amazon.com/images/I/71mr2cK81EL._SL1600_.jpg
REV0062514_IMG01,REV0062514,B0C3R8X26M,https://m.media-amazon.com/images/I/61IwrXJ6-8L._SL1600_.jpg
REV0062514_IMG02,REV0062514,B0C3R8X26M,https://m.media-amazon.com/images/I/715I3DtUcRL._SL1600_.jpg
REV0062514_IMG03,REV0062514,B0C3R8X26M,https://m.media-amazon.com/images/I/71O3+BQGUfL._SL1600_.jpg
REV0062517_IMG01,REV0062517,B0B4JMGRHB,https://m.media-amazon.com/images/I/81zqNp-LclL._SL1600_.jpg
REV0062534_IMG01,REV0062534,B07DQFHTVS,https://images-na.ssl-images-amazon.com/images/I/712VytxSnXL._SL1600_.jpg
REV0062534_IMG02,REV0062534,B07DQFHTVS,https://images-na.ssl-images-amazon.com/images/I/71ISUMQZO-L._SL1600_.jpg
REV0062550_IMG01,REV0062550,B07GXXT7CG,https://images-na.ssl-images-amazon.com/images/I/612crZE+S1L.jpg
REV0062550_IMG02,REV0062550,B07GXXT7CG,https://images-na.ssl-images-amazon.com/images/I/71Jjisl3WsL.jpg
REV0062572_IMG01,REV0062572,B07CNQ1G25,https://images-na.ssl-images-amazon.com/images/I/711HdOwyaJL._SL1600_.jpg
REV0062572_IMG02,REV0062572,B07CNQ1G25,https://images-na.ssl-images-amazon.com/images/I/818ZV+GnyjL._SL1600_.jpg
REV0062572_IMG03,REV0062572,B07CNQ1G25,https://images-na.ssl-images-amazon.com/images/I/81YRWVPTlkL._SL1600_.jpg
REV0062576_IMG01,REV0062576,B09QCSDKMV,https://m.media-amazon.com/images/I/71qz8safo8L._SL1600_.jpg
REV0062604_IMG01,REV0062604,B0C4LRKXNV,https://images-na.ssl-images-amazon.com/images/I/81cbgbz-FfL._SL1600_.jpg
REV0062629_IMG01,REV0062629,B073PM5CWW,https://images-na.ssl-images-amazon.com/images/I/81YU3hhrAfL._SL1600_.jpg
REV0062629_IMG02,REV0062629,B073PM5CWW,https://m.media-amazon.com/images/I/51WXmJgoT6L._SL1600_.jpg
REV0062629_IMG03,REV0062629,B073PM5CWW,https://m.media-amazon.com/images/I/61DgCOyLT7L._SL1600_.jpg
REV0062662_IMG01,REV0062662,B0BX9GK3PB,https://m.media-amazon.com/images/I/711lSwEl3iL._SL1600_.jpg
REV0062662_IMG02,REV0062662,B0BX9GK3PB,https://m.media-amazon.com/images/I/71YCxEeiJxL._SL1600_.jpg
REV0062672_IMG01,REV0062672,B0B1TMRL83,https://m.media-amazon.com/images/I/716avk2sbHL._SL1600_.jpg
REV0062672_IMG02,REV0062672,B0B1TMRL83,https://m.media-amazon.com/images/I/71CR04RoB0L._SL1600_.jpg
REV0062672_IMG03,REV0062672,B0B1TMRL83,https://m.media-amazon.com/images/I/71NouF3YXrL._SL1600_.jpg
REV0062672_IMG04,REV0062672,B0B1TMRL83,https://m.media-amazon.com/images/I/71XQYdoCQVL._SL1600_.jpg
REV0062672_IMG05,REV0062672,B0B1TMRL83,https://m.media-amazon.com/images/I/81HFJbvoXkL._SL1600_.jpg
REV0062678_IMG01,REV0062678,B087PJ2392,https://images-na.ssl-images-amazon.com/images/I/61srelZruDL.jpg
REV0062684_IMG01,REV0062684,B07RDQLKWQ,https://m.media-amazon.com/images/I/61FvGYN1mqL._SL1600_.jpg
REV0062720_IMG01,REV0062720,B07S1F9TKX,https://images-na.ssl-images-amazon.com/images/I/81R1p52PmgL._SL1600_.jpg
REV0062728_IMG01,REV0062728,B087199LKT,https://images-na.ssl-images-amazon.com/images/I/B1XLl948TJS._SL1600_.jpg
REV0062757_IMG01,REV0062757,B08DBVYJPZ,https://images-na.ssl-images-amazon.com/images/I/81DOJYx+-qL._SL1600_.jpg
REV0062757_IMG02,REV0062757,B08DBVYJPZ,https://images-na.ssl-images-amazon.com/images/I/81QWG48vldL._SL1600_.jpg
REV0062767_IMG01,REV0062767,B085NL55DK,https://m.media-amazon.com/images/I/71V5Rk3vqwL._SL1600_.jpg
REV0062791_IMG01,REV0062791,B07VFQ438P,https://images-na.ssl-images-amazon.com/images/I/81-zMOploVL._SL1600_.jpg
REV0062791_IMG02,REV0062791,B07VFQ438P,https://images-na.ssl-images-amazon.com/images/I/81VP-nrsoWL._SL1600_.jpg
REV0062796_IMG01,REV0062796,B081SZVR5K,https://m.media-amazon.com/images/I/81aZQVjwliL._SL1600_.jpg
REV0062853_IMG01,REV0062853,B09X69P5YZ,https://images-na.ssl-images-amazon.com/images/I/B14eD-CPkLS._SL1600_.jpg
REV0062853_IMG02,REV0062853,B09X69P5YZ,https://images-na.ssl-images-amazon.com/images/I/B1PZHfkcYMS._SL1600_.jpg
REV0062853_IMG03,REV0062853,B09X69P5YZ,https://images-na.ssl-images-amazon.com/images/I/B1XYv6xetgS._SL1600_.jpg
REV0062853_IMG04,REV0062853,B09X69P5YZ,https://images-na.ssl-images-amazon.com/images/I/B1Yccq7FWsS._SL1600_.jpg
REV0062853_IMG05,REV0062853,B09X69P5YZ,https://images-na.ssl-images-amazon.com/images/I/B1aYgq-9jFS._SL1600_.jpg
REV0062853_IMG06,REV0062853,B09X69P5YZ,https://images-na.ssl-images-amazon.com/images/I/B1jCv-PRgdS._SL1600_.jpg
REV0062910_IMG01,REV0062910,B009SANIDO,https://images-na.ssl-images-amazon.com/images/I/71Rbp+kGWQL.jpg
REV0062911_IMG01,REV0062911,B0C9TTZW3K,https://m.media-amazon.com/images/I/71rU6YVwT1L._SL1600_.jpg
REV0062972_IMG01,REV0062972,B0979CJM45,https://m.media-amazon.com/images/I/51jSXi39-qL._SL1600_.jpg
REV0062972_IMG02,REV0062972,B0979CJM45,https://m.media-amazon.com/images/I/61C5PzahZ4L._SL1600_.jpg
REV0062972_IMG03,REV0062972,B0979CJM45,https://m.media-amazon.com/images/I/61wP2NGw1fL._SL1600_.jpg
REV0063007_IMG01,REV0063007,B08RXQNDGF,https://images-na.ssl-images-amazon.com/images/I/718rGaRYbyL._SL1600_.jpg
REV0063007_IMG02,REV0063007,B08RXQNDGF,https://images-na.ssl-images-amazon.com/images/I/71ao9jLUgsL._SL1600_.jpg
REV0063017_IMG01,REV0063017,B0BDXKSHY1,https://m.media-amazon.com/images/I/71i8n9CHkqL._SL1600_.jpg
REV0063034_IMG01,REV0063034,B0B1ZLCCL3,https://images-na.ssl-images-amazon.com/images/I/71tGKAhie1L.jpg
REV0063034_IMG02,REV0063034,B0B1ZLCCL3,https://images-na.ssl-images-amazon.com/images/I/81wryyj7ovL.jpg
REV0063038_IMG01,REV0063038,B07FTGJNRP,https://images-na.ssl-images-amazon.com/images/I/3189V1OKVtL._SL1600_.jpg
REV0063053_IMG01,REV0063053,B09VTZ54J7,https://images-na.ssl-images-amazon.com/images/I/61AJEOygPDL._SL1600_.jpg
REV0063053_IMG02,REV0063053,B09VTZ54J7,https://images-na.ssl-images-amazon.com/images/I/61m4lhrzLoL._SL1600_.jpg
REV0063101_IMG01,REV0063101,B09TL8ZPQM,https://m.media-amazon.com/images/I/61U9ZpcrKjL._SL1600_.jpg
REV0063102_IMG01,REV0063102,B08R8KMZQC,https://images-na.ssl-images-amazon.com/images/I/C123vFJX-ZS._SL1600_.jpg
REV0063119_IMG01,REV0063119,B08FR9GGV3,https://images-na.ssl-images-amazon.com/images/I/B1JUDgnW44S._SL1600_.jpg
REV0063119_IMG02,REV0063119,B08FR9GGV3,https://images-na.ssl-images-amazon.com/images/I/B1mPtKFM7pS._SL1600_.jpg
REV0063155_IMG01,REV0063155,B07RNJY499,https://images-na.ssl-images-amazon.com/images/I/61cLaYxskOL.jpg
REV0063194_IMG01,REV0063194,B08F79JX26,https://m.media-amazon.com/images/I/618bheupsQL._SL1600_.jpg
REV0063194_IMG02,REV0063194,B08F79JX26,https://m.media-amazon.com/images/I/61IytTITpmL._SL1600_.jpg
REV0063217_IMG01,REV0063217,B0C65CKXKK,https://m.media-amazon.com/images/I/61hrFtry3fL._SL1600_.jpg
REV0063232_IMG01,REV0063232,B0BTY63SFY,https://images-na.ssl-images-amazon.com/images/I/71DNDZNFNDL.jpg
REV0063232_IMG02,REV0063232,B0BTY63SFY,https://images-na.ssl-images-amazon.com/images/I/71GJL4QD-vL.jpg
REV0063232_IMG03,REV0063232,B0BTY63SFY,https://images-na.ssl-images-amazon.com/images/I/71sJVeWomsL.jpg
REV0063235_IMG01,REV0063235,B0BHVB8BF4,https://images-na.ssl-images-amazon.com/images/I/C131KDQw1sS._SL1600_.jpg
REV0063253_IMG01,REV0063253,B09GMWWMHD,https://images-na.ssl-images-amazon.com/images/I/71rAOM8pJjL.jpg
REV0063309_IMG01,REV0063309,B0833D34NH,https://images-na.ssl-images-amazon.com/images/I/61w-HN4RaGL.jpg
REV0063357_IMG01,REV0063357,B07NVJP82G,https://m.media-amazon.com/images/I/710+ToUKQ0L._SL1600_.jpg
REV0063381_IMG01,REV0063381,B00JVTQHVC,https://m.media-amazon.com/images/I/81G4lpEzoJL._SL1600_.jpg
REV0063385_IMG01,REV0063385,B0198ZXHEI,https://images-na.ssl-images-amazon.com/images/I/61SbuEjVyJL.jpg
REV0063385_IMG02,REV0063385,B0198ZXHEI,https://images-na.ssl-images-amazon.com/images/I/71Wl0J6bQJL.jpg
REV0063398_IMG01,REV0063398,B0C69HCVRM,https://m.media-amazon.com/images/I/81QXJEMu1IL._SL1600_.jpg
REV0063437_IMG01,REV0063437,B08MYNGC1Q,https://images-na.ssl-images-amazon.com/images/I/81TUIASoA2L._SL1600_.jpg
REV0063451_IMG01,REV0063451,B097BBJCX8,https://images-na.ssl-images-amazon.com/images/I/71LRu-8vQtL._SL1600_.jpg
REV0063451_IMG02,REV0063451,B097BBJCX8,https://images-na.ssl-images-amazon.com/images/I/71RoeijxNML._SL1600_.jpg
REV0063451_IMG03,REV0063451,B097BBJCX8,https://images-na.ssl-images-amazon.com/images/I/71q-DobJc9L._SL1600_.jpg
REV0063490_IMG01,REV0063490,B001TH7GZU,https://images-na.ssl-images-amazon.com/images/I/7123wi1tesL.jpg
REV0063492_IMG01,REV0063492,B08GNHQ165,https://images-na.ssl-images-amazon.com/images/I/81opuJHYGZL._SL1600_.jpg
REV0063495_IMG01,REV0063495,B074PNJVF6,https://images-na.ssl-images-amazon.com/images/I/71tz8HUHleL.jpg
REV0063515_IMG01,REV0063515,B01E4RUUQI,https://images-na.ssl-images-amazon.com/images/I/61mTo1WJvfL._SL1600_.jpg
REV0063521_IMG01,REV0063521,B07RNJY499,https://images-na.ssl-images-amazon.com/images/I/710Ox7Z3StL.jpg
REV0063521_IMG02,REV0063521,B07RNJY499,https://images-na.ssl-images-amazon.com/images/I/71Z1+aeTZwL.jpg
REV0063521_IMG03,REV0063521,B07RNJY499,https://images-na.ssl-images-amazon.com/images/I/81-jhpfDyTL.jpg
REV0063526_IMG01,REV0063526,B08ZHD696S,https://images-na.ssl-images-amazon.com/images/I/713ZILwC9KL.jpg
REV0063551_IMG01,REV0063551,B008B7W40S,https://images-na.ssl-images-amazon.com/images/I/81bXnpTFE6L.jpg
REV0063571_IMG01,REV0063571,B0B21BBZRF,https://m.media-amazon.com/images/I/71gLV0N1KGL._SL1600_.jpg
REV0063635_IMG01,REV0063635,B08F3K9X1X,https://images-na.ssl-images-amazon.com/images/I/71YT8hFiUCL.jpg
REV0063674_IMG01,REV0063674,B00CDQZR3O,https://m.media-amazon.com/images/I/51W0BTXN8uL._SL1600_.jpg
REV0063674_IMG02,REV0063674,B00CDQZR3O,https://m.media-amazon.com/images/I/61-CQK96BHL._SL1600_.jpg
REV0063674_IMG03,REV0063674,B00CDQZR3O,https://m.media-amazon.com/images/I/6135TtkT4FL._SL1600_.jpg
REV0063674_IMG04,REV0063674,B00CDQZR3O,https://m.media-amazon.com/images/I/618AR2RYMiL._SL1600_.jpg
REV0063674_IMG05,REV0063674,B00CDQZR3O,https://m.media-amazon.com/images/I/61Oh3-HKtnL._SL1600_.jpg
REV0063674_IMG06,REV0063674,B00CDQZR3O,https://m.media-amazon.com/images/I/61b3EBIjAqL._SL1600_.jpg
REV0063674_IMG07,REV0063674,B00CDQZR3O,https://m.media-amazon.com/images/I/61yZB3Kp7HL._SL1600_.jpg
REV0063674_IMG08,REV0063674,B00CDQZR3O,https://m.media-amazon.com/images/I/61zXdUjOKkL._SL1600_.jpg
REV0063674_IMG09,REV0063674,B00CDQZR3O,https://m.media-amazon.com/images/I/71ttAnUkY0L._SL1600_.jpg
REV0063683_IMG01,REV0063683,B09W5PBYKD,https://m.media-amazon.com/images/I/71BE59ydXdL._SL1600_.jpg
REV0063683_IMG02,REV0063683,B09W5PBYKD,https://m.media-amazon.com/images/I/71QWi8PKggL._SL1600_.jpg
REV0063686_IMG01,REV0063686,B0BKSCJFXH,https://m.media-amazon.com/images/I/71vjyAoYgKL._SL1600_.jpg
REV0063702_IMG01,REV0063702,B09W9MGV8G,https://m.media-amazon.com/images/I/71FoT6amVbL._SL1600_.jpg
REV0063702_IMG02,REV0063702,B09W9MGV8G,https://m.media-amazon.com/images/I/71esf98fV-L._SL1600_.jpg
REV0063723_IMG01,REV0063723,B0BTBTK796,https://images-na.ssl-images-amazon.com/images/I/61Avp4-6muL._SL1600_.jpg
REV0063723_IMG02,REV0063723,B0BTBTK796,https://images-na.ssl-images-amazon.com/images/I/61vNGblvZGL._SL1600_.jpg
REV0063736_IMG01,REV0063736,B013TINE4S,https://images-na.ssl-images-amazon.com/images/I/61KWkc62eSL.jpg
REV0063748_IMG01,REV0063748,B07YHLD8XF,https://m.media-amazon.com/images/I/61Xb0vocmYL._SL1600_.jpg
REV0063762_IMG01,REV0063762,B09G76121T,https://m.media-amazon.com/images/I/71vtjwA9FFL._SL1600_.jpg
REV0063820_IMG01,REV0063820,B08NCYZXW6,https://m.media-amazon.com/images/I/71lQQzBbnML._SL1600_.jpg
REV0063821_IMG01,REV0063821,B079VRJTM6,https://images-na.ssl-images-amazon.com/images/I/614U45Ma0CL._SL1600_.jpg
REV0063821_IMG02,REV0063821,B079VRJTM6,https://images-na.ssl-images-amazon.com/images/I/618EhZR3JgL._SL1600_.jpg
REV0063843_IMG01,REV0063843,B084KZSRSV,https://m.media-amazon.com/images/I/71wX+C8xxJL._SL1600_.jpg
REV0063856_IMG01,REV0063856,B01ETRQB4I,https://images-na.ssl-images-amazon.com/images/I/61KU0aQpnIL.jpg
REV0063856_IMG02,REV0063856,B01ETRQB4I,https://images-na.ssl-images-amazon.com/images/I/71Fidv+yj0L.jpg
REV0063856_IMG03,REV0063856,B01ETRQB4I,https://images-na.ssl-images-amazon.com/images/I/71tgeEaSCKL.jpg
REV0063870_IMG01,REV0063870,B09MFLYN2V,https://m.media-amazon.com/images/I/61IYAe25oWL._SL1600_.jpg
REV0063875_IMG01,REV0063875,B081TLZFK8,https://m.media-amazon.com/images/I/71sKnS+8CFL._SL1600_.jpg
REV0063887_IMG01,REV0063887,B09YV4R5ZC,https://images-na.ssl-images-amazon.com/images/I/71Hx2D-63wL.jpg
REV0063891_IMG01,REV0063891,B09CPXDXRR,https://m.media-amazon.com/images/I/61VN56i4ysL._SL1600_.jpg
REV0063897_IMG01,REV0063897,B0C5QVQVRD,https://images-na.ssl-images-amazon.com/images/I/71N310798qL._SL1600_.jpg
REV0063897_IMG02,REV0063897,B0C5QVQVRD,https://images-na.ssl-images-amazon.com/images/I/81EcjJQPghL._SL1600_.jpg
REV0063899_IMG01,REV0063899,B0CB8Y7Q5T,https://images-na.ssl-images-amazon.com/images/I/C1P1ZUOyvHS._SL1600_.jpg
REV0063928_IMG01,REV0063928,B01J0I0TQM,https://images-na.ssl-images-amazon.com/images/I/61Fzl98UJ-L.jpg
REV0063928_IMG02,REV0063928,B01J0I0TQM,https://images-na.ssl-images-amazon.com/images/I/61WCI5C+TAL.jpg
REV0063928_IMG03,REV0063928,B01J0I0TQM,https://images-na.ssl-images-amazon.com/images/I/71U7evJMOUL.jpg
REV0063965_IMG01,REV0063965,B07HJH4MW5,https://m.media-amazon.com/images/I/61JPKladFVL._SL1600_.jpg
REV0063965_IMG02,REV0063965,B07HJH4MW5,https://m.media-amazon.com/images/I/61NC6SB4tHL._SL1600_.jpg
REV0063969_IMG01,REV0063969,B0C34QCZW5,https://m.media-amazon.com/images/I/619S4xLupaL._SL1600_.jpg
REV0063969_IMG02,REV0063969,B0C34QCZW5,https://m.media-amazon.com/images/I/61Bkwd-YTeL._SL1600_.jpg
REV0063969_IMG03,REV0063969,B0C34QCZW5,https://m.media-amazon.com/images/I/61GUoHaLFSL._SL1600_.jpg
REV0063977_IMG01,REV0063977,B07VV4SDV1,https://m.media-amazon.com/images/I/818KedaDJpL._SL1600_.jpg
REV0063983_IMG01,REV0063983,B07P98DSN4,https://images-na.ssl-images-amazon.com/images/I/61-JroU9NyL.jpg
REV0063983_IMG02,REV0063983,B07P98DSN4,https://images-na.ssl-images-amazon.com/images/I/71WdBtn2vZL.jpg
REV0063998_IMG01,REV0063998,B08PCWTT4X,https://images-na.ssl-images-amazon.com/images/I/81K5m9ahjfL._SL1600_.jpg
REV0064056_IMG01,REV0064056,B081K4Q6KQ,https://images-na.ssl-images-amazon.com/images/I/C1LlkQ3LsyS._SL1600_.jpg
REV0064056_IMG02,REV0064056,B081K4Q6KQ,https://images-na.ssl-images-amazon.com/images/I/C1nyvVsabqS._SL1600_.jpg
REV0064065_IMG01,REV0064065,B07WTXWC32,https://images-na.ssl-images-amazon.com/images/I/619fd32TDJL._SL1600_.jpg
REV0064079_IMG01,REV0064079,B087927R4Q,https://m.media-amazon.com/images/I/71F-WnaMndL._SL1600_.jpg
REV0064094_IMG01,REV0064094,B07RH9ML71,https://m.media-amazon.com/images/I/81dmlSfd8AL._SL1600_.jpg
REV0064152_IMG01,REV0064152,B07PY1TF57,https://m.media-amazon.com/images/I/615xQYTDkAL._SL1600_.jpg
REV0064152_IMG02,REV0064152,B07PY1TF57,https://m.media-amazon.com/images/I/71QyvLDs2tL._SL1600_.jpg
REV0064156_IMG01,REV0064156,B07L9H5J23,https://m.media-amazon.com/images/I/61vHQuZ2dbL._SL1600_.jpg
REV0064157_IMG01,REV0064157,B0C4FQ2X2M,https://m.media-amazon.com/images/I/613DNIgnErL._SL1600_.jpg
REV0064176_IMG01,REV0064176,B003BIGD72,https://m.media-amazon.com/images/I/51Ae-DJLLvL._SL1600_.jpg
REV0064176_IMG02,REV0064176,B003BIGD72,https://m.media-amazon.com/images/I/61GeponMFpL._SL1600_.jpg
REV0064176_IMG03,REV0064176,B003BIGD72,https://m.media-amazon.com/images/I/61PYk5FqoDL._SL1600_.jpg
REV0064179_IMG01,REV0064179,B0C4T6G356,https://images-na.ssl-images-amazon.com/images/I/71EilzgOoCL._SL1600_.jpg
REV0064207_IMG01,REV0064207,B095C631K8,https://m.media-amazon.com/images/I/718Bngt0GBL._SL1600_.jpg
REV0064207_IMG02,REV0064207,B095C631K8,https://m.media-amazon.com/images/I/71WCelU71DL._SL1600_.jpg
REV0064207_IMG03,REV0064207,B095C631K8,https://m.media-amazon.com/images/I/71xw4tCBm5L._SL1600_.jpg
REV0064207_IMG04,REV0064207,B095C631K8,https://m.media-amazon.com/images/I/81Vgqw7du7L._SL1600_.jpg
REV0064349_IMG01,REV0064349,B075D645W6,https://m.media-amazon.com/images/I/81s7A8o0AuL._SL1600_.jpg
REV0064355_IMG01,REV0064355,B08PCWTT4X,https://images-na.ssl-images-amazon.com/images/I/41jsK8YVJ7L._SL1600_.jpg
REV0064366_IMG01,REV0064366,B01BJ6GE5I,https://images-na.ssl-images-amazon.com/images/I/71VqQXOkOvL.jpg
REV0064377_IMG01,REV0064377,B00ECX0BQ4,https://images-na.ssl-images-amazon.com/images/I/719+jkAG-CL.jpg
REV0064411_IMG01,REV0064411,B09BJV21SF,https://m.media-amazon.com/images/I/71PrCV8uUQL._SL1600_.jpg
REV0064411_IMG02,REV0064411,B09BJV21SF,https://m.media-amazon.com/images/I/71svm4eA2+L._SL1600_.jpg
REV0064414_IMG01,REV0064414,B083PWDFTS,https://images-na.ssl-images-amazon.com/images/I/61m0cmDXTsL._SL1600_.jpg
REV0064421_IMG01,REV0064421,B08GSHNXST,https://images-na.ssl-images-amazon.com/images/I/71J081ZZzUL._SL1600_.jpg
REV0064422_IMG01,REV0064422,B082W732T2,https://m.media-amazon.com/images/I/71PvvT-UOtL._SL1600_.jpg
REV0064422_IMG02,REV0064422,B082W732T2,https://m.media-amazon.com/images/I/71zOgP2y8DL._SL1600_.jpg
REV0064441_IMG01,REV0064441,B08PCWTT4X,https://images-na.ssl-images-amazon.com/images/I/71z5SmqsmaL.jpg
REV0064459_IMG01,REV0064459,B0B9H5NZRD,https://images-na.ssl-images-amazon.com/images/I/81k9rzAZxFL._SL1600_.jpg
REV0064484_IMG01,REV0064484,B083G9MFKM,https://images-na.ssl-images-amazon.com/images/I/71bcMqL0acL.jpg
REV0064484_IMG02,REV0064484,B083G9MFKM,https://images-na.ssl-images-amazon.com/images/I/71ndRwSV3xL.jpg
REV0064501_IMG01,REV0064501,B079S38XXP,https://m.media-amazon.com/images/I/71hAsvJNxVL._SL1600_.jpg
REV0064501_IMG02,REV0064501,B079S38XXP,https://m.media-amazon.com/images/I/71uVx1-uhgL._SL1600_.jpg
REV0064512_IMG01,REV0064512,B0B6FHBYTR,https://m.media-amazon.com/images/I/71y9NjHMn0L._SL1600_.jpg
REV0064541_IMG01,REV0064541,B00AMF8HF8,https://images-na.ssl-images-amazon.com/images/I/716Qeib98iL._SL1600_.jpg
REV0064541_IMG02,REV0064541,B00AMF8HF8,https://images-na.ssl-images-amazon.com/images/I/71UM-to6LNL._SL1600_.jpg
REV0064541_IMG03,REV0064541,B00AMF8HF8,https://images-na.ssl-images-amazon.com/images/I/71g-MTRew4L._SL1600_.jpg
REV0064541_IMG04,REV0064541,B00AMF8HF8,https://images-na.ssl-images-amazon.com/images/I/71ktvI-YbSL._SL1600_.jpg
REV0064554_IMG01,REV0064554,B078X1Y73X,https://images-na.ssl-images-amazon.com/images/I/61xoAgGSUzL.jpg
REV0064576_IMG01,REV0064576,B07C1BVGLL,https://m.media-amazon.com/images/I/61UZvvcKkNL._SL1600_.jpg
REV0064577_IMG01,REV0064577,B07LG8QYFW,https://m.media-amazon.com/images/I/611O9I2g44L._SL1600_.jpg
REV0064577_IMG02,REV0064577,B07LG8QYFW,https://m.media-amazon.com/images/I/61SrJQa3-bL._SL1600_.jpg
REV0064577_IMG03,REV0064577,B07LG8QYFW,https://m.media-amazon.com/images/I/71VlyCRapCL._SL1600_.jpg
REV0064606_IMG01,REV0064606,B000CMFKOC,https://images-na.ssl-images-amazon.com/images/I/71qNQcgZUuL.jpg
REV0064654_IMG01,REV0064654,B08QMYX4FZ,https://m.media-amazon.com/images/I/710ZIaZE0GL._SL1600_.jpg
REV0064689_IMG01,REV0064689,B07H8QHD1N,https://images-na.ssl-images-amazon.com/images/I/71beLWGnvhL.jpg
REV0064697_IMG01,REV0064697,B08MQT4B5K,https://m.media-amazon.com/images/I/71Mb7AVZqhL._SL1600_.jpg
REV0064768_IMG01,REV0064768,B08BPDTL1H,https://images-na.ssl-images-amazon.com/images/I/713z1y00oxL._SL1600_.jpg
REV0064768_IMG02,REV0064768,B08BPDTL1H,https://images-na.ssl-images-amazon.com/images/I/71HD3KP7+1L._SL1600_.jpg
REV0064768_IMG03,REV0064768,B08BPDTL1H,https://images-na.ssl-images-amazon.com/images/I/71TuNQEhWzL._SL1600_.jpg
REV0064776_IMG01,REV0064776,B077J36QWM,https://images-na.ssl-images-amazon.com/images/I/71jG9e7iXiL.jpg
REV0064790_IMG01,REV0064790,B00W0WYQZ6,https://images-na.ssl-images-amazon.com/images/I/41R177YndZL._SL1600_.jpg
REV0064790_IMG02,REV0064790,B00W0WYQZ6,https://images-na.ssl-images-amazon.com/images/I/41fyVXwQeEL._SL1600_.jpg
REV0064804_IMG01,REV0064804,B07QC7JRDP,https://images-na.ssl-images-amazon.com/images/I/71nel0yVoiL.jpg
REV0064879_IMG01,REV0064879,B07NDTJF8S,https://images-na.ssl-images-amazon.com/images/I/71KkKnjMkCL.jpg
REV0064920_IMG01,REV0064920,B08NB5VNC6,https://m.media-amazon.com/images/I/71SkRIXF02L._SL1600_.jpg
REV0064926_IMG01,REV0064926,B09YC8YCV6,https://images-na.ssl-images-amazon.com/images/I/61Rch8g8J5L.jpg
REV0064930_IMG01,REV0064930,B00IKMWQMK,https://images-na.ssl-images-amazon.com/images/I/819uw8uuHOL._SL1600_.jpg
REV0064956_IMG01,REV0064956,B07M8JMYHQ,https://images-na.ssl-images-amazon.com/images/I/610nMhFgoRL.jpg
REV0064956_IMG02,REV0064956,B07M8JMYHQ,https://images-na.ssl-images-amazon.com/images/I/61a-f-5eb1L.jpg
REV0064995_IMG01,REV0064995,B088661L4F,https://m.media-amazon.com/images/I/71XfrNSSbtL._SL1600_.jpg
REV0064995_IMG02,REV0064995,B088661L4F,https://m.media-amazon.com/images/I/71sSIs1WAKL._SL1600_.jpg
REV0065002_IMG01,REV0065002,B093DHTQXL,https://images-na.ssl-images-amazon.com/images/I/61gg0qeeeyL._SL1600_.jpg
REV0065014_IMG01,REV0065014,B076QPN519,https://images-na.ssl-images-amazon.com/images/I/B12O-O9ynTS._SL1600_.jpg
REV0065014_IMG02,REV0065014,B076QPN519,https://images-na.ssl-images-amazon.com/images/I/B16Uc2uRW0S._SL1600_.jpg
REV0065014_IMG03,REV0065014,B076QPN519,https://images-na.ssl-images-amazon.com/images/I/B1RtcqY2BkS._SL1600_.jpg
REV0065085_IMG01,REV0065085,B0C4LRKXNV,https://m.media-amazon.com/images/I/617p17Q53CL._SL1600_.jpg
REV0065085_IMG02,REV0065085,B0C4LRKXNV,https://m.media-amazon.com/images/I/71GsMcPRUTL._SL1600_.jpg
REV0065091_IMG01,REV0065091,B0BQCCS7GM,https://m.media-amazon.com/images/I/617xeJTaWML._SL1600_.jpg
REV0065122_IMG01,REV0065122,B081GPP7VK,https://images-na.ssl-images-amazon.com/images/I/91mnoE20BPL._SL1600_.jpg
REV0065188_IMG01,REV0065188,B0BHVB8BF4,https://images-na.ssl-images-amazon.com/images/I/711k+LlkIRL.jpg
REV0065188_IMG02,REV0065188,B0BHVB8BF4,https://images-na.ssl-images-amazon.com/images/I/71iaEbC10OL.jpg
REV0065189_IMG01,REV0065189,B0B18V23YR,https://m.media-amazon.com/images/I/614cLKTzuzL._SL1600_.jpg
REV0065189_IMG02,REV0065189,B0B18V23YR,https://m.media-amazon.com/images/I/71RLN92LthL._SL1600_.jpg
REV0065203_IMG01,REV0065203,B01ALBMIEI,https://images-na.ssl-images-amazon.com/images/I/61xiciG5itL.jpg
REV0065224_IMG01,REV0065224,B09ZHKRQCL,https://images-na.ssl-images-amazon.com/images/I/71jaOFRdCFL._SL1600_.jpg
REV0065292_IMG01,REV0065292,B079PN8CS2,https://m.media-amazon.com/images/I/C1H-1qqGUaS._SL1600_.jpg
REV0065318_IMG01,REV0065318,B07Y9Q3JQ5,https://m.media-amazon.com/images/I/711tPMGA7xL._SL1600_.jpg
REV0065468_IMG01,REV0065468,B09J3MFWWJ,https://m.media-amazon.com/images/I/71tNyATzojL._SL1600_.jpg
REV0065482_IMG01,REV0065482,B09LR4TSPK,https://images-na.ssl-images-amazon.com/images/I/71EDG1bQwIL.jpg
REV0065553_IMG01,REV0065553,B0792KCGYF,https://m.media-amazon.com/images/I/81VOG-jw5HL._SL1600_.jpg
REV0065638_IMG01,REV0065638,B098LH9VBT,https://m.media-amazon.com/images/I/61ye1sxyIYL._SL1600_.jpg
REV0065641_IMG01,REV0065641,B01N75LD14,https://images-na.ssl-images-amazon.com/images/I/51Fy1TKkWpL._SL1600_.jpg
REV0065641_IMG02,REV0065641,B01N75LD14,https://images-na.ssl-images-amazon.com/images/I/51NS81Ja30L._SL1600_.jpg
REV0065641_IMG03,REV0065641,B01N75LD14,https://images-na.ssl-images-amazon.com/images/I/51hDMoR97oL._SL1600_.jpg
REV0065703_IMG01,REV0065703,B01ARKQS44,https://m.media-amazon.com/images/I/61Hgbjm2WzL._SL1600_.jpg
REV0065703_IMG02,REV0065703,B01ARKQS44,https://m.media-amazon.com/images/I/61lkg3GvKsL._SL1600_.jpg
REV0065711_IMG01,REV0065711,B09W5PBYKD,https://m.media-amazon.com/images/I/716vTNdR7iL._SL1600_.jpg
REV0065711_IMG02,REV0065711,B09W5PBYKD,https://m.media-amazon.com/images/I/71I9MzlR6FL._SL1600_.jpg
REV0065747_IMG01,REV0065747,B07T75L88B,https://m.media-amazon.com/images/I/71M8BRiX9QL._SL1600_.jpg
REV0065761_IMG01,REV0065761,B01FF19OU0,https://images-na.ssl-images-amazon.com/images/I/71RB0dGkCNL.jpg
REV0065761_IMG02,REV0065761,B01FF19OU0,https://images-na.ssl-images-amazon.com/images/I/71VNQoFnvWL.jpg
REV0065761_IMG03,REV0065761,B01FF19OU0,https://images-na.ssl-images-amazon.com/images/I/71WFlVnm33L.jpg
REV0065761_IMG04,REV0065761,B01FF19OU0,https://images-na.ssl-images-amazon.com/images/I/71WY6TlTg2L.jpg
REV0065761_IMG05,REV0065761,B01FF19OU0,https://images-na.ssl-images-amazon.com/images/I/71ktA4Mce0L.jpg
REV0065761_IMG06,REV0065761,B01FF19OU0,https://images-na.ssl-images-amazon.com/images/I/71nrkqfGaEL.jpg
REV0065786_IMG01,REV0065786,B07CYNWTXK,https://images-na.ssl-images-amazon.com/images/I/71+u3Tq13eL.jpg
REV0065786_IMG02,REV0065786,B07CYNWTXK,https://images-na.ssl-images-amazon.com/images/I/717LMde-N7L.jpg
REV0065786_IMG03,REV0065786,B07CYNWTXK,https://images-na.ssl-images-amazon.com/images/I/71kzLvJ709L._SL1600_.jpg
REV0065797_IMG01,REV0065797,B07B94ZR74,https://m.media-amazon.com/images/I/51jV5PIL-GL._SL1600_.jpg
REV0065797_IMG02,REV0065797,B07B94ZR74,https://m.media-amazon.com/images/I/6122dSLmerL._SL1600_.jpg
REV0065797_IMG03,REV0065797,B07B94ZR74,https://m.media-amazon.com/images/I/61IgD63ElkL._SL1600_.jpg
REV0065797_IMG04,REV0065797,B07B94ZR74,https://m.media-amazon.com/images/I/61qWsHhIhRL._SL1600_.jpg
REV0065809_IMG01,REV0065809,B07WTXWC32,https://m.media-amazon.com/images/I/717Ef8SOhrL._SL1600_.jpg
REV0065809_IMG02,REV0065809,B07WTXWC32,https://m.media-amazon.com/images/I/71ACuiSRS+L._SL1600_.jpg
REV0065809_IMG03,REV0065809,B07WTXWC32,https://m.media-amazon.com/images/I/81WaTCAxEcL._SL1600_.jpg
REV0065810_IMG01,REV0065810,B09NJJ1V1Y,https://m.media-amazon.com/images/I/81A635Le7FL._SL1600_.jpg
REV0065847_IMG01,REV0065847,B085R91V61,https://images-na.ssl-images-amazon.com/images/I/61TRYWSOk8L._SL1600_.jpg
REV0065886_IMG01,REV0065886,B09JWYL8DW,https://m.media-amazon.com/images/I/81kA+sgDKaL._SL1600_.jpg
REV0065965_IMG01,REV0065965,B07MPWR2R4,https://images-na.ssl-images-amazon.com/images/I/913axcuQ6SL._SL1600_.jpg
REV0065965_IMG02,REV0065965,B07MPWR2R4,https://images-na.ssl-images-amazon.com/images/I/91IEtcunSXL._SL1600_.jpg
REV0065965_IMG03,REV0065965,B07MPWR2R4,https://images-na.ssl-images-amazon.com/images/I/91PlYLxw4SL._SL1600_.jpg
REV0065992_IMG01,REV0065992,B00UXG4WR8,https://images-na.ssl-images-amazon.com/images/I/51NGpZK99zL._SL1600_.jpg
REV0066024_IMG01,REV0066024,B07D7JR5Q5,https://images-na.ssl-images-amazon.com/images/I/C1OqIjvq9FS._SL1600_.jpg
REV0066026_IMG01,REV0066026,B081K4Q6KQ,https://m.media-amazon.com/images/I/71e3q-+8r6L._SL1600_.jpg
REV0066034_IMG01,REV0066034,B08M5G8MQN,https://images-na.ssl-images-amazon.com/images/I/811cIzUrzFL._SL1600_.jpg
REV0066034_IMG02,REV0066034,B08M5G8MQN,https://images-na.ssl-images-amazon.com/images/I/81FUHU0rnBL._SL1600_.jpg
REV0066034_IMG03,REV0066034,B08M5G8MQN,https://images-na.ssl-images-amazon.com/images/I/81so-CspdrL._SL1600_.jpg
REV0066099_IMG01,REV0066099,B008B7W40S,https://images-na.ssl-images-amazon.com/images/I/71LXZkSAzuL.jpg
REV0066131_IMG01,REV0066131,B07WTXWC32,https://m.media-amazon.com/images/I/C122k8uGEZS._SL1600_.jpg
REV0066131_IMG02,REV0066131,B07WTXWC32,https://m.media-amazon.com/images/I/C1xaanH907S._SL1600_.jpg
REV0066136_IMG01,REV0066136,B08Q8ZJQH4,https://images-na.ssl-images-amazon.com/images/I/71nQ+O+QerL.jpg
REV0066173_IMG01,REV0066173,B08BLJYTD4,https://m.media-amazon.com/images/I/61-fT1PDo-L._SL1600_.jpg
REV0066196_IMG01,REV0066196,B07RNJY499,https://images-na.ssl-images-amazon.com/images/I/B1YQIi7q1bS._SL1600_.jpg
REV0066200_IMG01,REV0066200,B087W6KJCZ,https://images-na.ssl-images-amazon.com/images/I/71DZkGBiLIL._SL1600_.jpg
REV0066212_IMG01,REV0066212,B0BY3YQVTS,https://m.media-amazon.com/images/I/81xOjMD2sWL._SL1600_.jpg
REV0066225_IMG01,REV0066225,B0BXT12QCD,https://m.media-amazon.com/images/I/51NfAQL7p5L._SL1600_.jpg
REV0066225_IMG02,REV0066225,B0BXT12QCD,https://m.media-amazon.com/images/I/61coalqKPdL._SL1600_.jpg
REV0066225_IMG03,REV0066225,B0BXT12QCD,https://m.media-amazon.com/images/I/61pzV3PFKoL._SL1600_.jpg
REV0066225_IMG04,REV0066225,B0BXT12QCD,https://m.media-amazon.com/images/I/61uBvyFhHiL._SL1600_.jpg
REV0066225_IMG05,REV0066225,B0BXT12QCD,https://m.media-amazon.com/images/I/61vQXb1V5fL._SL1600_.jpg
REV0066279_IMG01,REV0066279,B0C1NLHKGP,https://m.media-amazon.com/images/I/5175YeZQXjL._SL1600_.jpg
REV0066279_IMG02,REV0066279,B0C1NLHKGP,https://m.media-amazon.com/images/I/71q9yDNVmLL._SL1600_.jpg
REV0066285_IMG01,REV0066285,B0BMPQXGMG,https://images-na.ssl-images-amazon.com/images/I/71tzoh7LzPL.jpg
REV0066338_IMG01,REV0066338,B01ALBMIEI,https://m.media-amazon.com/images/I/71FVwVyuroL._SL1600_.jpg
REV0066338_IMG02,REV0066338,B01ALBMIEI,https://m.media-amazon.com/images/I/81C-MGwxOQL._SL1600_.jpg
REV0066355_IMG01,REV0066355,B01GHWLTC2,https://m.media-amazon.com/images/I/71yryVz7xfL._SL1600_.jpg
REV0066355_IMG02,REV0066355,B01GHWLTC2,https://m.media-amazon.com/images/I/81bcDQRLcaL._SL1600_.jpg
REV0066385_IMG01,REV0066385,B0C5F5TXZM,https://images-na.ssl-images-amazon.com/images/I/61GSVCO8b2L.jpg
REV0066385_IMG02,REV0066385,B0C5F5TXZM,https://images-na.ssl-images-amazon.com/images/I/61H+EiJsWjL.jpg
REV0066427_IMG01,REV0066427,B000IBEYOO,https://images-na.ssl-images-amazon.com/images/I/B1zqGdwYkNS._SL1600_.jpg
REV0066434_IMG01,REV0066434,B0BX3BTN3B,https://m.media-amazon.com/images/I/71gn8MvsyiL._SL1600_.jpg
REV0066546_IMG01,REV0066546,B09WKP246S,https://images-na.ssl-images-amazon.com/images/I/71Q44yVSpwL.jpg
REV0066572_IMG01,REV0066572,B081K4Q6KQ,https://images-na.ssl-images-amazon.com/images/I/711i-LhNbBL.jpg
REV0066572_IMG02,REV0066572,B081K4Q6KQ,https://images-na.ssl-images-amazon.com/images/I/713pfJiXLcL.jpg
REV0066572_IMG03,REV0066572,B081K4Q6KQ,https://images-na.ssl-images-amazon.com/images/I/71SrcGdlaYL.jpg
REV0066572_IMG04,REV0066572,B081K4Q6KQ,https://images-na.ssl-images-amazon.com/images/I/71Tk5tE5GUL.jpg
REV0066591_IMG01,REV0066591,B08WKJRLZH,https://m.media-amazon.com/images/I/71D2jJsWSjL._SL1600_.jpg
REV0066623_IMG01,REV0066623,B09V2518TH,https://m.media-amazon.com/images/I/71O-OjI5kgL._SL1600_.jpg
REV0066623_IMG02,REV0066623,B09V2518TH,https://m.media-amazon.com/images/I/71O42Sg-dUL._SL1600_.jpg
REV0066633_IMG01,REV0066633,B0BW3ZYJQ5,https://m.media-amazon.com/images/I/71VDwLLUySL._SL1600_.jpg
REV0066633_IMG02,REV0066633,B0BW3ZYJQ5,https://m.media-amazon.com/images/I/71VpoSwPHdL._SL1600_.jpg
REV0066647_IMG01,REV0066647,B004XLDZBI,https://images-na.ssl-images-amazon.com/images/I/71zY-KWSskL.jpg
REV0066681_IMG01,REV0066681,B01KYGAUTU,https://images-na.ssl-images-amazon.com/images/I/71MLgb7z-UL.jpg
REV0066683_IMG01,REV0066683,B01JB8LSTS,https://images-na.ssl-images-amazon.com/images/I/71StMHxuqSL.jpg
REV0066683_IMG02,REV0066683,B01JB8LSTS,https://images-na.ssl-images-amazon.com/images/I/71yDqaz9IWL.jpg
REV0066706_IMG01,REV0066706,B0B21BBZRF,https://m.media-amazon.com/images/I/61Xi+4WUsKL._SL1600_.jpg
REV0066751_IMG01,REV0066751,B07WWLDWMP,https://m.media-amazon.com/images/I/61e94NVjg+L._SL1600_.jpg
REV0066752_IMG01,REV0066752,B00IB4BMDQ,https://images-na.ssl-images-amazon.com/images/I/81BZoRNzEXL.jpg
REV0066805_IMG01,REV0066805,B0746FBSBN,https://m.media-amazon.com/images/I/7168p58W3iL._SL1600_.jpg
REV0066812_IMG01,REV0066812,B07QMZL448,https://images-na.ssl-images-amazon.com/images/I/A1vfiiVWstL._SL1600_.jpg
REV0066812_IMG02,REV0066812,B07QMZL448,https://images-na.ssl-images-amazon.com/images/I/B1g1I+JskyS._SL1600_.jpg
REV0066829_IMG01,REV0066829,B08KD8VTW4,https://images-na.ssl-images-amazon.com/images/I/711gR65dC+L.jpg
REV0066868_IMG01,REV0066868,B09TZ43KK7,https://images-na.ssl-images-amazon.com/images/I/811fUFDkqXL.jpg
REV0066870_IMG01,REV0066870,B07854PBL9,https://images-na.ssl-images-amazon.com/images/I/71KdEAlKOXL.jpg
REV0066923_IMG01,REV0066923,B00ULLTQH6,https://images-na.ssl-images-amazon.com/images/I/71nZnE216VL.jpg
REV0066975_IMG01,REV0066975,B07939R4K1,https://m.media-amazon.com/images/I/61jVCZCrUgL._SL1600_.jpg
REV0066976_IMG01,REV0066976,B01ALBMIEI,https://images-na.ssl-images-amazon.com/images/I/715JaUvovSL._SL1600_.jpg
REV0066976_IMG02,REV0066976,B01ALBMIEI,https://images-na.ssl-images-amazon.com/images/I/81Ei+nto8bL.jpg
REV0066976_IMG03,REV0066976,B01ALBMIEI,https://images-na.ssl-images-amazon.com/images/I/81qsO+okIIL.jpg
REV0066997_IMG01,REV0066997,B09YC8YCV6,https://m.media-amazon.com/images/I/41qjY3Cc18L._SL1600_.jpg
REV0066997_IMG02,REV0066997,B09YC8YCV6,https://m.media-amazon.com/images/I/51iJsSztinL._SL1600_.jpg
REV0067034_IMG01,REV0067034,B07GRF4677,https://images-na.ssl-images-amazon.com/images/I/61Q4pYvL0xL.jpg
REV0067034_IMG02,REV0067034,B07GRF4677,https://images-na.ssl-images-amazon.com/images/I/71g4N8dCjBL.jpg
REV0067034_IMG03,REV0067034,B07GRF4677,https://images-na.ssl-images-amazon.com/images/I/71gn+nPpDAL.jpg
REV0067034_IMG04,REV0067034,B07GRF4677,https://images-na.ssl-images-amazon.com/images/I/71u0wATGboL.jpg
REV0067055_IMG01,REV0067055,B00MOCC4UG,https://images-na.ssl-images-amazon.com/images/I/51wopGUU5jL._SL1600_.jpg
REV0067064_IMG01,REV0067064,B08FDC59PB,https://m.media-amazon.com/images/I/7104dpelXEL._SL1600_.jpg
REV0067073_IMG01,REV0067073,B0B36BYTH8,https://m.media-amazon.com/images/I/611OObTkMvL._SL1600_.jpg
REV0067096_IMG01,REV0067096,B081L3W32K,https://m.media-amazon.com/images/I/71jEA+TpxLL._SL1600_.jpg
REV0067102_IMG01,REV0067102,B09WKP246S,https://images-na.ssl-images-amazon.com/images/I/717l7jhQHtL.jpg
REV0067108_IMG01,REV0067108,B0000CF4DJ,https://images-na.ssl-images-amazon.com/images/I/71tbBb9vdzL._SL1600_.jpg
REV0067124_IMG01,REV0067124,B0BV9RQ4WM,https://m.media-amazon.com/images/I/71xM+donduL._SL1600_.jpg
REV0067139_IMG01,REV0067139,B09K7S53MV,https://m.media-amazon.com/images/I/51AtrjMhafL._SL1600_.jpg
REV0067139_IMG02,REV0067139,B09K7S53MV,https://m.media-amazon.com/images/I/61hWvR+h3dL._SL1600_.jpg
REV0067139_IMG03,REV0067139,B09K7S53MV,https://m.media-amazon.com/images/I/71eVnFDhVwL._SL1600_.jpg
REV0067145_IMG01,REV0067145,B075GM5XL8,https://images-na.ssl-images-amazon.com/images/I/71gdTIkL73L._SL1600_.jpg
REV0067145_IMG02,REV0067145,B075GM5XL8,https://images-na.ssl-images-amazon.com/images/I/71uEQ9o6CZL._SL1600_.jpg
REV0067167_IMG01,REV0067167,B0BW96YJ6R,https://m.media-amazon.com/images/I/51j9xmHRVbL._SL1600_.jpg
REV0067167_IMG02,REV0067167,B0BW96YJ6R,https://m.media-amazon.com/images/I/71deiAV47iL._SL1600_.jpg
REV0067167_IMG03,REV0067167,B0BW96YJ6R,https://m.media-amazon.com/images/I/71tbOKDt6LL._SL1600_.jpg
REV0067181_IMG01,REV0067181,B07H3B3278,https://m.media-amazon.com/images/I/51c1WPuWiML._SL1600_.jpg
REV0067181_IMG02,REV0067181,B07H3B3278,https://m.media-amazon.com/images/I/51uYPMCJFfL._SL1600_.jpg
REV0067181_IMG03,REV0067181,B07H3B3278,https://m.media-amazon.com/images/I/614FCTuWVSL._SL1600_.jpg
REV0067181_IMG04,REV0067181,B07H3B3278,https://m.media-amazon.com/images/I/6177w-MPTmL._SL1600_.jpg
REV0067181_IMG05,REV0067181,B07H3B3278,https://m.media-amazon.com/images/I/61LyQpxcMmL._SL1600_.jpg
REV0067181_IMG06,REV0067181,B07H3B3278,https://m.media-amazon.com/images/I/61b-3l4I8uL._SL1600_.jpg
REV0067181_IMG07,REV0067181,B07H3B3278,https://m.media-amazon.com/images/I/61x-Ziod17L._SL1600_.jpg
REV0067181_IMG08,REV0067181,B07H3B3278,https://m.media-amazon.com/images/I/71o0W+FWlQL._SL1600_.jpg
REV0067190_IMG01,REV0067190,B0C58ZBHW5,https://m.media-amazon.com/images/I/6174yDpIz4L._SL1600_.jpg
REV0067208_IMG01,REV0067208,B082RWPSMS,https://m.media-amazon.com/images/I/81FZM-MKgUL._SL1600_.jpg
REV0067208_IMG02,REV0067208,B082RWPSMS,https://m.media-amazon.com/images/I/81jxCSBk2VL._SL1600_.jpg
REV0067208_IMG03,REV0067208,B082RWPSMS,https://m.media-amazon.com/images/I/81rn1jQrkDL._SL1600_.jpg
REV0067208_IMG04,REV0067208,B082RWPSMS,https://m.media-amazon.com/images/I/91hvc1TLhcL._SL1600_.jpg
REV0067235_IMG01,REV0067235,B0B3DB5HTC,https://images-na.ssl-images-amazon.com/images/I/71bRGD9KcyL._SL1600_.jpg
REV0067254_IMG01,REV0067254,B01GXOXMXI,https://m.media-amazon.com/images/I/61CqjqKTP9L._SL1600_.jpg
REV0067297_IMG01,REV0067297,B095VWQSQ1,https://m.media-amazon.com/images/I/51P+52+ZdDL._SL1600_.jpg
REV0067298_IMG01,REV0067298,B0C36XXTMG,https://images-na.ssl-images-amazon.com/images/I/717Sd+n6oUL.jpg
REV0067300_IMG01,REV0067300,B089DMYHQW,https://m.media-amazon.com/images/I/71RZtMpHI6L._SL1600_.jpg
REV0067326_IMG01,REV0067326,B07RZ4MGXR,https://images-na.ssl-images-amazon.com/images/I/B1VBmsY4n3S._SL1600_.jpg
REV0067357_IMG01,REV0067357,B0C4422Q8X,https://m.media-amazon.com/images/I/61cw9CYpNtL._SL1600_.jpg
REV0067367_IMG01,REV0067367,B0BYJ8JYL3,https://m.media-amazon.com/images/I/61aT7U0VIsL._SL1600_.jpg
REV0067367_IMG02,REV0067367,B0BYJ8JYL3,https://m.media-amazon.com/images/I/7180xJr-74L._SL1600_.jpg
REV0067396_IMG01,REV0067396,B09S36KB72,https://m.media-amazon.com/images/I/614TXi7u78L._SL1600_.jpg
REV0067408_IMG01,REV0067408,B08BPDTL1H,https://images-na.ssl-images-amazon.com/images/I/A1RjSSZ7cNL._SL1600_.jpg
REV0067426_IMG01,REV0067426,B08FDC59PB,https://m.media-amazon.com/images/I/612eaBA0l9L._SL1600_.jpg
REV0067429_IMG01,REV0067429,B00AF7U2TW,https://images-na.ssl-images-amazon.com/images/I/71rae5P-Z9L.jpg
REV0067449_IMG01,REV0067449,B08H213R92,https://images-na.ssl-images-amazon.com/images/I/91Bqaqj-ioL._SL1600_.jpg
REV0067471_IMG01,REV0067471,B009AX2PJM,https://images-na.ssl-images-amazon.com/images/I/91FGj7s0u1L._SL1600_.jpg
REV0067509_IMG01,REV0067509,B0BV9RQ4WM,https://m.media-amazon.com/images/I/71O8sGm3ioL._SL1600_.jpg
REV0067509_IMG02,REV0067509,B0BV9RQ4WM,https://m.media-amazon.com/images/I/71TNMCGKReL._SL1600_.jpg
REV0067519_IMG01,REV0067519,B07RNJY499,https://images-na.ssl-images-amazon.com/images/I/A1l+NUaja2L._SL1600_.jpg
REV0067519_IMG02,REV0067519,B07RNJY499,https://images-na.ssl-images-amazon.com/images/I/B1Y4ihvvmYS._SL1600_.jpg
REV0067551_IMG01,REV0067551,B07NRB7W1G,https://m.media-amazon.com/images/I/71Fk+p65hAL._SL1600_.jpg
REV0067593_IMG01,REV0067593,B07WTXWC32,https://images-na.ssl-images-amazon.com/images/I/81JTEi9C4HL._SL1600_.jpg
REV0067620_IMG01,REV0067620,B08GNHQ165,https://m.media-amazon.com/images/I/61txlaoXvWL._SL1600_.jpg
REV0067620_IMG02,REV0067620,B08GNHQ165,https://m.media-amazon.com/images/I/71KstJPXSdL._SL1600_.jpg
REV0067620_IMG03,REV0067620,B08GNHQ165,https://m.media-amazon.com/images/I/810xUzf+UeL._SL1600_.jpg
REV0067627_IMG01,REV0067627,B09V27YWJ8,https://m.media-amazon.com/images/I/71jIjX85IrL._SL1600_.jpg
REV0067650_IMG01,REV0067650,B0837BM7JK,https://images-na.ssl-images-amazon.com/images/I/71IcuB0At6L._SL1600_.jpg
REV0067665_IMG01,REV0067665,B07ZS4D35X,https://images-na.ssl-images-amazon.com/images/I/812hqlStkOL._SL1600_.jpg
REV0067665_IMG02,REV0067665,B07ZS4D35X,https://images-na.ssl-images-amazon.com/images/I/81CnsPEWfOL._SL1600_.jpg
REV0067665_IMG03,REV0067665,B07ZS4D35X,https://images-na.ssl-images-amazon.com/images/I/81YIsxd5hYL._SL1600_.jpg
REV0067665_IMG04,REV0067665,B07ZS4D35X,https://images-na.ssl-images-amazon.com/images/I/81cVCjq9vTL._SL1600_.jpg
REV0067705_IMG01,REV0067705,B0C78JF6YV,https://m.media-amazon.com/images/I/71K583SqKmL._SL1600_.jpg
REV0067705_IMG02,REV0067705,B0C78JF6YV,https://m.media-amazon.com/images/I/71piMpmimeL._SL1600_.jpg
REV0067705_IMG03,REV0067705,B0C78JF6YV,https://m.media-amazon.com/images/I/81mr5ZSs7iL._SL1600_.jpg
REV0067732_IMG01,REV0067732,B0198ZXHEI,https://images-na.ssl-images-amazon.com/images/I/71BJfJToAXL.jpg
REV0067736_IMG01,REV0067736,B09WH15C98,https://m.media-amazon.com/images/I/81uPZoaHEiL._SL1600_.jpg
REV0067740_IMG01,REV0067740,B0BRN9S4QX,https://images-na.ssl-images-amazon.com/images/I/71OYczXgmjL.jpg
REV0067740_IMG02,REV0067740,B0BRN9S4QX,https://images-na.ssl-images-amazon.com/images/I/71pLhayGe0L.jpg
REV0067759_IMG01,REV0067759,B07XL39SVR,https://m.media-amazon.com/images/I/81VRFAl5rkL._SL1600_.jpg
REV0067788_IMG01,REV0067788,B07YNKXHT9,https://m.media-amazon.com/images/I/518Ys0GOLrL._SL1600_.jpg
REV0067788_IMG02,REV0067788,B07YNKXHT9,https://m.media-amazon.com/images/I/71yBxfTfA7L._SL1600_.jpg
REV0067813_IMG01,REV0067813,B083FQY7CV,https://m.media-amazon.com/images/I/C1H3YogYzJS._SL1600_.jpg
REV0067813_IMG02,REV0067813,B083FQY7CV,https://m.media-amazon.com/images/I/C1ocDy2vo9S._SL1600_.jpg
REV0067820_IMG01,REV0067820,B08QMVTZDS,https://images-na.ssl-images-amazon.com/images/I/A14TeYa4zKL._SL1600_.jpg
REV0067820_IMG02,REV0067820,B08QMVTZDS,https://images-na.ssl-images-amazon.com/images/I/A1khCu8ZfOL._SL1600_.jpg
REV0067865_IMG01,REV0067865,B00LLM6ZFK,https://images-na.ssl-images-amazon.com/images/I/61zC7AriqIL.jpg
REV0067865_IMG02,REV0067865,B00LLM6ZFK,https://images-na.ssl-images-amazon.com/images/I/71PwLqPj6eL.jpg
REV0067871_IMG01,REV0067871,B08C6GQKQW,https://images-na.ssl-images-amazon.com/images/I/C15Y-NTLXrS._SL1600_.jpg
REV0067953_IMG01,REV0067953,B07JPLX4CV,https://images-na.ssl-images-amazon.com/images/I/81IVdG81TyL._SL1600_.jpg
REV0067954_IMG01,REV0067954,B081K4Q6KQ,https://images-na.ssl-images-amazon.com/images/I/A1KsSAgL-oL._SL1600_.jpg
REV0067989_IMG01,REV0067989,B000DZFTC6,https://images-na.ssl-images-amazon.com/images/I/71rU1MfBwML.jpg
REV0068010_IMG01,REV0068010,B097DG61JJ,https://m.media-amazon.com/images/I/51-ofdNRyPL._SL1600_.jpg
REV0068062_IMG01,REV0068062,B07HRQFNJ1,https://m.media-amazon.com/images/I/61QIdpWuAmL._SL1600_.jpg
REV0068062_IMG02,REV0068062,B07HRQFNJ1,https://m.media-amazon.com/images/I/61tElIx86AL._SL1600_.jpg
REV0068107_IMG01,REV0068107,B0BX8VZHT4,https://m.media-amazon.com/images/I/611O+wz0kmL._SL1600_.jpg
REV0068107_IMG02,REV0068107,B0BX8VZHT4,https://m.media-amazon.com/images/I/61ZEAc4lfuL._SL1600_.jpg
REV0068107_IMG03,REV0068107,B0BX8VZHT4,https://m.media-amazon.com/images/I/71UN1jugXhL._SL1600_.jpg
REV0068127_IMG01,REV0068127,B0BXSQN4HV,https://m.media-amazon.com/images/I/C1ltKjxkJNS._SL1600_.jpg
REV0068127_IMG02,REV0068127,B0BXSQN4HV,https://m.media-amazon.com/images/I/C1vOQIws5TS._SL1600_.jpg
REV0068137_IMG01,REV0068137,B003BIGD8Q,https://m.media-amazon.com/images/I/01iCmywusJL._SL1600_.jpg
REV0068147_IMG01,REV0068147,B09S63Y1SZ,https://m.media-amazon.com/images/I/51TE-xTx0qL._SL1600_.jpg
REV0068147_IMG02,REV0068147,B09S63Y1SZ,https://m.media-amazon.com/images/I/61e6E2U0JHL._SL1600_.jpg
REV0068147_IMG03,REV0068147,B09S63Y1SZ,https://m.media-amazon.com/images/I/61oNkcSTC1L._SL1600_.jpg
REV0068147_IMG04,REV0068147,B09S63Y1SZ,https://m.media-amazon.com/images/I/71zSru-IIEL._SL1600_.jpg
REV0068163_IMG01,REV0068163,B0C6XJJQ4J,https://m.media-amazon.com/images/I/71Ocf3wqvbL._SL1600_.jpg
REV0068192_IMG01,REV0068192,B071KTC7G5,https://images-na.ssl-images-amazon.com/images/I/71Fk6Gm8BhL._SL1600_.jpg
REV0068192_IMG02,REV0068192,B071KTC7G5,https://images-na.ssl-images-amazon.com/images/I/818gN+iH1fL._SL1600_.jpg
REV0068192_IMG03,REV0068192,B071KTC7G5,https://images-na.ssl-images-amazon.com/images/I/81rwU-RxfcL._SL1600_.jpg
REV0068199_IMG01,REV0068199,B07DH65ZXF,https://images-na.ssl-images-amazon.com/images/I/71-vPCxK58L.jpg
REV0068207_IMG01,REV0068207,B07WTXWC32,https://images-na.ssl-images-amazon.com/images/I/B1p3hNBgjES._SL1600_.jpg
REV0068216_IMG01,REV0068216,B07JPCRNFZ,https://images-na.ssl-images-amazon.com/images/I/81rc-E-wLiL.jpg
REV0068256_IMG01,REV0068256,B0BP4W4TN1,https://images-na.ssl-images-amazon.com/images/I/B1aOHqCAPFS._SL1600_.jpg
REV0068256_IMG02,REV0068256,B0BP4W4TN1,https://images-na.ssl-images-amazon.com/images/I/B1dcjZBFCES._SL1600_.jpg
REV0068264_IMG01,REV0068264,B09Y1MN1GN,https://images-na.ssl-images-amazon.com/images/I/81tumThKwZL._SL1600_.jpg
REV0068277_IMG01,REV0068277,B01E4RUUQI,https://images-na.ssl-images-amazon.com/images/I/61eQcYAJd-L._SL1600_.jpg
REV0068304_IMG01,REV0068304,B07NVJP82G,https://m.media-amazon.com/images/I/61hFe8fUNvL._SL1600_.jpg
REV0068344_IMG01,REV0068344,B07RS2GRG9,https://images-na.ssl-images-amazon.com/images/I/716-Vmi661L.jpg
REV0068344_IMG02,REV0068344,B07RS2GRG9,https://images-na.ssl-images-amazon.com/images/I/81p7N5g51eL.jpg
REV0068344_IMG03,REV0068344,B07RS2GRG9,https://images-na.ssl-images-amazon.com/images/I/81waAtWEUyL.jpg
REV0068351_IMG01,REV0068351,B08QV6V3D3,https://m.media-amazon.com/images/I/81DH-BeKM1L._SL1600_.jpg
REV0068351_IMG02,REV0068351,B08QV6V3D3,https://m.media-amazon.com/images/I/81rBSQs8BxL._SL1600_.jpg
REV0068392_IMG01,REV0068392,B07L14V267,https://images-na.ssl-images-amazon.com/images/I/61ajCJwhEaL.jpg
REV0068413_IMG01,REV0068413,B07B4MZQHM,https://images-na.ssl-images-amazon.com/images/I/61-ZwV+xV4L.jpg
REV0068418_IMG01,REV0068418,B089RDD9CT,https://m.media-amazon.com/images/I/51K1wtq8viL._SL1600_.jpg
REV0068418_IMG02,REV0068418,B089RDD9CT,https://m.media-amazon.com/images/I/714HjPbHbqL._SL1600_.jpg
REV0068451_IMG01,REV0068451,B0C6226Y9B,https://m.media-amazon.com/images/I/71ZxdsqZBCL._SL1600_.jpg
REV0068466_IMG01,REV0068466,B0BHVBRK6H,https://m.media-amazon.com/images/I/61YrZ+oHY3L._SL1600_.jpg
REV0068466_IMG02,REV0068466,B0BHVBRK6H,https://m.media-amazon.com/images/I/71ifbeqYJML._SL1600_.jpg
REV0068473_IMG01,REV0068473,B0BCVRF3YY,https://images-na.ssl-images-amazon.com/images/I/61ZnICuIhmL.jpg
REV0068473_IMG02,REV0068473,B0BCVRF3YY,https://images-na.ssl-images-amazon.com/images/I/81XCvL0y1UL.jpg
REV0068511_IMG01,REV0068511,B0BW9MF3WP,https://m.media-amazon.com/images/I/71gAyEOeE5L._SL1600_.jpg
REV0068562_IMG01,REV0068562,B07DH65ZXF,https://images-na.ssl-images-amazon.com/images/I/51vyfHgzdZL._SL1600_.jpg
REV0068562_IMG02,REV0068562,B07DH65ZXF,https://images-na.ssl-images-amazon.com/images/I/61zaHQW1LFL._SL1600_.jpg
REV0068598_IMG01,REV0068598,B0146DK7H2,https://images-na.ssl-images-amazon.com/images/I/71LJOGSqsVL.jpg
REV0068639_IMG01,REV0068639,B000KKO574,https://m.media-amazon.com/images/I/61qnbKpOVlL._SL1600_.jpg
REV0068639_IMG02,REV0068639,B000KKO574,https://m.media-amazon.com/images/I/71SfzjNEKlL._SL1600_.jpg
REV0068659_IMG01,REV0068659,B07PKV75YF,https://images-na.ssl-images-amazon.com/images/I/21oLRarGzmL._SL1600_.jpg
REV0068711_IMG01,REV0068711,B0C5DBKGTB,https://images-na.ssl-images-amazon.com/images/I/81DdwAcT6oL._SL1600_.jpg
REV0068745_IMG01,REV0068745,B08BPDTL1H,https://images-na.ssl-images-amazon.com/images/I/91halwZ5TnL._SL1600_.jpg
REV0068754_IMG01,REV0068754,B0B1D98L2T,https://m.media-amazon.com/images/I/61VcPpiD0rL._SL1600_.jpg
REV0068754_IMG02,REV0068754,B0B1D98L2T,https://m.media-amazon.com/images/I/712cbYpt2-L._SL1600_.jpg
REV0068754_IMG03,REV0068754,B0B1D98L2T,https://m.media-amazon.com/images/I/71l3tELH4PL._SL1600_.jpg
REV0068898_IMG01,REV0068898,B0912G773K,https://images-na.ssl-images-amazon.com/images/I/81u34JGUKwL.jpg
REV0068936_IMG01,REV0068936,B08ZHNZXJ6,https://images-na.ssl-images-amazon.com/images/I/71ZBOXWOGCL._SL1600_.jpg
REV0068963_IMG01,REV0068963,B09KZRP8K8,https://m.media-amazon.com/images/I/61Uzlo8h1jL._SL1600_.jpg
REV0069031_IMG01,REV0069031,B07NVJP82G,https://m.media-amazon.com/images/I/71quo9PoIbL._SL1600_.jpg
REV0069041_IMG01,REV0069041,B079VRJTM6,https://m.media-amazon.com/images/I/71QpO9Ea3OL._SL1600_.jpg
REV0069049_IMG01,REV0069049,B01GSKY4F2,https://images-na.ssl-images-amazon.com/images/I/71woXEwu9xL._SL1600_.jpg
REV0069060_IMG01,REV0069060,B00M25EXMW,https://images-na.ssl-images-amazon.com/images/I/71gmxfstn6L.jpg
REV0069087_IMG01,REV0069087,B07NVJP82G,https://images-na.ssl-images-amazon.com/images/I/91bWxi9XqxL._SL1600_.jpg
REV0069087_IMG02,REV0069087,B07NVJP82G,https://images-na.ssl-images-amazon.com/images/I/A1iRV0gJX6L._SL1600_.jpg
REV0069128_IMG01,REV0069128,B0BTBTK796,https://images-na.ssl-images-amazon.com/images/I/71BzEEB6Q6L._SL1600_.jpg
REV0069128_IMG02,REV0069128,B0BTBTK796,https://images-na.ssl-images-amazon.com/images/I/71GrIvV0aSL._SL1600_.jpg
REV0069137_IMG01,REV0069137,B0C5PR3NWJ,https://images-na.ssl-images-amazon.com/images/I/B1R5sr0ltuS._SL1600_.jpg
REV0069170_IMG01,REV0069170,B096WH4J6B,https://m.media-amazon.com/images/I/61qEViuOOUL._SL1600_.jpg
REV0069226_IMG01,REV0069226,B000IBEYOO,https://images-na.ssl-images-amazon.com/images/I/712MHojG5wL.jpg
REV0069264_IMG01,REV0069264,B08BLJYTD4,https://m.media-amazon.com/images/I/61vG+ZQ7DAL._SL1600_.jpg
REV0069305_IMG01,REV0069305,B0BT1CY693,https://images-na.ssl-images-amazon.com/images/I/716s3cLbBZL._SL1600_.jpg
REV0069305_IMG02,REV0069305,B0BT1CY693,https://images-na.ssl-images-amazon.com/images/I/71jqXdarbRL._SL1600_.jpg
REV0069363_IMG01,REV0069363,B082WH7W24,https://images-na.ssl-images-amazon.com/images/I/71FryoaaK0L.jpg
REV0069370_IMG01,REV0069370,B07GDPSXB3,https://m.media-amazon.com/images/I/61fMSzeC-cL._SL1600_.jpg
REV0069377_IMG01,REV0069377,B0BNX1F2KK,https://m.media-amazon.com/images/I/71z3kom7X-L._SL1600_.jpg
REV0069386_IMG01,REV0069386,B00DZU8S1A,https://images-na.ssl-images-amazon.com/images/I/81j055453nL.jpg
REV0069391_IMG01,REV0069391,B0BXSQN4HV,https://images-na.ssl-images-amazon.com/images/I/C19Ge0Z7pmS._SL1600_.jpg
REV0069391_IMG02,REV0069391,B0BXSQN4HV,https://images-na.ssl-images-amazon.com/images/I/C1yMQBZih5S._SL1600_.jpg
REV0069455_IMG01,REV0069455,B01BT2KAFW,https://images-na.ssl-images-amazon.com/images/I/51s6Hs8EcnL._SL1600_.jpg
REV0069455_IMG02,REV0069455,B01BT2KAFW,https://images-na.ssl-images-amazon.com/images/I/619D01vTuqL._SL1600_.jpg
REV0069455_IMG03,REV0069455,B01BT2KAFW,https://images-na.ssl-images-amazon.com/images/I/71naa2HetoL._SL1600_.jpg
REV0069478_IMG01,REV0069478,B072Z98FQM,https://m.media-amazon.com/images/I/51buw1X-f6L._SL1600_.jpg
REV0069478_IMG02,REV0069478,B072Z98FQM,https://m.media-amazon.com/images/I/61kxDmD13PL._SL1600_.jpg
REV0069486_IMG01,REV0069486,B0C86NF3DH,https://m.media-amazon.com/images/I/817NY7IfBlL._SL1600_.jpg
REV0069510_IMG01,REV0069510,B0BGLGNM67,https://m.media-amazon.com/images/I/71X-IxDtWhL._SL1600_.jpg
REV0069517_IMG01,REV0069517,B01N995ZOA,https://images-na.ssl-images-amazon.com/images/I/719dOQafbPL._SL1600_.jpg
REV0069539_IMG01,REV0069539,B07DKFLCYY,https://images-na.ssl-images-amazon.com/images/I/81hYEnK0QPL.jpg
REV0069561_IMG01,REV0069561,B085TN9RXZ,https://images-na.ssl-images-amazon.com/images/I/815QTGqv0OL.jpg
REV0069720_IMG01,REV0069720,B083TZHG91,https://m.media-amazon.com/images/I/71D5HMaL6LL._SL1600_.jpg
REV0069750_IMG01,REV0069750,B088661L4F,https://m.media-amazon.com/images/I/714Cu3-rVeL._SL1600_.jpg
REV0069756_IMG01,REV0069756,B09VTZ54J7,https://images-na.ssl-images-amazon.com/images/I/71DNRZMEBBL.jpg
REV0069802_IMG01,REV0069802,B082VYTCDH,https://images-na.ssl-images-amazon.com/images/I/71KHBBgqBhL._SL1600_.jpg
REV0069862_IMG01,REV0069862,B005BA4RNK,https://m.media-amazon.com/images/I/71br2oprA+L._SL1600_.jpg
REV0069879_IMG01,REV0069879,B07GN9PSL4,https://m.media-amazon.com/images/I/71IAn6Umc4L._SL1600_.jpg
REV0069893_IMG01,REV0069893,B08FDR4M7R,https://m.media-amazon.com/images/I/711HKJZe1vL._SL1600_.jpg
REV0069915_IMG01,REV0069915,B08ZHD696S,https://images-na.ssl-images-amazon.com/images/I/71PycMk1Z6L.jpg
REV0069957_IMG01,REV0069957,B07DQCCV8W,https://images-na.ssl-images-amazon.com/images/I/71I-coSSt+L.jpg
REV0070003_IMG01,REV0070003,B07ZWZM9SS,https://images-na.ssl-images-amazon.com/images/I/716q34ggOBL._SL1600_.jpg
REV0070019_IMG01,REV0070019,B01ALBMIEI,https://images-na.ssl-images-amazon.com/images/I/51GtLKni12L._SL1600_.jpg
REV0070066_IMG01,REV0070066,B07QC7JRDP,https://images-na.ssl-images-amazon.com/images/I/71RDwjJLH1L._SL1600_.jpg
REV0070068_IMG01,REV0070068,B0BZGQJ3W7,https://images-na.ssl-images-amazon.com/images/I/71EUsVsB-8L.jpg
REV0070086_IMG01,REV0070086,B0B7RZ6JBL,https://m.media-amazon.com/images/I/617FJU+09CL._SL1600_.jpg
REV0070086_IMG02,REV0070086,B0B7RZ6JBL,https://m.media-amazon.com/images/I/61AcpQ89QEL._SL1600_.jpg
REV0070086_IMG03,REV0070086,B0B7RZ6JBL,https://m.media-amazon.com/images/I/71oUjD3-r6L._SL1600_.jpg
REV0070109_IMG01,REV0070109,B0C4422Q8X,https://m.media-amazon.com/images/I/710YCtyum9L._SL1600_.jpg
REV0070109_IMG02,REV0070109,B0C4422Q8X,https://m.media-amazon.com/images/I/71hEBvrXX3L._SL1600_.jpg
REV0070162_IMG01,REV0070162,B003BIGDIG,https://images-na.ssl-images-amazon.com/images/I/61GHAHKYvaL._SL1600_.jpg
REV0070196_IMG01,REV0070196,B0BXRM5JFJ,https://images-na.ssl-images-amazon.com/images/I/71Jy4pO2q1L.jpg
REV0070210_IMG01,REV0070210,B09SHV29MN,https://images-na.ssl-images-amazon.com/images/I/5170sw-kOLL._SL1600_.jpg
REV0070218_IMG01,REV0070218,B01ENXS1C8,https://m.media-amazon.com/images/I/81KFUL8azDL._SL1600_.jpg
REV0070242_IMG01,REV0070242,B0081N3YW4,https://images-na.ssl-images-amazon.com/images/I/81qL7wwRrqL.jpg
REV0070252_IMG01,REV0070252,B0C4WK4187,https://m.media-amazon.com/images/I/717kVJ8z7aL._SL1600_.jpg
REV0070263_IMG01,REV0070263,B08FDC59PB,https://images-na.ssl-images-amazon.com/images/I/81H7b-8KeSL._SL1600_.jpg
REV0070324_IMG01,REV0070324,B07XG8QQL5,https://m.media-amazon.com/images/I/71Co-QChESL._SL1600_.jpg
REV0070342_IMG01,REV0070342,B000DZFTC6,https://m.media-amazon.com/images/I/71k8xjgMllL._SL1600_.jpg
REV0070353_IMG01,REV0070353,B0BP4W4TN1,https://m.media-amazon.com/images/I/712MEVAWaaL._SL1600_.jpg
REV0070353_IMG02,REV0070353,B0BP4W4TN1,https://m.media-amazon.com/images/I/71FEOCfWfWL._SL1600_.jpg
REV0070353_IMG03,REV0070353,B0BP4W4TN1,https://m.media-amazon.com/images/I/81bXHdeM5KL._SL1600_.jpg
REV0070353_IMG04,REV0070353,B0BP4W4TN1,https://m.media-amazon.com/images/I/81sBD1HqSrL._SL1600_.jpg
REV0070392_IMG01,REV0070392,B01N6PLGIR,https://images-na.ssl-images-amazon.com/images/I/91h5I7-J+hL._SL1600_.jpg
REV0070418_IMG01,REV0070418,B09PVQ4YWR,https://m.media-amazon.com/images/I/719lkESdEqL._SL1600_.jpg
REV0070418_IMG02,REV0070418,B09PVQ4YWR,https://m.media-amazon.com/images/I/71KkSIMVv7L._SL1600_.jpg
REV0070418_IMG03,REV0070418,B09PVQ4YWR,https://m.media-amazon.com/images/I/71qEAEtxt1L._SL1600_.jpg
REV0070418_IMG04,REV0070418,B09PVQ4YWR,https://m.media-amazon.com/images/I/71syQHVH2SL._SL1600_.jpg
REV0070441_IMG01,REV0070441,B00IB4BMDQ,https://images-na.ssl-images-amazon.com/images/I/81F+7DmWQ8L.jpg
REV0070444_IMG01,REV0070444,B07SMN2C5S,https://images-na.ssl-images-amazon.com/images/I/31-UVlym8XL._SL1600_.jpg
REV0070444_IMG02,REV0070444,B07SMN2C5S,https://images-na.ssl-images-amazon.com/images/I/411BHR9sJ2L._SL1600_.jpg
REV0070444_IMG03,REV0070444,B07SMN2C5S,https://images-na.ssl-images-amazon.com/images/I/41FbBFFKQNL._SL1600_.jpg
REV0070450_IMG01,REV0070450,B078FH587H,https://images-na.ssl-images-amazon.com/images/I/71ZJGByJX0L.jpg
REV0070462_IMG01,REV0070462,B0BMG6PWGF,https://m.media-amazon.com/images/I/71f65+QoEbL._SL1600_.jpg
REV0070477_IMG01,REV0070477,B07FCQWM5Y,https://m.media-amazon.com/images/I/41+9dqin4uL._SL1600_.jpg
REV0070477_IMG02,REV0070477,B07FCQWM5Y,https://m.media-amazon.com/images/I/412MWIYZ9AL._SL1600_.jpg
REV0070478_IMG01,REV0070478,B0BT1CY693,https://images-na.ssl-images-amazon.com/images/I/71aguJD+e9L._SL1600_.jpg
REV0070593_IMG01,REV0070593,B0B8M4H11G,https://images-na.ssl-images-amazon.com/images/I/71jRHfeiptL.jpg
REV0070593_IMG02,REV0070593,B0B8M4H11G,https://images-na.ssl-images-amazon.com/images/I/71sAPTTiwVL._SL1600_.jpg
REV0070593_IMG03,REV0070593,B0B8M4H11G,https://images-na.ssl-images-amazon.com/images/I/71tzdS13akL.jpg
REV0070600_IMG01,REV0070600,B0BNN6GLK7,https://m.media-amazon.com/images/I/61B0+oRAPML._SL1600_.jpg
REV0070600_IMG02,REV0070600,B0BNN6GLK7,https://m.media-amazon.com/images/I/61BLAN6c6+L._SL1600_.jpg
REV0070600_IMG03,REV0070600,B0BNN6GLK7,https://m.media-amazon.com/images/I/61g9pSWh-LL._SL1600_.jpg
REV0070605_IMG01,REV0070605,B0BXSQN4HV,https://images-na.ssl-images-amazon.com/images/I/B1dKcfHolgS._SL1600_.jpg
REV0070605_IMG02,REV0070605,B0BXSQN4HV,https://images-na.ssl-images-amazon.com/images/I/B1iZRzUs5VS._SL1600_.jpg
REV0070605_IMG03,REV0070605,B0BXSQN4HV,https://images-na.ssl-images-amazon.com/images/I/B1tT7sRqpLS._SL1600_.jpg
REV0070633_IMG01,REV0070633,B07X7LBRW7,https://images-na.ssl-images-amazon.com/images/I/31Z0TUchS5L._SL1600_.jpg
REV0070633_IMG02,REV0070633,B07X7LBRW7,https://images-na.ssl-images-amazon.com/images/I/41p+5qp6-GL._SL1600_.jpg
REV0070633_IMG03,REV0070633,B07X7LBRW7,https://images-na.ssl-images-amazon.com/images/I/41rQ0s0h8QL._SL1600_.jpg
REV0070633_IMG04,REV0070633,B07X7LBRW7,https://images-na.ssl-images-amazon.com/images/I/61V1KIrJJCL._SL1600_.jpg
REV0070637_IMG01,REV0070637,B07B4FTS19,https://images-na.ssl-images-amazon.com/images/I/716IFGzDXLL._SL1600_.jpg
REV0070637_IMG02,REV0070637,B07B4FTS19,https://images-na.ssl-images-amazon.com/images/I/71O2stdHQ6L._SL1600_.jpg
REV0070637_IMG03,REV0070637,B07B4FTS19,https://images-na.ssl-images-amazon.com/images/I/81ToINi8V-L._SL1600_.jpg
REV0070742_IMG01,REV0070742,B07WLV1DQ9,https://m.media-amazon.com/images/I/91KTIYlbSOL._SL1600_.jpg
REV0070743_IMG01,REV0070743,B00NMNN8GK,https://images-na.ssl-images-amazon.com/images/I/71hslVF1pZL.jpg
REV0070786_IMG01,REV0070786,B0736MBGSQ,https://images-na.ssl-images-amazon.com/images/I/81JPkiTBSOL._SL1600_.jpg
REV0070803_IMG01,REV0070803,B07WTXWC32,https://images-na.ssl-images-amazon.com/images/I/71K8LjyiYpL.jpg
REV0070803_IMG02,REV0070803,B07WTXWC32,https://images-na.ssl-images-amazon.com/images/I/71yy67Z79pL.jpg
REV0070813_IMG01,REV0070813,B08M5THBY4,https://m.media-amazon.com/images/I/81dFIQek7JL._SL1600_.jpg
REV0070832_IMG01,REV0070832,B007Z1KJT4,https://m.media-amazon.com/images/I/91+c-icV+IL._SL1600_.jpg
REV0070889_IMG01,REV0070889,B07PPR4LF3,https://images-na.ssl-images-amazon.com/images/I/B1mqN4GIVyS._SL1600_.jpg
REV0070987_IMG01,REV0070987,B0882ZJ48W,https://images-na.ssl-images-amazon.com/images/I/51-4ohAK4mL._SL1600_.jpg
REV0070987_IMG02,REV0070987,B0882ZJ48W,https://images-na.ssl-images-amazon.com/images/I/51nwMobZ6PL._SL1600_.jpg
REV0070988_IMG01,REV0070988,B07SZFRZ92,https://m.media-amazon.com/images/I/61JgTSvL6TL._SL1600_.jpg
REV0070997_IMG01,REV0070997,B07DQCCV8W,https://images-na.ssl-images-amazon.com/images/I/61GXkJVuCNL.jpg
REV0070997_IMG02,REV0070997,B07DQCCV8W,https://images-na.ssl-images-amazon.com/images/I/715NAVb-scL.jpg
REV0071008_IMG01,REV0071008,B0BX9GK3PB,https://m.media-amazon.com/images/I/711Kl2gJcaL._SL1600_.jpg
REV0071008_IMG02,REV0071008,B0BX9GK3PB,https://m.media-amazon.com/images/I/715KFEuDcvL._SL1600_.jpg
REV0071024_IMG01,REV0071024,B0B6BY693G,https://m.media-amazon.com/images/I/717afQ-V6VL._SL1600_.jpg
REV0071036_IMG01,REV0071036,B07C25643X,https://images-na.ssl-images-amazon.com/images/I/71X3Kh3fi1L.jpg
REV0071048_IMG01,REV0071048,B07TXRQQKZ,https://images-na.ssl-images-amazon.com/images/I/51Hc0pNC22L._SL1600_.jpg
REV0071048_IMG02,REV0071048,B07TXRQQKZ,https://images-na.ssl-images-amazon.com/images/I/71pfUhxDkGL._SL1600_.jpg
REV0071085_IMG01,REV0071085,B0BWY463SV,https://m.media-amazon.com/images/I/618heFKvkkL._SL1600_.jpg
REV0071115_IMG01,REV0071115,B0BXRM5JFJ,https://images-na.ssl-images-amazon.com/images/I/71aUqzHwk9L._SL1600_.jpg
REV0071158_IMG01,REV0071158,B00INXG9MY,https://images-na.ssl-images-amazon.com/images/I/71X-RZ2+b8L.jpg
REV0071204_IMG01,REV0071204,B0751KDVTP,https://images-na.ssl-images-amazon.com/images/I/61NXfVTam4L._SL1600_.jpg
REV0071204_IMG02,REV0071204,B0751KDVTP,https://images-na.ssl-images-amazon.com/images/I/61W6kkQuGAL._SL1600_.jpg
REV0071204_IMG03,REV0071204,B0751KDVTP,https://images-na.ssl-images-amazon.com/images/I/71b1YXKl3PL._SL1600_.jpg
REV0071204_IMG04,REV0071204,B0751KDVTP,https://images-na.ssl-images-amazon.com/images/I/71b6K2S2EYL.jpg
REV0071204_IMG05,REV0071204,B0751KDVTP,https://images-na.ssl-images-amazon.com/images/I/71jiqnu3VhL._SL1600_.jpg
REV0071204_IMG06,REV0071204,B0751KDVTP,https://images-na.ssl-images-amazon.com/images/I/71uuC3a3e8L.jpg
REV0071213_IMG01,REV0071213,B01MDU4W7S,https://images-na.ssl-images-amazon.com/images/I/61r+JMONQML._SL1600_.jpg
REV0071261_IMG01,REV0071261,B08VDWFRQG,https://m.media-amazon.com/images/I/71bXsLS5c4L._SL1600_.jpg
REV0071261_IMG02,REV0071261,B08VDWFRQG,https://m.media-amazon.com/images/I/81HeYJOXuAL._SL1600_.jpg
REV0071261_IMG03,REV0071261,B08VDWFRQG,https://m.media-amazon.com/images/I/81U9wBtB1gL._SL1600_.jpg
REV0071261_IMG04,REV0071261,B08VDWFRQG,https://m.media-amazon.com/images/I/81Y4-Obk6DL._SL1600_.jpg
REV0071301_IMG01,REV0071301,B00E8KC36M,https://images-na.ssl-images-amazon.com/images/I/612xCF7g-dL.jpg
REV0071323_IMG01,REV0071323,B0BDKBYN2L,https://m.media-amazon.com/images/I/7180hxev4mL._SL1600_.jpg
REV0071344_IMG01,REV0071344,B017MHZH9C,https://images-na.ssl-images-amazon.com/images/I/71OOjP6G3IL.jpg
REV0071344_IMG02,REV0071344,B017MHZH9C,https://images-na.ssl-images-amazon.com/images/I/71VWs2Ku3eL.jpg
REV0071364_IMG01,REV0071364,B0BX9GK3PB,https://images-na.ssl-images-amazon.com/images/I/61djKnFxfPL._SL1600_.jpg
REV0071372_IMG01,REV0071372,B0BGLGNM67,https://m.media-amazon.com/images/I/61aLy1efALL._SL1600_.jpg
REV0071372_IMG02,REV0071372,B0BGLGNM67,https://m.media-amazon.com/images/I/81x9uAr2aPL._SL1600_.jpg
REV0071397_IMG01,REV0071397,B0C4FQ2X2M,https://m.media-amazon.com/images/I/515fu4dXfPL._SL1600_.jpg
REV0071397_IMG02,REV0071397,B0C4FQ2X2M,https://m.media-amazon.com/images/I/61zB0jggn0L._SL1600_.jpg
REV0071397_IMG03,REV0071397,B0C4FQ2X2M,https://m.media-amazon.com/images/I/71mbV8dyKYL._SL1600_.jpg
REV0071418_IMG01,REV0071418,B004W6IKGE,https://images-na.ssl-images-amazon.com/images/I/61kkr+u1eFL.jpg
REV0071418_IMG02,REV0071418,B004W6IKGE,https://images-na.ssl-images-amazon.com/images/I/71G1yPaE-PL.jpg
REV0071436_IMG01,REV0071436,B08SW9RW6X,https://m.media-amazon.com/images/I/71M1G7h2drL._SL1600_.jpg
REV0071436_IMG02,REV0071436,B08SW9RW6X,https://m.media-amazon.com/images/I/71c64Do8QLL._SL1600_.jpg
REV0071452_IMG01,REV0071452,B01DYPY7UG,https://images-na.ssl-images-amazon.com/images/I/711D0B6DUdL.jpg
REV0071452_IMG02,REV0071452,B01DYPY7UG,https://images-na.ssl-images-amazon.com/images/I/71TxIn6L9cL.jpg
REV0071461_IMG01,REV0071461,B08QD8H6WY,https://m.media-amazon.com/images/I/71JQ0xVwuYL._SL1600_.jpg
REV0071478_IMG01,REV0071478,B0117DE77U,https://m.media-amazon.com/images/I/71O4D6MSRfL._SL1600_.jpg
REV0071508_IMG01,REV0071508,B0BBPS9YX3,https://m.media-amazon.com/images/I/51VqPQrC+4L._SL1600_.jpg
REV0071508_IMG02,REV0071508,B0BBPS9YX3,https://m.media-amazon.com/images/I/61LelCPkj4L._SL1600_.jpg
REV0071508_IMG03,REV0071508,B0BBPS9YX3,https://m.media-amazon.com/images/I/61c1EwHN6mL._SL1600_.jpg
REV0071508_IMG04,REV0071508,B0BBPS9YX3,https://m.media-amazon.com/images/I/61ilC5PGwtL._SL1600_.jpg
REV0071512_IMG01,REV0071512,B00B4YASX0,https://images-na.ssl-images-amazon.com/images/I/71lUWzsXN9L.jpg
REV0071577_IMG01,REV0071577,B0C5XMRQXY,https://m.media-amazon.com/images/I/71u-IsyX8VL._SL1600_.jpg
REV0071597_IMG01,REV0071597,B07GG6KP6H,https://images-na.ssl-images-amazon.com/images/I/71hg9nadOrL.jpg
REV0071598_IMG01,REV0071598,B08GNHQ165,https://images-na.ssl-images-amazon.com/images/I/81WYVZFd36L.jpg
REV0071632_IMG01,REV0071632,B0C5HTFGNF,https://m.media-amazon.com/images/I/71dqd-uHGHL._SL1600_.jpg
REV0071632_IMG02,REV0071632,B0C5HTFGNF,https://m.media-amazon.com/images/I/81luKa+QVwL._SL1600_.jpg
REV0071682_IMG01,REV0071682,B0751KDVTP,https://images-na.ssl-images-amazon.com/images/I/71d0sfJr4FL.jpg
REV0071715_IMG01,REV0071715,B08JR287K7,https://images-na.ssl-images-amazon.com/images/I/61scBw7EPQL._SL1600_.jpg
REV0071715_IMG02,REV0071715,B08JR287K7,https://images-na.ssl-images-amazon.com/images/I/71K4tz3b4qL._SL1600_.jpg
REV0071716_IMG01,REV0071716,B08F76MFWQ,https://m.media-amazon.com/images/I/517+3ZhHgNL._SL1600_.jpg
REV0071716_IMG02,REV0071716,B08F76MFWQ,https://m.media-amazon.com/images/I/51sKD55DwdL._SL1600_.jpg
REV0071735_IMG01,REV0071735,B0BP4W4TN1,https://m.media-amazon.com/images/I/61qSK0lN7gL._SL1600_.jpg
REV0071740_IMG01,REV0071740,B01IO0E9RC,https://images-na.ssl-images-amazon.com/images/I/71GQyXIDD4L._SL1600_.jpg
REV0071745_IMG01,REV0071745,B0BDL8LTMR,https://m.media-amazon.com/images/I/619kbj0l8ZL._SL1600_.jpg
REV0071745_IMG02,REV0071745,B0BDL8LTMR,https://m.media-amazon.com/images/I/61Q73n78BxL._SL1600_.jpg
REV0071745_IMG03,REV0071745,B0BDL8LTMR,https://m.media-amazon.com/images/I/61buEAwp04L._SL1600_.jpg
REV0071745_IMG04,REV0071745,B0BDL8LTMR,https://m.media-amazon.com/images/I/61c5sKZVkEL._SL1600_.jpg
REV0071746_IMG01,REV0071746,B081L3W32K,https://m.media-amazon.com/images/I/D1uJ6JbVAcS._SL1600_.jpg
REV0071755_IMG01,REV0071755,B0751KDVTP,https://images-na.ssl-images-amazon.com/images/I/71SkVWVrnsL.jpg
REV0071768_IMG01,REV0071768,B07WSSTD64,https://m.media-amazon.com/images/I/811lHnD8xaL._SL1600_.jpg
REV0071768_IMG02,REV0071768,B07WSSTD64,https://m.media-amazon.com/images/I/81Ex-GQU-8L._SL1600_.jpg
REV0071800_IMG01,REV0071800,B07GXFR1V7,https://m.media-amazon.com/images/I/6165c5HrMQL._SL1600_.jpg
REV0071838_IMG01,REV0071838,B07BT6538F,https://m.media-amazon.com/images/I/71jpeHCEyeL._SL1600_.jpg
REV0071849_IMG01,REV0071849,B0C7D34B53,https://images-na.ssl-images-amazon.com/images/I/A1mdiX1IfIL._SL1600_.jpg
REV0071849_IMG02,REV0071849,B0C7D34B53,https://images-na.ssl-images-amazon.com/images/I/B1WFj1f+YpS._SL1600_.jpg
REV0071893_IMG01,REV0071893,B07HVSR8RF,https://images-na.ssl-images-amazon.com/images/I/B1eSbocFcES._SL1600_.jpg
REV0071918_IMG01,REV0071918,B0117DE77U,https://m.media-amazon.com/images/I/61tOIhS0UZL._SL1600_.jpg
REV0071920_IMG01,REV0071920,B09MVV717N,https://m.media-amazon.com/images/I/61WUd8P2yaL._SL1600_.jpg
REV0071920_IMG02,REV0071920,B09MVV717N,https://m.media-amazon.com/images/I/61tVs2xCFaL._SL1600_.jpg
REV0071933_IMG01,REV0071933,B083PWDFTS,https://images-na.ssl-images-amazon.com/images/I/81063f9GdLL._SL1600_.jpg
REV0071933_IMG02,REV0071933,B083PWDFTS,https://images-na.ssl-images-amazon.com/images/I/818ZN9ZHC2L._SL1600_.jpg
REV0072011_IMG01,REV0072011,B00MOCCSFW,https://m.media-amazon.com/images/I/611vUwk6YLL._SL1600_.jpg
REV0072037_IMG01,REV0072037,B07R4RHC4H,https://m.media-amazon.com/images/I/81PZBmxUUmL._SL1600_.jpg
REV0072039_IMG01,REV0072039,B07FNBRNYN,https://images-na.ssl-images-amazon.com/images/I/71e9bQ+udaL.jpg
REV0072039_IMG02,REV0072039,B07FNBRNYN,https://images-na.ssl-images-amazon.com/images/I/71mx10Knw-L.jpg
REV0072070_IMG01,REV0072070,B0BGTBHC7P,https://images-na.ssl-images-amazon.com/images/I/81MV+2ZR2KL.jpg
REV0072070_IMG02,REV0072070,B0BGTBHC7P,https://images-na.ssl-images-amazon.com/images/I/81esmqrPf7L.jpg
REV0072070_IMG03,REV0072070,B0BGTBHC7P,https://images-na.ssl-images-amazon.com/images/I/81v-45Dl6iL.jpg
REV0072088_IMG01,REV0072088,B0C4WK4187,https://m.media-amazon.com/images/I/71H3UDhjheL._SL1600_.jpg
REV0072088_IMG02,REV0072088,B0C4WK4187,https://m.media-amazon.com/images/I/71QW2gqSuwL._SL1600_.jpg
REV0072164_IMG01,REV0072164,B0BT1CY693,https://images-na.ssl-images-amazon.com/images/I/4142efnMrDL._SL1600_.jpg
REV0072215_IMG01,REV0072215,B00TLEVVNG,https://images-na.ssl-images-amazon.com/images/I/71KMt9LBgAL.jpg
REV0072215_IMG02,REV0072215,B00TLEVVNG,https://images-na.ssl-images-amazon.com/images/I/71dLWh-neHL.jpg
REV0072232_IMG01,REV0072232,B0958RLTSY,https://m.media-amazon.com/images/I/71HBLUGy5zL._SL1600_.jpg
REV0072260_IMG01,REV0072260,B0053F7UIM,https://images-na.ssl-images-amazon.com/images/I/81KJm7kufvL._SL1600_.jpg
REV0072267_IMG01,REV0072267,B002R0DXLY,https://images-na.ssl-images-amazon.com/images/I/711FU0WfAkL.jpg
REV0072287_IMG01,REV0072287,B09DX5CCTL,https://images-na.ssl-images-amazon.com/images/I/81yGn-Z3K7L._SL1600_.jpg
REV0072295_IMG01,REV0072295,B082S9JRRX,https://images-na.ssl-images-amazon.com/images/I/71iLFovV2ML._SL1600_.jpg
REV0072295_IMG02,REV0072295,B082S9JRRX,https://images-na.ssl-images-amazon.com/images/I/81dN5MGif3L._SL1600_.jpg
REV0072306_IMG01,REV0072306,B0BRN9S4QX,https://images-na.ssl-images-amazon.com/images/I/51uTJt0+ivL._SL1600_.jpg
REV0072316_IMG01,REV0072316,B01AXY8P90,https://images-na.ssl-images-amazon.com/images/I/714jmr+3voL.jpg
REV0072316_IMG02,REV0072316,B01AXY8P90,https://images-na.ssl-images-amazon.com/images/I/7186k0aa2IL.jpg
REV0072316_IMG03,REV0072316,B01AXY8P90,https://images-na.ssl-images-amazon.com/images/I/718Qnku4dcL.jpg
REV0072316_IMG04,REV0072316,B01AXY8P90,https://images-na.ssl-images-amazon.com/images/I/71OoXhrIaGL.jpg
REV0072316_IMG05,REV0072316,B01AXY8P90,https://images-na.ssl-images-amazon.com/images/I/71OyAIRpKBL.jpg
REV0072316_IMG06,REV0072316,B01AXY8P90,https://images-na.ssl-images-amazon.com/images/I/71ncpr6CE5L.jpg
REV0072319_IMG01,REV0072319,B08GNJJMST,https://images-na.ssl-images-amazon.com/images/I/71-c-zVa5BL.jpg
REV0072319_IMG02,REV0072319,B08GNJJMST,https://images-na.ssl-images-amazon.com/images/I/71pWDLzGiFL.jpg
REV0072326_IMG01,REV0072326,B09RGCHS15,https://m.media-amazon.com/images/I/61txaFbtp1L._SL1600_.jpg
REV0072329_IMG01,REV0072329,B0B9H5NZRD,https://images-na.ssl-images-amazon.com/images/I/71-W8PMBCoL.jpg
REV0072342_IMG01,REV0072342,B07CV9QMBL,https://m.media-amazon.com/images/I/514-kRHLkkL._SL1600_.jpg
REV0072342_IMG02,REV0072342,B07CV9QMBL,https://m.media-amazon.com/images/I/618EwL2TL3L._SL1600_.jpg
REV0072342_IMG03,REV0072342,B07CV9QMBL,https://m.media-amazon.com/images/I/61T7kwSKzzL._SL1600_.jpg
REV0072342_IMG04,REV0072342,B07CV9QMBL,https://m.media-amazon.com/images/I/61htboJs3kL._SL1600_.jpg
REV0072400_IMG01,REV0072400,B00ECX038A,https://images-na.ssl-images-amazon.com/images/I/41XY6Q2XWjL._SL1600_.jpg
REV0072425_IMG01,REV0072425,B0BVR77MZJ,https://images-na.ssl-images-amazon.com/images/I/B1cGoThkPcS._SL1600_.jpg
REV0072598_IMG01,REV0072598,B08YWXWBZV,https://m.media-amazon.com/images/I/61FzzYvR7aL._SL1600_.jpg
REV0072604_IMG01,REV0072604,B08JYLSD57,https://images-na.ssl-images-amazon.com/images/I/91oF4Vu0nbL._SL1600_.jpg
REV0072644_IMG01,REV0072644,B08FDB6W59,https://m.media-amazon.com/images/I/718BzDc6ADL._SL1600_.jpg
REV0072644_IMG02,REV0072644,B08FDB6W59,https://m.media-amazon.com/images/I/71Mim4UrnqL._SL1600_.jpg
REV0072644_IMG03,REV0072644,B08FDB6W59,https://m.media-amazon.com/images/I/71h+evBvQNL._SL1600_.jpg
REV0072731_IMG01,REV0072731,B06XP8WLFS,https://m.media-amazon.com/images/I/71Ed-jEIX-L._SL1600_.jpg
REV0072795_IMG01,REV0072795,B08RS7H7KY,https://images-na.ssl-images-amazon.com/images/I/81FRhQ3EM9L._SL1600_.jpg
REV0072821_IMG01,REV0072821,B08ZHD696S,https://images-na.ssl-images-amazon.com/images/I/71455cvs0eL.jpg
REV0072821_IMG02,REV0072821,B08ZHD696S,https://images-na.ssl-images-amazon.com/images/I/81CcOxwjR3L.jpg
REV0072827_IMG01,REV0072827,B07FPW5WXX,https://images-na.ssl-images-amazon.com/images/I/610srJwhlhL.jpg
REV0072827_IMG02,REV0072827,B07FPW5WXX,https://images-na.ssl-images-amazon.com/images/I/71RigbpDtmL.jpg
REV0072827_IMG03,REV0072827,B07FPW5WXX,https://images-na.ssl-images-amazon.com/images/I/71rwF34s3-L.jpg
REV0072827_IMG04,REV0072827,B07FPW5WXX,https://images-na.ssl-images-amazon.com/images/I/71xFHaTBlkL.jpg
REV0072827_IMG05,REV0072827,B07FPW5WXX,https://images-na.ssl-images-amazon.com/images/I/71zXgJAUhUL.jpg
REV0072827_IMG06,REV0072827,B07FPW5WXX,https://images-na.ssl-images-amazon.com/images/I/812G+7SwAEL.jpg
REV0072827_IMG07,REV0072827,B07FPW5WXX,https://images-na.ssl-images-amazon.com/images/I/81jOM29b6gL.jpg
REV0072834_IMG01,REV0072834,B09D3B5DF9,https://m.media-amazon.com/images/I/71AQ9JwBWjL._SL1600_.jpg
REV0072834_IMG02,REV0072834,B09D3B5DF9,https://m.media-amazon.com/images/I/71OB8M5OncL._SL1600_.jpg
REV0072834_IMG03,REV0072834,B09D3B5DF9,https://m.media-amazon.com/images/I/71yUXUcZIaL._SL1600_.jpg
REV0072914_IMG01,REV0072914,B0BGTBHC7P,https://images-na.ssl-images-amazon.com/images/I/71dE8jCaWwL._SL1600_.jpg
REV0072918_IMG01,REV0072918,B09BBYLN17,https://m.media-amazon.com/images/I/81GJgtmAL+L._SL1600_.jpg
REV0072918_IMG02,REV0072918,B09BBYLN17,https://m.media-amazon.com/images/I/81ZQ4gEKUGL._SL1600_.jpg
REV0072947_IMG01,REV0072947,B07NVJP82G,https://images-na.ssl-images-amazon.com/images/I/B1c2BO0g0bS._SL1600_.jpg
REV0072947_IMG02,REV0072947,B07NVJP82G,https://images-na.ssl-images-amazon.com/images/I/B1jZuQ+26pS._SL1600_.jpg
REV0072949_IMG01,REV0072949,B07WTXWC32,https://m.media-amazon.com/images/I/7105O5LbIoL._SL1600_.jpg
REV0072955_IMG01,REV0072955,B0B9H5NZRD,https://m.media-amazon.com/images/I/619XjZAMNxL._SL1600_.jpg
REV0072955_IMG02,REV0072955,B0B9H5NZRD,https://m.media-amazon.com/images/I/71weewuUC5L._SL1600_.jpg
REV0072964_IMG01,REV0072964,B081K4Q6KQ,https://images-na.ssl-images-amazon.com/images/I/71RXnwg3BIL.jpg
REV0072964_IMG02,REV0072964,B081K4Q6KQ,https://images-na.ssl-images-amazon.com/images/I/71sqxbt-P9L.jpg
REV0073114_IMG01,REV0073114,B0C69HCVRM,https://m.media-amazon.com/images/I/71LyncjZDNL._SL1600_.jpg
REV0073129_IMG01,REV0073129,B07FWV5DMN,https://images-na.ssl-images-amazon.com/images/I/71v7oQfgZlL.jpg
REV0073178_IMG01,REV0073178,B0BPHJHPVD,https://m.media-amazon.com/images/I/71DV1eZfRmL._SL1600_.jpg
REV0073181_IMG01,REV0073181,B09CBF2XCF,https://images-na.ssl-images-amazon.com/images/I/71ILc-of0eL._SL1600_.jpg
REV0073181_IMG02,REV0073181,B09CBF2XCF,https://images-na.ssl-images-amazon.com/images/I/71LxXMiXALL._SL1600_.jpg
REV0073200_IMG01,REV0073200,B07RS9Q8F7,https://images-na.ssl-images-amazon.com/images/I/61r-qynX72L._SL1600_.jpg
REV0073218_IMG01,REV0073218,B0C4LRKXNV,https://images-na.ssl-images-amazon.com/images/I/91Rn5gNWyBL._SL1600_.jpg
REV0073271_IMG01,REV0073271,B072LK2MPQ,https://images-na.ssl-images-amazon.com/images/I/61iewFhRWZL.jpg
REV0073271_IMG02,REV0073271,B072LK2MPQ,https://images-na.ssl-images-amazon.com/images/I/71DN7LTpwVL.jpg
REV0073271_IMG03,REV0073271,B072LK2MPQ,https://images-na.ssl-images-amazon.com/images/I/71Q0lyYq6bL.jpg
REV0073271_IMG04,REV0073271,B072LK2MPQ,https://images-na.ssl-images-amazon.com/images/I/71SZnntoGdL.jpg
REV0073271_IMG05,REV0073271,B072LK2MPQ,https://images-na.ssl-images-amazon.com/images/I/71eGQ8973ML.jpg
REV0073275_IMG01,REV0073275,B07XC4T5VP,https://images-na.ssl-images-amazon.com/images/I/41qBtZYrrdL._SL1600_.jpg
REV0073294_IMG01,REV0073294,B07BTDBWY4,https://m.media-amazon.com/images/I/71dLsHIsAkL._SL1600_.jpg
REV0073294_IMG02,REV0073294,B07BTDBWY4,https://m.media-amazon.com/images/I/71y9Xe4wLIL._SL1600_.jpg
REV0073333_IMG01,REV0073333,B0837L8JFB,https://m.media-amazon.com/images/I/B1l4YTgPoeS._SL1600_.jpg
REV0073351_IMG01,REV0073351,B09PVQ4YWR,https://m.media-amazon.com/images/I/61ryGVzopFL._SL1600_.jpg
REV0073351_IMG02,REV0073351,B09PVQ4YWR,https://m.media-amazon.com/images/I/71sAcyWlzBL._SL1600_.jpg
REV0073375_IMG01,REV0073375,B01ALBMIEI,https://images-na.ssl-images-amazon.com/images/I/61EsZBOBwmL.jpg
REV0073375_IMG02,REV0073375,B01ALBMIEI,https://images-na.ssl-images-amazon.com/images/I/61G8t4G6TwL.jpg
REV0073375_IMG03,REV0073375,B01ALBMIEI,https://images-na.ssl-images-amazon.com/images/I/61G8t4G6TwL.jpg
REV0073375_IMG04,REV0073375,B01ALBMIEI,https://images-na.ssl-images-amazon.com/images/I/61XvZe52MmL.jpg
REV0073375_IMG05,REV0073375,B01ALBMIEI,https://images-na.ssl-images-amazon.com/images/I/61YUJRqyyRL.jpg
REV0073416_IMG01,REV0073416,B07V2JRKTF,https://images-na.ssl-images-amazon.com/images/I/81rsFqHt+3L._SL1600_.jpg
REV0073463_IMG01,REV0073463,B07RNJY499,https://images-na.ssl-images-amazon.com/images/I/71uBOsrAsyL.jpg
REV0073529_IMG01,REV0073529,B01GCKPNI0,https://images-na.ssl-images-amazon.com/images/I/715X2q0ThtL.jpg
REV0073529_IMG02,REV0073529,B01GCKPNI0,https://images-na.ssl-images-amazon.com/images/I/71CltZvvdtL.jpg
REV0073529_IMG03,REV0073529,B01GCKPNI0,https://images-na.ssl-images-amazon.com/images/I/71IAzG3snHL.jpg
REV0073529_IMG04,REV0073529,B01GCKPNI0,https://images-na.ssl-images-amazon.com/images/I/71YilDWu1cL.jpg
REV0073529_IMG05,REV0073529,B01GCKPNI0,https://images-na.ssl-images-amazon.com/images/I/71jUab4sS1L.jpg
REV0073544_IMG01,REV0073544,B0737B6HGR,https://images-na.ssl-images-amazon.com/images/I/61ky4Y0OmnL.jpg
REV0073544_IMG02,REV0073544,B0737B6HGR,https://images-na.ssl-images-amazon.com/images/I/71KooPPdZmL.jpg
REV0073544_IMG03,REV0073544,B0737B6HGR,https://images-na.ssl-images-amazon.com/images/I/71eLl-VD7gL.jpg
REV0073545_IMG01,REV0073545,B07CNQ1G25,https://images-na.ssl-images-amazon.com/images/I/611HIx3UNmL._SL1600_.jpg
REV0073564_IMG01,REV0073564,B085R91V61,https://images-na.ssl-images-amazon.com/images/I/A1zb6aUyd4L._SL1600_.jpg
REV0073592_IMG01,REV0073592,B0BX9GK3PB,https://images-na.ssl-images-amazon.com/images/I/41IihttwrZL._SL1600_.jpg
REV0073592_IMG02,REV0073592,B0BX9GK3PB,https://images-na.ssl-images-amazon.com/images/I/51AJIVMs-TL._SL1600_.jpg
REV0073598_IMG01,REV0073598,B0BD5717BX,https://m.media-amazon.com/images/I/714G0NQlR2L._SL1600_.jpg
REV0073653_IMG01,REV0073653,B08M1JZP9P,https://m.media-amazon.com/images/I/61RsP0oGdVL._SL1600_.jpg
REV0073672_IMG01,REV0073672,B08FDD8GZN,https://images-na.ssl-images-amazon.com/images/I/71K706nCINL.jpg
REV0073672_IMG02,REV0073672,B08FDD8GZN,https://images-na.ssl-images-amazon.com/images/I/71v3eTxJvWL.jpg
REV0073704_IMG01,REV0073704,B07QFPKG9V,https://m.media-amazon.com/images/I/61ZV5-KmT0L._SL1600_.jpg
REV0073757_IMG01,REV0073757,B0B4688PJS,https://m.media-amazon.com/images/I/61P2l9etmhL._SL1600_.jpg
REV0073757_IMG02,REV0073757,B0B4688PJS,https://m.media-amazon.com/images/I/71NxJ5woPAL._SL1600_.jpg
REV0073761_IMG01,REV0073761,B09M45QYY1,https://images-na.ssl-images-amazon.com/images/I/61X-yqsL8iL._SL1600_.jpg
REV0073815_IMG01,REV0073815,B008B80FTE,https://images-na.ssl-images-amazon.com/images/I/71dHlQc85uL._SL1600_.jpg
REV0073820_IMG01,REV0073820,B07QC7JRDP,https://images-na.ssl-images-amazon.com/images/I/B1PhKc4b6aS._SL1600_.jpg
REV0073845_IMG01,REV0073845,B07854PBL9,https://images-na.ssl-images-amazon.com/images/I/71I9vfTuH8L._SL1600_.jpg
REV0073845_IMG02,REV0073845,B07854PBL9,https://images-na.ssl-images-amazon.com/images/I/71VM-vJXz0L._SL1600_.jpg
REV0073879_IMG01,REV0073879,B07BR4N64W,https://images-na.ssl-images-amazon.com/images/I/71uIhgPOfFL.jpg
REV0073883_IMG01,REV0073883,B0BNN6GLK7,https://m.media-amazon.com/images/I/61Z8pqZ0sYL._SL1600_.jpg
REV0073896_IMG01,REV0073896,B01N75LD14,https://images-na.ssl-images-amazon.com/images/I/61uHE0cvQaL._SL1600_.jpg
REV0073896_IMG02,REV0073896,B01N75LD14,https://images-na.ssl-images-amazon.com/images/I/71KgBMMnYeL.jpg
REV0073951_IMG01,REV0073951,B013TI7A4S,https://m.media-amazon.com/images/I/61d+bBdYv1L._SL1600_.jpg
REV0073951_IMG02,REV0073951,B013TI7A4S,https://m.media-amazon.com/images/I/61xGhTN4p4L._SL1600_.jpg
REV0073995_IMG01,REV0073995,B0C1SD4213,https://images-na.ssl-images-amazon.com/images/I/81GL8b2xsFL._SL1600_.jpg
REV0073995_IMG02,REV0073995,B0C1SD4213,https://images-na.ssl-images-amazon.com/images/I/81qe3DFuoeL._SL1600_.jpg
REV0074026_IMG01,REV0074026,B00UB25GFQ,https://images-na.ssl-images-amazon.com/images/I/71VckpJpGqL.jpg
REV0074071_IMG01,REV0074071,B00IB4BMDQ,https://images-na.ssl-images-amazon.com/images/I/710hTiMP7AL.jpg
REV0074071_IMG02,REV0074071,B00IB4BMDQ,https://images-na.ssl-images-amazon.com/images/I/714Pt1HswqL.jpg
REV0074071_IMG03,REV0074071,B00IB4BMDQ,https://images-na.ssl-images-amazon.com/images/I/71l+GKD9qGL.jpg
REV0074081_IMG01,REV0074081,B08RYRRYR1,https://m.media-amazon.com/images/I/71pI3ODAetL._SL1600_.jpg
REV0074086_IMG01,REV0074086,B07Q9KKR6D,https://m.media-amazon.com/images/I/61SzUxvI-QL._SL1600_.jpg
REV0074102_IMG01,REV0074102,B00DM8L8DK,https://images-na.ssl-images-amazon.com/images/I/81nA11XFxwL.jpg
REV0074109_IMG01,REV0074109,B095JZSH3X,https://m.media-amazon.com/images/I/B1rqtZp+lbS._SL1600_.jpg
REV0074109_IMG02,REV0074109,B095JZSH3X,https://m.media-amazon.com/images/I/C1WekxJBsQS._SL1600_.jpg
REV0074113_IMG01,REV0074113,B0763SGBC6,https://m.media-amazon.com/images/I/C1ufRb7xBSS._SL1600_.jpg
REV0074133_IMG01,REV0074133,B075GT81TY,https://images-na.ssl-images-amazon.com/images/I/71EHyLAvjYL.jpg
REV0074136_IMG01,REV0074136,B01N0TQ0OH,https://images-na.ssl-images-amazon.com/images/I/71PoomWjsaL.jpg
REV0074136_IMG02,REV0074136,B01N0TQ0OH,https://images-na.ssl-images-amazon.com/images/I/71bjqBMBWaL.jpg
REV0074136_IMG03,REV0074136,B01N0TQ0OH,https://images-na.ssl-images-amazon.com/images/I/71tgNPfZ0lL.jpg
REV0074168_IMG01,REV0074168,B093KLWWZZ,https://m.media-amazon.com/images/I/71VEvpjXXrL._SL1600_.jpg
REV0074184_IMG01,REV0074184,B07WTXWC32,https://images-na.ssl-images-amazon.com/images/I/81270Puu41L._SL1600_.jpg
REV0074186_IMG01,REV0074186,B081K4Q6KQ,https://m.media-amazon.com/images/I/61PtbSz4zUL._SL1600_.jpg
REV0074196_IMG01,REV0074196,B09WKP246S,https://images-na.ssl-images-amazon.com/images/I/81vDWZj7RnL.jpg
REV0074204_IMG01,REV0074204,B0C8J6NNBT,https://images-na.ssl-images-amazon.com/images/I/A18LHo33BrL._SL1600_.jpg
REV0074204_IMG02,REV0074204,B0C8J6NNBT,https://images-na.ssl-images-amazon.com/images/I/A1UGu5jd3BL._SL1600_.jpg
REV0074204_IMG03,REV0074204,B0C8J6NNBT,https://images-na.ssl-images-amazon.com/images/I/A1anhtgujEL._SL1600_.jpg
REV0074204_IMG04,REV0074204,B0C8J6NNBT,https://images-na.ssl-images-amazon.com/images/I/A1axNGG3ciL._SL1600_.jpg
REV0074204_IMG05,REV0074204,B0C8J6NNBT,https://images-na.ssl-images-amazon.com/images/I/A1rGAyOKf6L._SL1600_.jpg
REV0074204_IMG06,REV0074204,B0C8J6NNBT,https://images-na.ssl-images-amazon.com/images/I/C12Yuxd2NYS._SL1600_.jpg
REV0074214_IMG01,REV0074214,B0BTBTK796,https://images-na.ssl-images-amazon.com/images/I/71sLDyu5iAL.jpg
REV0074239_IMG01,REV0074239,B09478MRGZ,https://images-na.ssl-images-amazon.com/images/I/81dSrWA7s5L._SL1600_.jpg
REV0074268_IMG01,REV0074268,B07WLD3SQM,https://images-na.ssl-images-amazon.com/images/I/816KZS+Vr4L._SL1600_.jpg
REV0074286_IMG01,REV0074286,B078X1Y73X,https://m.media-amazon.com/images/I/615zsFPDv+L._SL1600_.jpg
REV0074303_IMG01,REV0074303,B004H3XWB0,https://images-na.ssl-images-amazon.com/images/I/719XcbHcdML.jpg
REV0074321_IMG01,REV0074321,B07DQFHTVS,https://m.media-amazon.com/images/I/71svdZ1wO3L._SL1600_.jpg
REV0074327_IMG01,REV0074327,B000VYMXAU,https://images-na.ssl-images-amazon.com/images/I/911wvv+fNIL._SL1600_.jpg
REV0074335_IMG01,REV0074335,B0148LTQR4,https://m.media-amazon.com/images/I/61HgvlOdOqL._SL1600_.jpg
REV0074387_IMG01,REV0074387,B07QC7JRDP,https://images-na.ssl-images-amazon.com/images/I/61xbkcem9ML.jpg
REV0074442_IMG01,REV0074442,B00LGU91RG,https://images-na.ssl-images-amazon.com/images/I/71v-0KtyeuL.jpg
REV0074548_IMG01,REV0074548,B08PF36P29,https://m.media-amazon.com/images/I/51FqrSpbgtL._SL1600_.jpg
REV0074549_IMG01,REV0074549,B09VTZ54J7,https://m.media-amazon.com/images/I/81i0wFx5W0L._SL1600_.jpg
REV0074554_IMG01,REV0074554,B09CKTB98W,https://m.media-amazon.com/images/I/719I3IhvDIL._SL1600_.jpg
REV0074570_IMG01,REV0074570,B07V5Y8375,https://images-na.ssl-images-amazon.com/images/I/817EljwZdWL._SL1600_.jpg
REV0074570_IMG02,REV0074570,B07V5Y8375,https://images-na.ssl-images-amazon.com/images/I/81Ox23wyrnL._SL1600_.jpg
REV0074571_IMG01,REV0074571,B073PM5CWW,https://images-na.ssl-images-amazon.com/images/I/71MFwKRItML.jpg
REV0074609_IMG01,REV0074609,B085NL55DK,https://m.media-amazon.com/images/I/71lP5VVaYKL._SL1600_.jpg
REV0074613_IMG01,REV0074613,B00DM8KOLW,https://images-na.ssl-images-amazon.com/images/I/71-sygANajL._SL1600_.jpg
REV0074613_IMG02,REV0074613,B00DM8KOLW,https://images-na.ssl-images-amazon.com/images/I/71zU94XVNiL._SL1600_.jpg
REV0074621_IMG01,REV0074621,B08ZH72Z98,https://m.media-amazon.com/images/I/71ggpvGMVyL._SL1600_.jpg
REV0074623_IMG01,REV0074623,B0C36XXTMG,https://m.media-amazon.com/images/I/611OnqbOtnL._SL1600_.jpg
REV0074656_IMG01,REV0074656,B08RYRRYR1,https://m.media-amazon.com/images/I/71a1u0eThNL._SL1600_.jpg
REV0074662_IMG01,REV0074662,B01GADB068,https://images-na.ssl-images-amazon.com/images/I/61DULm8YfuL._SL1600_.jpg
REV0074662_IMG02,REV0074662,B01GADB068,https://images-na.ssl-images-amazon.com/images/I/71mJVbFSKSL._SL1600_.jpg
REV0074671_IMG01,REV0074671,B07VRDN8B9,https://images-na.ssl-images-amazon.com/images/I/71IkEMasxXL.jpg
REV0074700_IMG01,REV0074700,B0C5PR3NWJ,https://images-na.ssl-images-amazon.com/images/I/61FeOWFtAOL.jpg
REV0074712_IMG01,REV0074712,B089YC6672,https://m.media-amazon.com/images/I/71Ct+TAUcfL._SL1600_.jpg
REV0074712_IMG02,REV0074712,B089YC6672,https://m.media-amazon.com/images/I/71Z6mEpD64L._SL1600_.jpg
REV0074712_IMG03,REV0074712,B089YC6672,https://m.media-amazon.com/images/I/71bitTI4RhL._SL1600_.jpg
REV0074712_IMG04,REV0074712,B089YC6672,https://m.media-amazon.com/images/I/81MuGulxMXL._SL1600_.jpg
REV0074731_IMG01,REV0074731,B0BGTBHC7P,https://images-na.ssl-images-amazon.com/images/I/71heqr-IjCL._SL1600_.jpg
REV0074733_IMG01,REV0074733,B088LYGYS5,https://images-na.ssl-images-amazon.com/images/I/814MpfDnAxL._SL1600_.jpg
REV0074733_IMG02,REV0074733,B088LYGYS5,https://images-na.ssl-images-amazon.com/images/I/91ZA4sX17uL._SL1600_.jpg
REV0074749_IMG01,REV0074749,B07CYNWTXK,https://images-na.ssl-images-amazon.com/images/I/818ZoGqEdbL._SL1600_.jpg
REV0074768_IMG01,REV0074768,B07M8JMYHQ,https://images-na.ssl-images-amazon.com/images/I/71TYanjsSOL.jpg
REV0074768_IMG02,REV0074768,B07M8JMYHQ,https://images-na.ssl-images-amazon.com/images/I/71TYanjsSOL.jpg
REV0074768_IMG03,REV0074768,B07M8JMYHQ,https://images-na.ssl-images-amazon.com/images/I/71jXfWDtGRL.jpg
REV0074768_IMG04,REV0074768,B07M8JMYHQ,https://images-na.ssl-images-amazon.com/images/I/71wWc5yowCL.jpg
REV0074827_IMG01,REV0074827,B0B1ZLCCL3,https://m.media-amazon.com/images/I/618vb9pl3KL._SL1600_.jpg
REV0074885_IMG01,REV0074885,B07B7JMX66,https://images-na.ssl-images-amazon.com/images/I/71-L5R46r-L.jpg
REV0074885_IMG02,REV0074885,B07B7JMX66,https://images-na.ssl-images-amazon.com/images/I/81Ew7bhIA8L.jpg
REV0074905_IMG01,REV0074905,B0BHVBRK6H,https://m.media-amazon.com/images/I/61tNqvajbIL._SL1600_.jpg
REV0074905_IMG02,REV0074905,B0BHVBRK6H,https://m.media-amazon.com/images/I/61z4Lmsd3BL._SL1600_.jpg
REV0074922_IMG01,REV0074922,B013EPVW2C,https://images-na.ssl-images-amazon.com/images/I/71bV6Vo4QmL.jpg
REV0074940_IMG01,REV0074940,B0C69HCVRM,https://m.media-amazon.com/images/I/71L4e7c3sLL._SL1600_.jpg
REV0074990_IMG01,REV0074990,B085R91V61,https://images-na.ssl-images-amazon.com/images/I/91YkzbHO1jL._SL1600_.jpg
REV0074990_IMG02,REV0074990,B085R91V61,https://images-na.ssl-images-amazon.com/images/I/91nTrTykZmL._SL1600_.jpg
